Price,Close,Close,Close,Close,High,High,High,High,Low,Low,Low,Low,Open,Open,Open,Open,Volume,Volume,Volume,Volume
Ticker,AMD,MSFT,NVDA,^IXIC,AMD,MSFT,NVDA,^IXIC,AMD,MSFT,NVDA,^IXIC,AMD,MSFT,NVDA,^IXIC,AMD,MSFT,NVDA,^IXIC
2018-01-02,10.979999542236328,78.69990539550781,4.928264617919922,7006.89990234375,11.020000457763672,79.02953907768298,4.93197318893543,7006.91015625,10.34000015258789,78.28786678570712,4.808364843062646,6924.080078125,10.420000076293945,78.8647222365954,4.8400081722055255,6937.64990234375,44146300,22483800,355616000,1929700000
2018-01-03,11.550000190734863,79.066162109375,5.252614498138428,7065.52978515625,12.140000343322754,79.21266906606273,5.283022431580959,7069.14990234375,11.359999656677246,78.71821856599594,5.037041544979342,7016.7001953125,11.609999656677246,78.80062348975564,5.04569409396009,7017.06982421875,154066700,26061400,914704000,2173130000
2018-01-04,12.119999885559082,79.7620620727539,5.28030252456665,7077.91015625,12.430000305175781,80.2656710412665,5.390561458402305,7098.0498046875,11.970000267028809,79.26761153616974,5.2580529787285135,7072.3798828125,12.100000381469727,79.28592141418987,5.333948798451929,7089.5,109503000,21912000,583268000,2103220000
2018-01-05,11.880000114440918,80.75094604492188,5.325050354003906,7136.56005859375,12.220000267028809,80.95238958966628,5.362379862490228,7137.0400390625,11.65999984741211,80.05505206830534,5.218252415903529,7097.080078125,12.1899995803833,80.26565404303865,5.295137048095336,7105.740234375,63808900,23407100,580124000,2024000000
2018-01-08,12.279999732971191,80.83335876464844,5.488213539123535,7157.39013671875,12.300000190734863,81.10805580416533,5.562378395789262,7161.35009765625,11.850000381469727,80.21071819613458,5.403665149857094,7124.08984375,12.010000228881836,80.76010528933247,5.4486588860313265,7135.3798828125,63346000,22113000,881216000,2055010000
2018-01-09,11.819999694824219,80.77842712402344,5.486730098724365,7163.580078125,12.020000457763672,81.24540932561654,5.533206792436085,7181.14013671875,11.710000038146973,80.44879345064436,5.4051485679476965,7148.2998046875,12.0,81.17215584579088,5.493652139424891,7174.18994140625,62560900,19484300,497000000,2155810000
2018-01-10,11.960000038146973,80.41217803955078,5.529743194580078,7153.56982421875,12.149999618530273,80.75097019209767,5.533204213317102,7154.240234375,11.5600004196167,80.03676612776825,5.339880854318628,7111.52001953125,11.630000114440918,80.44880478462373,5.394268358975929,7129.830078125,52561200,18652200,582664000,2132430000
2018-01-11,12.140000343322754,80.65022277832031,5.539633274078369,7211.77978515625,12.1899995803833,80.6960009557462,5.593773709416241,7211.77978515625,11.899999618530273,79.88107534771325,5.518124971293101,7163.22998046875,12.069999694824219,80.6960009557462,5.562376981636238,7168.72998046875,38354900,17808900,406032000,2015170000
2018-01-12,12.020000457763672,82.0420150756836,5.512439250946045,7261.06005859375,12.069999694824219,82.20683190606695,5.562129871196444,7265.259765625,11.800000190734863,80.98901904744741,5.47189581277833,7205.18017578125,11.819999694824219,81.19046261634222,5.527766757558744,7208.169921875,47149300,24271500,359916000,1986600000
2018-01-16,11.90999984741211,80.89746856689453,5.441487789154053,7223.68994140625,12.199999809265137,83.13165107075305,5.624428127036779,7330.330078125,11.800000190734863,80.58615171876326,5.356939894778928,7205.93017578125,12.050000190734863,82.49985195610911,5.5388914373368765,7307.18994140625,42686600,36599700,702348000,2399790000
2018-01-17,12.180000305175781,82.5364761352539,5.555454730987549,7298.27978515625,12.1899995803833,82.66466624354001,5.56534315560548,7309.35986328125,11.819999694824219,81.26372649881547,5.362131337998211,7229.31982421875,11.899999618530273,81.56589189084856,5.456073493746901,7257.77001953125,39020800,25621200,538408000,2245910000
2018-01-18,12.470000267028809,82.49984741210938,5.548534393310547,7296.0498046875,12.680000305175781,83.02176626498765,5.602921924204056,7313.89013671875,12.149999618530273,82.09696721823776,5.505024085678541,7276.10986328125,12.180000305175781,82.22515732344738,5.536173269337932,7293.64990234375,62086200,24159700,408632000,2037410000
2018-01-19,12.59000015258789,82.40827178955078,5.6887054443359375,7336.3798828125,12.880000114440918,82.96681730165793,5.712932584000922,7336.3798828125,12.539999961853027,82.0969550048803,5.611821290895013,7297.27978515625,12.5600004196167,82.53646187568988,5.638767736018307,7312.0,46800700,36875000,609380000,2005470000
2018-01-22,12.649999618530273,83.88247680664062,5.77720832824707,7408.02978515625,12.739999771118164,83.89163523863255,5.778938838020236,7408.02978515625,12.369999885559082,82.17021328766411,5.639014155824704,7332.81005859375,12.609999656677246,82.40828361859657,5.696615611786597,7338.0400390625,34758600,23601600,550944000,2118310000
2018-01-23,12.9399995803833,84.14801025390625,5.906255722045898,7460.2900390625,13.0,84.51427066677205,5.928999429795258,7465.39013671875,12.760000228881836,83.81837658091067,5.812066009441394,7423.18017578125,12.819999694824219,84.14801025390625,5.830606983285832,7424.9501953125,46417200,23412800,475228000,2135840000
2018-01-24,12.710000038146973,84.07476043701172,5.829372406005859,7415.06005859375,13.050000190734863,85.54895359829072,5.945317056842168,7486.31982421875,12.600000381469727,83.85500697405287,5.773748529020101,7376.75,13.020000457763672,84.74318624355053,5.909470505948162,7474.16015625,41956400,33277500,579972000,2287320000
2018-01-25,12.40999984741211,84.54174041748047,5.842968940734863,7411.16015625,12.9399995803833,85.37497605977458,5.927022687812408,7458.52978515625,12.319999694824219,84.17547999836634,5.828136065229593,7388.580078125,12.779999732971191,84.66993051629495,5.883759466256507,7457.9501953125,42966600,26383200,409884000,2081380000
2018-01-26,12.949999809265137,86.12583923339844,6.015524387359619,7505.77001953125,12.949999809265137,86.12583923339844,6.015771468275079,7505.77001953125,12.619999885559082,84.77068425354909,5.87386922060458,7431.22021484375,12.699999809265137,85.26513495782031,5.8867245011354505,7448.330078125,44239000,29172200,516356000,2080700000
2018-01-29,13.319999694824219,85.99761199951172,6.102545261383057,7466.509765625,13.470000267028809,87.39855156453403,6.13369490720129,7500.60986328125,13.050000190734863,85.81448529283227,5.948282347142214,7455.5498046875,13.130000114440918,87.11470307343008,6.00093935199318,7484.47021484375,66645400,31569900,455116000,2114420000
2018-01-30,12.869999885559082,84.91716003417969,6.0004448890686035,7402.47998046875,13.270000457763672,85.75956117079346,6.09191529543601,7433.64990234375,12.6899995803833,84.33114610443617,5.893894528549444,7373.990234375,13.119999885559082,85.42992746208309,5.960643165234156,7388.89013671875,91236400,38635100,570832000,2183420000
2018-01-31,13.739999771118164,86.99566650390625,6.0765886306762695,7411.47998046875,13.850000381469727,87.35276845186678,6.162372886297122,7453.990234375,13.149999618530273,85.62219532380091,6.043214307710105,7381.1201171875,13.239999771118164,85.84194875658378,6.075846916184319,7443.25,140977800,48756300,478576000,2428990000
2018-02-01,13.25,86.3089370727539,5.945562362670898,7385.85986328125,13.84000015258789,87.96625684621124,6.103781395693679,7441.08984375,13.210000038146973,85.68629648057518,5.885241606830483,7362.27978515625,13.619999885559082,86.79422913995393,5.8966134598439695,7377.169921875,67543300,47227900,519224000,2311180000
2018-02-02,12.449999809265137,84.03812408447266,5.773005485534668,7240.9501953125,13.0600004196167,86.04339428891846,5.883017337594963,7364.43017578125,12.430000305175781,83.78174390936897,5.714909868748377,7238.18017578125,13.050000190734863,85.74122894575947,5.859037282181849,7347.58984375,79432600,47867800,718464000,2607160000
2018-02-05,11.569999694824219,80.57698059082031,5.283021450042725,6967.52978515625,12.180000305175781,85.37497156996687,5.765835479580123,7277.35986328125,10.930000305175781,80.57698059082031,5.067942698768792,6967.52978515625,12.050000190734863,82.92103597254027,5.611819664809024,7165.9599609375,116568900,51031500,1165204000,3143210000
2018-02-06,11.649999618530273,83.62609100341797,5.576716423034668,7115.8798828125,11.739999771118164,83.76343953076176,5.5796828094628586,7126.5498046875,11.0,78.05895231699519,5.043222362588904,6824.81982421875,11.039999961853027,79.56061371472502,5.053111260406739,6837.56005859375,87123200,67998600,1114800000,3148270000
2018-02-07,11.600000381469727,82.0511703491211,5.656320095062256,7051.97998046875,11.899999618530273,84.02896525177215,5.808853001810103,7170.33984375,11.529999732971191,81.67575153320365,5.604404794143706,7051.52978515625,11.699999809265137,82.8569376078551,5.675603257923874,7086.2001953125,55758400,41107600,802932000,2380020000
2018-02-08,11.220000267028809,77.83920288085938,5.37746000289917,6777.16015625,11.850000381469727,82.29840213306117,5.815033378045082,7073.990234375,11.210000038146973,77.61029098542112,5.377212450372198,6776.77001953125,11.720000267028809,82.14274372076396,5.781906606178712,7067.2998046875,56471800,55628700,1144000000,2730740000
2018-02-09,11.3100004196167,80.74177551269531,5.7374067306518555,6874.490234375,11.569999694824219,81.42851095638942,5.905761287357009,6917.009765625,10.630000114440918,76.75871133643632,5.37745927526838,6630.669921875,11.539999961853027,79.02036118206905,5.889939618088343,6863.33984375,85458200,63499100,1674604000,3165330000
2018-02-12,11.680000305175781,81.6116943359375,5.637284278869629,6981.9599609375,11.800000190734863,82.2068668646328,5.821460992964067,7023.6201171875,11.430000305175781,80.51291965668389,5.563119431257505,6879.68994140625,11.470000267028809,81.25459221588812,5.818494135003565,6936.68017578125,63160900,35720300,1093172000,2250650000
2018-02-13,11.779999732971191,82.25261688232422,5.751004219055176,7013.509765625,11.819999694824219,82.40827528125483,5.797233825982517,7025.68017578125,11.529999732971191,80.39385356871412,5.568558015791659,6938.16015625,11.600000381469727,81.42853273234446,5.600943543045118,6942.16015625,33661400,26407700,625524000,1830320000
2018-02-14,12.199999809265137,83.54057312011719,5.968307018280029,7143.6201171875,12.3100004196167,83.70616423409645,5.9972315222991,7152.0498046875,11.630000114440918,81.33270095859973,5.699582428847461,6977.06982421875,11.720000267028809,81.42469446222056,5.710707201814138,6979.240234375,51756800,34960900,744988000,2217630000
2018-02-15,12.1899995803833,85.242431640625,6.093894004821777,7256.43017578125,12.630000114440918,85.29762630482641,6.140123614163556,7256.93017578125,12.069999694824219,83.365735852626,5.970780238771598,7130.39013671875,12.399999618530273,83.90850210034013,6.051620049105671,7200.75,59593800,27823900,698900000,2124060000
2018-02-16,11.819999694824219,84.63528442382812,6.028133869171143,7239.47021484375,12.229999542236328,86.01520753943402,6.180419206023918,7303.259765625,11.819999694824219,84.45129748254143,6.018986686540401,7226.3798828125,12.109999656677246,85.04925855104912,6.066699718966789,7236.509765625,47332300,30596900,637656000,2037710000
2018-02-20,12.020000457763672,85.29766082763672,6.15767765045166,7234.31005859375,12.1899995803833,85.61044007623705,6.226650986931552,7295.9501953125,11.710000038146973,83.72454909335485,6.046924039339311,7206.0,11.720000267028809,84.15692618766359,6.05063261279917,7209.02978515625,47096500,30911700,686240000,1921870000
2018-02-21,11.720000267028809,84.16612243652344,5.9705328941345215,7218.22998046875,12.119999885559082,85.88642939685167,6.229122029642264,7338.64013671875,11.720000267028809,84.16612243652344,5.966824792907269,7218.10986328125,12.119999885559082,85.53685134347427,6.2221999892027835,7258.47998046875,40195800,26922500,892292000,1956120000
2018-02-22,11.84000015258789,84.38690185546875,5.9900736808776855,7210.08984375,12.0,85.30685060470304,6.0761584658693994,7280.93017578125,11.630000114440918,84.04651829153737,5.924520682348709,7194.83984375,11.819999694824219,84.68128517447765,6.00442130231682,7252.4599609375,37886300,24392800,534364000,1927580000
2018-02-23,12.069999694824219,86.53040313720703,6.083581447601318,7337.39013671875,12.15999984741211,86.53960459268991,6.083581447601318,7337.830078125,11.9399995803833,84.96649260051174,5.9992282241088875,7232.5,11.949999809265137,86.10722742749718,6.049939146392691,7261.35009765625,33317600,26329200,415300000,1887540000
2018-02-26,12.420000076293945,87.7815170288086,6.099658966064453,7421.4599609375,12.430000305175781,87.80911437115007,6.134290667725152,7421.85009765625,12.050000190734863,86.70517856557466,6.037321431253648,7360.25,12.140000343322754,86.84317229593475,6.129838087771854,7373.2998046875,42265200,30199800,469312000,1876560000
2018-02-27,12.529999732971191,86.65916442871094,6.086795806884766,7330.35009765625,12.880000114440918,88.16787972992923,6.157296327600096,7438.08984375,12.390000343322754,86.65916442871094,6.063790259578754,7330.35009765625,12.430000305175781,88.07588626398207,6.072942654144722,7416.169921875,55975300,25869100,455436000,2162250000
2018-02-28,12.109999656677246,86.26360321044922,5.986363887786865,7273.009765625,12.729999542236328,88.04830627991602,6.1372595114285735,7386.7998046875,12.100000381469727,86.13481092900862,5.9747372600246305,7273.009765625,12.65999984741211,87.2479482292612,6.0976802850482965,7371.41015625,43387500,31167300,523116000,2384940000
2018-03-01,11.899999618530273,85.41722106933594,5.7441887855529785,7180.56005859375,12.270000457763672,86.99953369101331,6.038064781515423,7307.85009765625,11.65999984741211,84.48807107290438,5.643014183931714,7117.66015625,12.260000228881836,86.4659618500011,5.984137927134577,7274.75,63207400,37135600,1040120000,2499010000
2018-03-02,11.8100004196167,85.60123443603516,5.8513007164001465,7257.8701171875,11.930000305175781,85.69322790777878,5.85773258995665,7267.18994140625,11.430000305175781,83.58654441718551,5.4879135432873,7084.830078125,11.670000076293945,84.24890864358277,5.636583148776854,7099.5400390625,58123500,32830400,913428000,2291480000
2018-03-05,11.90999984741211,86.14399719238281,5.829285144805908,7330.7099609375,12.0600004196167,86.723562356665,5.868864381493921,7350.06982421875,11.609999656677246,84.87447049119965,5.677646834480898,7205.31005859375,11.6899995803833,84.94806105429379,5.801084832505812,7222.89013671875,43734800,23901600,620776000,2076870000
2018-03-06,11.760000228881836,85.84961700439453,5.990322589874268,7372.009765625,12.050000190734863,86.92595535660489,6.009617737454575,7378.02978515625,11.710000038146973,85.50003900637334,5.871584889672161,7319.68017578125,12.010000228881836,86.78796164047876,5.9146272941998825,7366.60986328125,46751200,22175800,636808000,2132920000
2018-03-07,12.239999771118164,86.34638977050781,5.982405185699463,7396.64990234375,12.819999694824219,86.4199873545871,6.034600444574324,7403.7900390625,11.550000190734863,85.03086278436122,5.886178124393155,7311.740234375,11.579999923706055,85.70242845644385,5.88741476867348,7311.740234375,127603200,26716100,581208000,2198610000
2018-03-08,11.970000267028809,86.8707504272461,5.966078281402588,7427.9501953125,12.59000015258789,87.48711433207572,6.009862845942659,7435.009765625,11.739999771118164,86.26358095539521,5.921798776095885,7391.5,12.399999618530273,86.72355527577275,6.009862845942659,7422.77001953125,76011200,25887800,411912000,2277740000
2018-03-09,11.699999809265137,88.81184387207031,6.06873893737793,7560.81005859375,12.039999961853027,88.81184387207031,6.081601739121654,7560.81005859375,11.579999923706055,87.3951221031081,5.997496227771388,7469.02978515625,12.029999732971191,87.66190805492415,6.013574965861866,7475.97998046875,89674400,36937300,505524000,2310050000
2018-03-12,11.520000457763672,89.02345275878906,6.178322792053223,7588.31982421875,11.819999694824219,89.42823252436827,6.2584706508537735,7609.10009765625,11.479999542236328,88.3518939862452,6.101885338103513,7563.43994140625,11.760000228881836,88.77506964178112,6.110048794961251,7581.0400390625,83748700,26073700,605060000,2314480000
2018-03-13,11.640000343322754,86.85235595703125,6.127612113952637,7511.009765625,12.039999961853027,89.45580531859048,6.295576825782928,7637.27001953125,11.100000381469727,86.44757630253882,6.086301302729314,7492.97998046875,11.5,89.23501960643607,6.2211181886825155,7627.52001953125,174302600,35387800,619772000,2459220000
2018-03-14,11.359999656677246,86.33718872070312,6.153092384338379,7496.81005859375,11.720000267028809,87.77231354233815,6.197866373031405,7544.89013671875,11.260000228881836,86.01520806216871,6.09075483417703,7473.89990234375,11.699999809265137,87.5055275627948,6.170655473985037,7539.77978515625,80540800,32132000,505496000,2112950000
2018-03-15,11.460000038146973,86.64078521728516,6.167932987213135,7481.740234375,11.550000190734863,87.00876617054446,6.249070251987616,7525.43994140625,11.1899995803833,85.39885564135628,6.125880004227634,7463.18994140625,11.430000305175781,86.04281704557039,6.166696342928952,7509.240234375,66373900,27611000,401952000,2008290000
2018-03-16,11.470000267028809,87.02716064453125,6.196134090423584,7481.990234375,11.550000190734863,87.74471963145847,6.215181528884437,7514.2099609375,11.319999694824219,86.40159513975958,6.146659819872974,7473.68017578125,11.489999771118164,87.1007582377168,6.184260227745709,7504.3701171875,37591000,49081300,399456000,3089970000
2018-03-19,11.430000305175781,85.45404815673828,5.961627960205078,7344.240234375,11.739999771118164,86.38319846091478,6.168182060202741,7421.22998046875,11.350000381469727,84.73648917637232,5.862679874223511,7285.27001953125,11.40999984741211,86.2360032758896,6.139240045839461,7419.2001953125,53308600,33344100,713772000,2352810000
2018-03-20,11.109999656677246,85.67481994628906,6.17387056350708,7364.2998046875,11.520000457763672,86.26358655308559,6.212707614865484,7380.740234375,11.0,85.555229141945,5.964595036483192,7331.240234375,11.40999984741211,85.60122938442818,5.964595036483192,7353.25,65116900,23075200,554696000,1976000000
2018-03-21,11.260000228881836,85.07686614990234,6.14863920211792,7345.2900390625,11.34000015258789,86.52118545184291,6.233734590134205,7415.66015625,11.109999656677246,84.82847604918616,6.118212369579902,7325.35009765625,11.15999984741211,85.49084029289305,6.167438934509641,7347.5,44691700,24457100,438688000,1999230000
2018-03-22,10.90999984741211,82.60218811035156,5.982653617858887,7166.68017578125,11.260000228881836,84.40528657812015,6.131818143198124,7303.18994140625,10.850000381469727,82.48259731548386,5.945300913799588,7164.3798828125,11.100000381469727,83.96370814868757,6.085312571074525,7257.5498046875,59944200,38604700,551196000,2370970000
2018-03-23,10.630000114440918,80.20111083984375,5.762988567352295,6992.669921875,10.970000267028809,83.21854080924149,5.998732345338732,7194.31005859375,10.569999694824219,80.10911739319627,5.75185688020973,6992.669921875,10.90999984741211,82.33539108785557,5.996258584660206,7170.68017578125,54844500,44068900,735620000,2455760000
2018-03-26,10.4399995803833,86.27279663085938,6.0477118492126465,7220.5400390625,10.800000190734863,86.47518648817777,6.0489484936768525,7225.830078125,10.180000305175781,83.1633722391695,5.835468083804829,7022.33984375,10.710000038146973,83.35656064334098,5.887415644090622,7125.2001953125,75878500,56396800,611424000,2341370000
2018-03-27,10.0,82.30779266357422,5.578697204589844,7008.81005859375,10.59000015258789,87.52389892628887,6.1842599251353825,7255.5400390625,9.899999618530273,81.42464295390693,5.438438329146964,6963.68017578125,10.510000228881836,87.33991203543525,6.128601491444846,7255.47021484375,68551300,56569000,1409000000,2347480000
2018-03-28,9.8100004196167,82.23422241210938,5.4755449295043945,6949.22998046875,10.170000076293945,83.92693184848972,5.674430509483498,7036.08984375,9.789999961853027,81.75585212581954,5.367938916608579,6901.06982421875,9.989999771118164,82.62980067561247,5.544313883932259,6978.2998046875,64832100,52501100,945904000,2551950000
2018-03-29,10.050000190734863,83.9637222290039,5.728852272033691,7063.4501953125,10.079999923706055,84.90207391691112,5.825573829805033,7120.4599609375,9.8100004196167,81.3234737171022,5.459465682004875,6935.77978515625,9.9399995803833,82.9609814257672,5.543818906172546,6984.66015625,48681400,45867500,916628000,2593390000
2018-04-02,9.529999732971191,81.43383026123047,5.468121528625488,6870.1201171875,10.140000343322754,83.60490907288813,5.80454535899915,7044.7099609375,9.510000228881836,80.50468741945998,5.380305166727556,6805.9599609375,9.989999771118164,83.22773387404007,5.658349578814529,7016.169921875,64824600,48515400,922092000,2402670000
2018-04-03,9.550000190734863,82.52861785888672,5.574492454528809,6941.27978515625,9.770000457763672,82.84140414550969,5.69817766625001,6963.7099609375,9.300000190734863,80.85431108316148,5.475544379516176,6835.22998046875,9.630000114440918,82.4090270244254,5.635098415873719,6924.35009765625,54891600,37213800,667432000,2330900000
2018-04-04,9.770000457763672,84.93887329101562,5.596508026123047,7042.10986328125,9.8100004196167,85.33445155065061,5.606897537555102,7059.2900390625,9.039999961853027,80.707110269423,5.293726428403644,6811.77001953125,9.079999923706055,80.8174996320592,5.318710797107623,6811.77001953125,67356900,35560000,789168000,2261580000
2018-04-05,10.020000457763672,84.98486328125,5.476285934448242,7076.5498046875,10.199999809265137,85.61963016683214,5.667997896529313,7112.3798828125,9.90999984741211,84.08331743369332,5.404795999636376,7036.6201171875,10.050000190734863,85.04006497911713,5.6548873901333,7099.25,65758800,29771900,701240000,2153030000
2018-04-06,9.609999656677246,83.00699615478516,5.2999114990234375,6915.10986328125,10.100000381469727,85.05847836573864,5.481728923775231,7066.64013671875,9.5,82.31703444803648,5.270721779495073,6877.759765625,9.829999923706055,84.16612676869246,5.373627973333602,6999.56982421875,51087100,38026000,662988000,2359780000
2018-04-09,9.529999732971191,83.50373840332031,5.3286051750183105,6950.33984375,9.84000015258789,85.7116166339721,5.490880170011937,7074.9501953125,9.520000457763672,83.36575171655885,5.308567858193844,6944.9599609375,9.75,83.75212847679377,5.362989640990333,6971.4501953125,38382600,31533900,499524000,2089220000
2018-04-10,9.979999542236328,85.44481658935547,5.637818336486816,7094.2998046875,10.039999961853027,85.81279740357678,5.664781522547766,7117.97998046875,9.710000038146973,84.30408238205466,5.501764346437484,7014.8798828125,9.75,84.99404377672576,5.558907126058944,7060.990234375,42849200,26812000,761676000,2252020000
2018-04-11,9.819999694824219,84.50648498535156,5.596508026123047,7069.02978515625,10.029999732971191,85.82201185793431,5.664287556766638,7128.5400390625,9.789999961853027,84.15690701913041,5.563855141101848,7055.0,9.869999885559082,84.64447868892483,5.62297674555206,7055.0,29169300,24872100,460244000,1882090000
2018-04-12,10.079999923706055,86.08877563476562,5.803309440612793,7140.25,10.100000381469727,86.62234740784129,5.821120234228695,7166.0,9.819999694824219,85.03083353812235,5.645239767847968,7105.08984375,9.979999542236328,85.03083353812235,5.689519281458002,7112.02001953125,47784400,26758900,593920000,2027080000
2018-04-13,9.930000305175781,85.62882232666016,5.726624965667725,7106.64990234375,10.220000267028809,86.64076444147743,5.875294542336591,7183.6201171875,9.880000114440918,85.04005575008826,5.678387810631916,7078.14013671875,10.199999809265137,86.52117364327262,5.866883850157043,7179.6201171875,38935700,23346100,503036000,1768160000
2018-04-16,10.09000015258789,86.6315689086914,5.726376533508301,7156.27978515625,10.170000076293945,87.08234883299939,5.759771588892202,7178.509765625,9.899999618530273,85.94160737163209,5.632128297546279,7115.85009765625,10.0,86.53957544081383,5.733302873426012,7153.8701171875,28875100,20288100,350792000,1800450000
2018-04-17,10.520000457763672,88.37947082519531,5.876036167144775,7281.10009765625,10.529999732971191,88.81184783471846,5.89731013012856,7298.58984375,10.199999809265137,87.28472963245811,5.722914024205706,7206.5498046875,10.279999732971191,87.3951260025443,5.778572456270782,7215.1201171875,45360300,26771000,447224000,1935380000
2018-04-18,10.359999656677246,88.7198715209961,5.847093105316162,7295.240234375,10.649999618530273,88.97745608234393,5.9183357968942545,7319.580078125,10.329999923706055,87.87351322401375,5.758040094709692,7259.89990234375,10.510000228881836,88.51748164603625,5.8255719099722665,7292.3798828125,42449600,21043300,391364000,1908700000
2018-04-19,10.109999656677246,88.41627502441406,5.665772438049316,7238.06005859375,10.329999923706055,89.2994249831789,5.766204871482448,7277.4501953125,9.989999771118164,87.70791055566441,5.610361700608512,7215.169921875,10.180000305175781,88.71985979673535,5.732809805190532,7258.60986328125,57841600,23552500,471996000,1982090000
2018-04-20,9.989999771118164,87.39513397216797,5.657609462738037,7146.1298828125,10.140000343322754,88.41627767796653,5.741467744563186,7222.990234375,9.949999809265137,86.52118543990717,5.626440922864354,7123.490234375,10.050000190734863,88.23229072969653,5.657114521800595,7220.64013671875,39011900,31154400,386200000,1935160000
2018-04-23,10.039999961853027,87.71713256835938,5.53812837600708,7128.60009765625,10.1899995803833,88.58188684299937,5.726624396807766,7195.72021484375,9.970000267028809,87.0547681893716,5.512154598463563,7094.43017578125,10.09000015258789,88.07591210386882,5.6754190170536285,7173.990234375,42971300,22331800,427508000,1744480000
2018-04-24,10.09000015258789,85.66563415527344,5.471834182739258,7007.35009765625,10.350000381469727,88.74746120897072,5.6598352965192325,7171.669921875,9.949999809265137,85.01247135429568,5.406528403559235,6961.52001953125,10.1899995803833,88.53586989831345,5.56385591960005,7160.77001953125,44992200,34524800,414596000,2154270000
2018-04-25,9.710000038146973,84.92044830322266,5.359527587890625,7003.740234375,10.09000015258789,85.83120242006444,5.4812339774552985,7030.740234375,9.5600004196167,83.05295387193462,5.202200080694767,6926.97021484375,10.0600004196167,85.83120242006444,5.4421492172352615,7009.990234375,90578000,33729300,588492000,2055840000
2018-04-26,11.039999961853027,86.71438598632812,5.57127571105957,7118.68017578125,11.1899995803833,87.53313995251234,5.579439167873963,7143.93994140625,10.609999656677246,85.6472418846727,5.455259033244982,7055.66015625,10.869999885559082,86.06122310424034,5.521306975804389,7080.490234375,145284100,42529000,375824000,2141220000
2018-04-27,11.109999656677246,88.14948272705078,5.5987348556518555,7119.7998046875,11.359999656677246,90.06297767656801,5.696941230649428,7197.14990234375,11.020000457763672,86.39238438817834,5.5564346287037605,7083.9501953125,11.199999809265137,89.78699026357268,5.677151614921187,7195.52001953125,74347800,48272800,400848000,2050350000
2018-04-30,10.880000114440918,86.03361511230469,5.563360214233398,7066.27001953125,11.140000343322754,88.6830723460889,5.664782040029214,7169.7998046875,10.869999885559082,85.69323852282476,5.544065542045836,7065.41015625,11.0600004196167,88.61867620602627,5.615060537009952,7133.9501953125,50608800,41523600,327844000,1998570000
2018-05-01,11.130000114440918,87.39513397216797,5.618772029876709,7130.7001953125,11.149999618530273,87.66191996021601,5.621493025296712,7133.27001953125,10.770000457763672,85.36204801358001,5.4965706959447616,7036.18017578125,10.829999923706055,85.74842481613834,5.555197837942924,7053.64990234375,43441600,31408900,253788000,1932660000
2018-05-02,10.970000267028809,86.0244140625,5.598241329193115,7100.89990234375,11.15999984741211,87.55152541741505,5.659836241323449,7169.4599609375,10.970000267028809,85.73003072789876,5.572019836231628,7094.72021484375,11.100000381469727,87.38593435303609,5.615309952303773,7138.4501953125,29267300,27471000,268248000,2157860000
2018-05-03,10.930000305175781,86.53955078125,5.763484001159668,7088.14990234375,11.0600004196167,87.3307070131291,5.789705491284045,7112.58984375,10.829999923706055,85.04923175915572,5.584882507939317,6991.14013671875,10.899999618530273,85.51840743588627,5.6301514394729795,7065.02978515625,33310600,31142500,443144000,2355780000
2018-05-04,11.279999732971191,87.54234313964844,5.913636684417725,7209.6201171875,11.289999961853027,87.73553157180943,5.916852620332294,7228.259765625,10.869999885559082,85.48165249262458,5.717472142774318,7057.89013671875,10.880000114440918,85.84963346663979,5.734787994896487,7065.669921875,47884900,22531300,400660000,2040520000
2018-05-07,11.59000015258789,88.5174560546875,6.151607513427734,7265.2099609375,11.680000305175781,88.96822890672294,6.208750302230885,7291.740234375,11.300000190734863,87.48711108852704,6.008379925533564,7235.759765625,11.319999694824219,87.5515072102464,6.018274968649216,7241.81982421875,54001700,24242000,687616000,1950650000
2018-05-08,11.609999656677246,88.14029693603516,6.194155216217041,7266.89990234375,11.65999984741211,88.4622846479587,6.196876211427336,7278.81005859375,11.399999618530273,87.45033529960365,6.102875192570566,7224.7001953125,11.489999771118164,88.1770957322165,6.151854521820691,7255.33984375,35218400,23484600,506616000,2070970000
2018-05-09,11.949999809265137,89.17984771728516,6.32724142074585,7339.91015625,11.979999542236328,89.20744506102379,6.32946794739396,7344.7998046875,11.569999694824219,87.44114487522069,6.186982509279361,7259.0498046875,11.649999618530273,88.32429496812225,6.214193410921618,7281.52978515625,49605700,27327400,596760000,2250260000
2018-05-10,12.130000114440918,90.07218933105469,6.434846878051758,7404.97021484375,12.180000305175781,90.1089811062134,6.443999274107782,7414.14990234375,11.949999809265137,89.28103281074924,6.362367054104024,7353.6298828125,11.979999542236328,89.65820816467034,6.38017784896529,7355.89990234375,49744500,22388100,994080000,2250450000
2018-05-11,11.949999809265137,89.8790054321289,6.296318531036377,7402.8798828125,12.029999732971191,90.03540208054001,6.426435602156817,7417.669921875,11.6899995803833,89.271842803035,6.19761817238412,7372.259765625,11.890000343322754,89.97100593777773,6.253028900048545,7393.97021484375,43863700,16778300,1214456000,2085350000
2018-05-14,12.229999542236328,90.18256378173828,6.316851615905762,7411.31982421875,12.359999656677246,90.78973325124286,6.394278970369588,7458.419921875,12.109999656677246,89.52019963997006,6.293104358527659,7401.89013671875,12.140000343322754,90.0813688701542,6.3344151782411,7429.4501953125,50263800,19454100,523140000,2085850000
2018-05-15,12.449999809265137,89.52940368652344,6.074426651000977,7351.6298828125,12.460000038146973,90.01697535538729,6.255996786628986,7363.52001953125,12.15999984741211,88.6278509077299,5.973994248369376,7320.97021484375,12.180000305175781,89.45580610893799,6.253275320045726,7361.2998046875,44183200,24594000,963528000,2120380000
2018-05-16,12.819999694824219,89.76040649414062,6.08555793762207,7398.2998046875,12.979999542236328,89.99139055251511,6.1476477595751575,7413.31982421875,12.619999885559082,89.27072141823857,5.998978220774952,7356.16015625,12.640000343322754,89.95443225728631,6.03583644443793,7356.22021484375,73364000,17384700,553828000,2103060000
2018-05-17,12.819999694824219,88.86419677734375,6.127612113952637,7382.47021484375,12.899999618530273,90.12075075397215,6.22136542319621,7425.39013671875,12.65999984741211,88.54082047065442,6.071211504605322,7350.4599609375,12.789999961853027,89.40008154218597,6.087290712605682,7379.580078125,38692500,17246700,519784000,1958970000
2018-05-18,13.0,89.03047180175781,6.083828449249268,7354.33984375,13.260000228881836,89.55711502960776,6.242887552265371,7381.16015625,12.90999984741211,88.70709561782752,6.07888092730814,7343.97021484375,13.0600004196167,88.70709561782752,6.179561064341261,7364.33984375,54063400,17865800,483716000,1982190000
2018-05-21,12.989999771118164,90.1761703491211,6.041775703430176,7394.0400390625,13.3100004196167,90.55498756895888,6.185003308276982,7431.830078125,12.880000114440918,89.43702562972157,5.949011786438576,7368.2099609375,13.25,89.62181004730303,6.181292902580256,7406.33984375,49714200,19422500,640624000,1997220000
2018-05-22,12.979999542236328,90.08379364013672,6.0036797523498535,7378.4599609375,13.140000343322754,90.70282929952685,6.080364444637207,7432.52978515625,12.710000038146973,89.80660991699864,5.943073796434276,7370.330078125,13.0,90.25010246420457,6.05513284111137,7420.85009765625,43267000,15441200,518264000,1927420000
2018-05-23,13.100000381469727,91.15554809570312,6.127193927764893,7425.9599609375,13.180000305175781,91.22022334718686,6.128431809099097,7426.77978515625,12.899999618530273,88.99353374068117,5.946749353691373,7334.6201171875,12.930000305175781,89.35386829167254,5.947491988069215,7335.02978515625,44517800,21251200,442956000,1997090000
2018-05-24,13.40999984741211,90.83216094970703,6.130906105041504,7424.43017578125,13.430000305175781,91.41424523752954,6.173232956177468,7435.3798828125,13.029999732971191,89.4462567201463,6.070263144008926,7357.5,13.0600004196167,91.22021949127985,6.1234807061227,7421.990234375,47785700,26649300,437372000,2035460000
2018-05-25,13.539999961853027,90.87836456298828,6.170262336730957,7433.85009765625,13.720000267028809,91.45120754066518,6.186598875093425,7452.85009765625,13.359999656677246,90.41639646620573,6.1078867204997245,7415.580078125,13.399999618530273,90.82293064707797,6.14352986232995,7422.2001953125,43850100,18363900,292112000,1771950000
2018-05-29,13.359999656677246,90.55497741699219,6.153182029724121,7396.58984375,13.630000114440918,91.35879729733769,6.221251320446954,7435.1298828125,13.260000228881836,89.83430840051433,6.106400326174909,7354.2900390625,13.449999809265137,90.39790292567625,6.152192008204869,7398.509765625,39578500,28671000,352684000,2095380000
2018-05-30,13.819999694824219,91.4234619140625,6.262093544006348,7462.4501953125,13.949999809265137,91.70064552621389,6.270756823992563,7473.81005859375,13.479999542236328,90.46257470316772,6.162094270957836,7423.669921875,13.479999542236328,90.83214345394013,6.186846701824172,7428.41015625,58186400,22158500,390996000,2058300000
2018-05-31,13.729999542236328,91.32185363769531,6.242292404174805,7442.1201171875,13.930000305175781,92.38438171256918,6.316797092649026,7492.419921875,13.6899995803833,91.10935225216495,6.2195204862231686,7431.41015625,13.739999771118164,91.73762917085848,6.230163810813742,7455.580078125,46797700,34140900,493868000,2533360000
2018-06-01,14.399999618530273,93.12350463867188,6.376697540283203,7554.330078125,14.399999618530273,93.18817987278693,6.382886002900926,7557.3798828125,13.920000076293945,91.62672587177386,6.278430910272674,7487.22998046875,13.979999542236328,91.72835938953635,6.2870941914013905,7487.66015625,71677900,28655600,421968000,2212330000
2018-06-04,14.850000381469727,93.93659973144531,6.555655479431152,7606.4599609375,14.979999542236328,94.11214988004193,6.577684757201437,7607.169921875,14.520000457763672,93.17897226513404,6.378676262512618,7561.2001953125,14.760000228881836,93.55778952282687,6.410854087355406,7570.080078125,74546000,27281600,642024000,2152170000
2018-06-05,14.850000381469727,94.41703796386719,6.561101913452148,7637.85986328125,14.920000076293945,94.54638846168065,6.598725571172678,7644.47998046875,14.630000114440918,93.80723671782648,6.514072341301487,7602.3798828125,14.850000381469727,94.24148783866029,6.558874010516055,7621.35986328125,56122700,23514400,391712000,2063270000
2018-06-06,15.670000076293945,94.69422149658203,6.563082695007324,7689.240234375,15.739999771118164,94.79585504501118,6.566300620016918,7691.64990234375,15.039999961853027,94.14910250871115,6.454667515524764,7622.31005859375,15.069999694824219,94.68498720968772,6.471004055886703,7652.7998046875,97089000,21122900,371356000,2198100000
2018-06-07,14.890000343322754,93.2066879272461,6.50739049911499,7635.06982421875,15.970000267028809,94.87901736119444,6.5712513936413925,7697.41015625,14.850000381469727,92.74471979448978,6.417044041454236,7597.66015625,15.829999923706055,94.84205906468503,6.559370187191497,7697.41015625,99860300,28232200,369448000,2339720000
2018-06-08,15.25,93.89965057373047,6.492043495178223,7645.509765625,15.329999923706055,94.19530992962683,6.5346172643111355,7653.580078125,14.3100004196167,92.89256331582804,6.415806152914098,7595.14013671875,14.520000457763672,93.40072408895378,6.434617983035637,7607.740234375,81930500,22165100,360456000,1949810000
2018-06-11,15.729999542236328,93.36376190185547,6.450954437255859,7659.93017578125,15.890000343322754,93.86268127911943,6.521003316281931,7677.2900390625,15.010000228881836,93.01266161161325,6.438083210085904,7642.8701171875,15.210000038146973,93.3268036055629,6.479419569477482,7647.240234375,80737600,23490900,265372000,1959360000
2018-06-12,15.850000381469727,93.60400390625,6.4994683265686035,7703.7900390625,15.949999809265137,93.73335445142148,6.5115969184871885,7708.25,15.430000305175781,93.0866017255641,6.4271915498461425,7669.52978515625,15.84000015258789,93.40997808849279,6.477439045622201,7673.8701171875,67002600,18325200,319160000,2019890000
2018-06-13,16.31999969482422,93.17897033691406,6.495015621185303,7695.7001953125,16.520000457763672,94.25073978121542,6.575955710602974,7748.9599609375,15.779999732971191,92.91102797583872,6.485857090634951,7686.64990234375,15.8100004196167,93.98279742014007,6.500956225851269,7713.89990234375,90227300,29492900,338208000,2197830000
2018-06-14,16.25,93.70560455322266,6.60664701461792,7761.0400390625,16.790000915527344,94.26920618014844,6.663329895441756,7768.60009765625,15.579999923706055,93.31755305408234,6.525211699562496,7723.52978515625,16.6200008392334,93.91811297365105,6.5400634433694975,7723.52978515625,113048600,25691800,430016000,2193630000
2018-06-15,16.34000015258789,92.51372528076172,6.565805435180664,7746.3798828125,16.520000457763672,93.80723731622108,6.6207556598374895,7755.72021484375,15.819999694824219,92.45829136679475,6.518528469865954,7704.33984375,16.059999465942383,93.78876169458992,6.549468894664133,7725.02978515625,77612200,65738600,432260000,3049870000
2018-06-18,17.110000610351562,93.18820190429688,6.56159782409668,7747.02978515625,17.34000015258789,93.41918594489863,6.579171773510116,7749.35986328125,16.1299991607666,91.85773157472727,6.494519007189314,7676.830078125,16.18000030517578,92.40285757606563,6.521746259408911,7692.9599609375,104317400,23586000,356268000,2102660000
2018-06-19,16.690000534057617,93.18820190429688,6.439815998077393,7725.58984375,17.290000915527344,93.31755240310798,6.525706643440254,7727.41015625,16.309999465942383,91.93164815949747,6.31234160505853,7635.72998046875,16.850000381469727,92.07023999367321,6.458379968803796,7658.47021484375,92542900,28653100,594932000,2283340000
2018-06-20,16.520000457763672,94.12138366699219,6.492785453796387,7781.509765625,17.1299991607666,94.7219365605108,6.545755154255158,7806.60009765625,16.3700008392334,93.42843151378717,6.442537958858666,7755.47998046875,16.829999923706055,93.65941556485551,6.480904249470554,7764.14990234375,76280600,26180800,369780000,2316420000
2018-06-21,15.649999618530273,93.44690704345703,6.364072799682617,7712.9501953125,16.8700008392334,94.66650254992344,6.543032071432255,7803.4501953125,15.460000038146973,93.20668165684391,6.356399542035419,7699.2001953125,16.649999618530273,94.31540933031489,6.524715491296997,7800.2998046875,95638400,23198200,359516000,2349640000
2018-06-22,15.800000190734863,92.7724380493164,6.211600303649902,7692.81982421875,15.90999984741211,93.10504859912189,6.39823337015485,7739.7099609375,15.5600004196167,92.05176188569527,6.19625425512457,7679.1201171875,15.779999732971191,92.7724380493164,6.384866893432831,7739.68994140625,59257100,38923100,434160000,3956300000
2018-06-25,15.109999656677246,90.90608978271484,5.91878080368042,7532.009765625,15.739999771118164,92.49526130792646,6.10887872335628,7639.72998046875,14.539999961853027,89.89900262375771,5.830167459104419,7477.72998046875,15.640000343322754,92.39362775347169,6.105166022742275,7631.1201171875,94418400,35433300,665816000,2423190000
2018-06-26,15.5,91.5436019897461,5.989818096160889,7561.6298828125,15.600000381469727,92.46753820591452,6.080411932290979,7597.490234375,15.100000381469727,91.23870134663277,5.938333188048644,7527.0,15.319999694824219,91.30337659980161,6.032144948964095,7553.740234375,54213500,26897200,478884000,2068870000
2018-06-27,14.970000267028809,90.12071990966797,5.834622859954834,7445.080078125,15.760000228881836,92.41207728347278,6.099720262122016,7610.669921875,14.960000038146973,89.99136943126314,5.8291770305976724,7444.169921875,15.649999618530273,92.00555022951718,6.033384064710191,7586.330078125,56014300,31298400,453892000,2319650000
2018-06-28,15.3100004196167,91.12783813476562,5.96184778213501,7503.68017578125,15.359999656677246,91.57133067692193,5.973728986554079,7526.06982421875,14.75,89.86204986789882,5.817046370461789,7419.56005859375,14.850000381469727,89.97291771663178,5.824719628644382,7438.10986328125,48716800,26650700,338012000,2208870000
2018-06-29,14.989999771118164,91.10934448242188,5.863828182220459,7510.2998046875,15.489999771118164,92.31046429925279,6.039569530765224,7573.58984375,14.979999542236328,90.85064348779945,5.86259030111053,7502.9501953125,15.40999984741211,91.40500376900086,6.026946164969161,7544.1298828125,41527800,28053200,392300000,2208820000
2018-07-02,15.15999984741211,92.40284729003906,5.996006965637207,7567.68994140625,15.180000305175781,92.44903986357328,5.999719665495059,7568.10009765625,14.739999771118164,90.54573383658906,5.773730778865184,7443.10009765625,14.800000190734863,90.63812603273023,5.794275266023665,7451.89990234375,43398800,19564500,357572000,1777880000
2018-07-03,15.0,91.515869140625,5.862343788146973,7502.669921875,15.34000015258789,92.97568275139814,6.036600366310155,7594.330078125,14.960000038146973,91.41423561056784,5.8539278949520925,7498.5,15.210000038146973,92.83709798229538,6.030659763591027,7593.6298828125,32094000,14670300,222732000,1171420000
2018-07-05,15.5,92.17188262939453,6.008134365081787,7586.43017578125,15.5,92.31970876444636,6.013084473203996,7589.18994140625,15.020000457763672,91.49740606269937,5.878679477391362,7511.43017578125,15.130000114440918,91.93165722972684,5.917540540802272,7550.66015625,40703300,18977400,306216000,1754690000
2018-07-06,16.360000610351562,93.4653549194336,6.1219964027404785,7688.39013671875,16.389999389648438,93.71481449987753,6.130412296814515,7695.81005859375,15.479999542236328,92.08868541361142,5.962343691226932,7588.64990234375,15.520000457763672,92.29195243052858,5.983630813851425,7595.93017578125,65101700,19234600,296352000,1718600000
2018-07-09,16.610000610351562,94.10289764404297,6.169520854949951,7756.2001953125,16.84000015258789,94.472473522405,6.205907109995479,7757.27978515625,16.170000076293945,93.54853735103673,6.090808685652088,7702.06005859375,16.729999542236328,93.91811322939876,6.196253806458275,7731.740234375,58525500,18212000,303880000,1844440000
2018-07-10,16.549999237060547,94.35237884521484,6.268531322479248,7759.2001953125,16.649999618530273,94.71271344345048,6.290560610318461,7777.47998046875,16.309999465942383,94.11215343003286,6.1415516765815035,7731.97998046875,16.59000015258789,94.24150394995978,6.181898023840484,7770.6298828125,37093000,19293100,360016000,1735230000
2018-07-11,16.270000457763672,94.2230224609375,6.126945972442627,7716.60986328125,16.530000686645508,94.55563302785202,6.210361320749776,7748.16015625,16.020000457763672,93.4099540444876,6.116302176831315,7696.580078125,16.149999618530273,93.4561536769038,6.175708200418425,7698.509765625,42544100,19644600,367508000,1768480000
2018-07-12,16.559999465942383,96.2649154663086,6.218530178070068,7823.919921875,16.790000915527344,96.46818255928501,6.266549778100942,7825.669921875,16.3799991607666,94.91596945273413,6.162342543784297,7746.759765625,16.40999984741211,94.95292069775363,6.172243706398811,7752.7099609375,44188100,24335900,345508000,1930830000
2018-07-13,16.270000457763672,97.41059112548828,6.171252727508545,7825.97998046875,16.690000534057617,97.56765858332078,6.237094131803665,7843.52001953125,16.219999313354492,96.17251298657227,6.12917373393027,7803.33984375,16.68000030517578,96.43122103656377,6.237094131803665,7827.6201171875,40614100,24635200,246988000,1727500000
2018-07-16,16.579999923706055,96.93013763427734,6.143530368804932,7805.72021484375,17.0,97.77091580240884,6.196500547179623,7838.81982421875,16.40999984741211,96.56979607756627,6.131154388342587,7791.97998046875,16.420000076293945,97.3828643401943,6.143530368804932,7831.740234375,65275300,21786900,197036000,1739360000
2018-07-17,16.8700008392334,97.89103698730469,6.279421329498291,7855.1201171875,16.8799991607666,98.39920471390741,6.294520461628708,7867.14990234375,16.479999542236328,96.38502352794147,6.068778946798774,7749.60986328125,16.5,96.6529658702344,6.094274016941566,7751.97021484375,42313500,25901700,362136000,1752210000
2018-07-18,16.850000381469727,97.12418365478516,6.230164051055908,7854.43994140625,16.989999771118164,97.98344467151716,6.285856910962843,7863.77001953125,16.549999237060547,96.75460773539221,6.179174385065754,7822.830078125,16.940000534057617,97.88181111745725,6.271995660872836,7859.43017578125,40881500,29493900,277640000,1881110000
2018-07-19,16.709999084472656,96.45893096923828,6.238332271575928,7825.2998046875,16.8799991607666,97.29970916099111,6.271995848071747,7849.85009765625,16.549999237060547,95.98772158098339,6.196253745183028,7811.14990234375,16.709999084472656,96.94861597803883,6.2113524050045354,7829.7998046875,41267800,40171600,235752000,1886300000
2018-07-20,16.5,98.18667602539062,6.2101149559021,7820.2001953125,16.8799991607666,99.96987279474483,6.274718486063104,7860.25,16.440000534057617,98.01113297803214,6.199223771098906,7815.85986328125,16.65999984741211,99.85900498569154,6.2358574129907876,7843.080078125,42879800,56004000,222352000,1796530000
2018-07-23,16.65999984741211,99.75740051269531,6.173481464385986,7841.8701171875,16.68000030517578,99.9144679873102,6.185362671349162,7846.759765625,15.899999618530273,98.05735410504354,6.021749396330359,7776.5498046875,16.469999313354492,98.21442862873279,6.183630015005092,7806.93017578125,44940800,29707000,301584000,1668270000
2018-07-24,16.190000534057617,99.4709701538086,6.156155109405518,7840.77001953125,16.860000610351562,100.5427324315701,6.308134570052797,7928.7900390625,16.110000610351562,99.101394280794,6.138580685810959,7814.330078125,16.75,100.31174839207016,6.221501277802293,7914.35009765625,58201500,26316600,354620000,2021890000
2018-07-25,16.049999237060547,102.39987182617188,6.234372615814209,7932.240234375,16.389999389648438,102.6955311890975,6.246996457874374,7933.31005859375,15.720000267028809,99.41555418398424,6.107640364523494,7838.759765625,16.299999237060547,99.74817184840997,6.165561133411981,7839.08984375,82604900,30702100,319112000,1943820000
2018-07-26,18.350000381469727,101.28186798095703,6.307886123657227,7852.18017578125,18.450000762939453,102.55689713743203,6.344767151704547,7881.2998046875,16.829999923706055,101.17099312206133,6.197490899059358,7834.080078125,17.15999984741211,102.31667180102752,6.214322686613513,7848.0400390625,192661100,31372100,325124000,2289370000
2018-07-27,18.940000534057617,99.48944854736328,6.23808479309082,7737.419921875,19.8799991607666,101.79928900671972,6.351450558328467,7889.75,18.309999465942383,98.06658597851087,6.184124588622142,7698.9599609375,19.06999969482422,101.79928900671972,6.344519933177758,7889.75,161903800,37005300,295420000,2193410000
2018-07-30,19.420000076293945,97.35514831542969,6.042788505554199,7630.0,20.18000030517578,99.35084660378827,6.258134061124621,7740.259765625,19.309999465942383,96.79154673675168,6.007887522732283,7604.240234375,19.399999618530273,99.03671171682569,6.252193458258903,7735.27001953125,160823400,34668300,340340000,2154140000
2018-07-31,18.329999923706055,98.01114654541016,6.060857772827148,7671.7900390625,19.5,98.60246510578976,6.135609848310092,7709.490234375,18.270000457763672,97.36438702375708,5.9935315690420055,7614.83984375,19.350000381469727,98.38995669390025,6.032392639489017,7654.58984375,118403400,27655200,283988000,2208610000
2018-08-01,18.479999542236328,98.1959457397461,6.1007080078125,7707.2900390625,18.950000762939453,98.35301321401542,6.147490190342073,7732.68017578125,18.31999969482422,97.40135998287572,6.036847125370651,7670.7099609375,18.34000015258789,97.96496167202969,6.092292587606934,7701.81982421875,75495200,23628700,283556000,2228950000
2018-08-02,18.790000915527344,99.3878173828125,6.203431129455566,7802.68994140625,18.829999923706055,99.86826110826921,6.207391216562073,7808.85009765625,18.0,96.86546843921167,5.970511628450556,7659.52001953125,18.170000076293945,97.38287750786564,6.029421937123631,7659.52001953125,52867100,26104300,269668000,2115490000
2018-08-03,18.489999771118164,99.82207489013672,6.240063667297363,7812.009765625,19.059999465942383,99.83131622652508,6.263826075996751,7824.06005859375,18.3700008392334,98.6948715192824,6.2111037628224945,7783.2998046875,18.940000534057617,99.60033216033605,6.2279350755567755,7819.22998046875,53232100,18659600,214288000,2035870000
2018-08-06,19.43000030517578,99.90522766113281,6.287836074829102,7859.68017578125,19.440000534057617,100.17317002887185,6.291301386866718,7859.68017578125,18.459999084472656,99.378584262218,6.180906176460744,7801.8798828125,18.889999389648438,99.89599337364398,6.22744050156969,7809.5400390625,83579700,20265900,207508000,2245300000
2018-08-07,19.559999465942383,100.59815216064453,6.360115051269531,7883.66015625,19.709999084472656,100.80141921459484,6.378679499095697,7898.2001953125,19.079999923706055,99.942158426851,6.309868009355619,7868.64990234375,19.530000686645508,100.30249291373656,6.336600493188105,7878.6201171875,72822600,16080200,258132000,2206400000
2018-08-08,19.579999923706055,101.16178131103516,6.396498203277588,7888.330078125,19.770000457763672,101.40200671754648,6.441547728880135,7901.68994140625,19.260000228881836,100.48731177419965,6.326449332879807,7864.4599609375,19.459999084472656,101.013955171772,6.361350310444161,7880.0,52081400,15487500,262100000,2098100000
2018-08-09,19.100000381469727,101.32804870605469,6.3479838371276855,7891.77978515625,19.709999084472656,101.78078237348008,6.417042685873264,7923.35009765625,19.079999923706055,101.26337347486128,6.340310579254473,7881.06005859375,19.579999923706055,101.36500698803258,6.414320008327284,7886.52001953125,46653400,13677200,204280000,2048170000
2018-08-10,19.059999465942383,100.70903778076172,6.3066487312316895,7839.10986328125,19.479999542236328,101.34655596370116,6.339074425046387,7866.18994140625,18.850000381469727,100.13619484470937,6.25491643127771,7818.3701171875,19.09000015258789,101.09708926208432,6.266055003162194,7834.7099609375,65821100,18183700,256396000,2107530000
2018-08-13,19.729999542236328,99.9791259765625,6.339569091796875,7819.7099609375,19.93000030517578,101.24492098947842,6.460360724220098,7888.66015625,19.1200008392334,99.87749244017135,6.313579248547438,7814.27001953125,19.15999984741211,100.9307790454313,6.315311904764067,7848.0,81411300,18472500,375208000,1934100000
2018-08-14,20.020000457763672,101.2264633178711,6.471004009246826,7870.89013671875,20.280000686645508,101.40201347845803,6.4851131184338255,7878.22998046875,19.6299991607666,99.8220831804002,6.3618461961554695,7815.5,19.969999313354492,100.30252697638173,6.445014166156838,7847.8798828125,89195500,16788300,466220000,1938840000
2018-08-15,19.700000762939453,99.85376739501953,6.41283655166626,7774.1201171875,20.100000381469727,101.0873260717042,6.5257070684503535,7832.66015625,19.200000762939453,99.07467062828121,6.334123913204223,7732.68994140625,19.860000610351562,100.6235801865173,6.49179610544892,7810.02001953125,86355700,29982800,591136000,2294100000
2018-08-16,19.329999923706055,99.8352279663086,6.372241973876953,7806.52001953125,20.06999969482422,100.96676922122043,6.485112956093847,7849.669921875,19.25,99.51988411557011,6.312093783023849,7795.740234375,19.860000610351562,100.44737601943861,6.48263766555961,7826.9501953125,69733700,21384300,801260000,1991410000
2018-08-17,19.770000457763672,99.77957153320312,6.059868812561035,7816.330078125,19.81999969482422,100.07636863207712,6.261600543945651,7830.77978515625,18.729999542236328,98.95410438082854,6.03288847114546,7752.68017578125,19.1200008392334,99.57552220093957,6.260857909434439,7786.64013671875,60616600,18061500,1143188000,1850770000
2018-08-20,19.979999542236328,99.12103271484375,6.13461971282959,7821.009765625,20.079999923706055,100.07634795836469,6.267292074334021,7837.14013671875,19.350000381469727,98.7593115464465,5.9088782218015945,7787.89990234375,19.790000915527344,99.71462678996744,6.019273912852223,7834.3701171875,62983200,17914200,854388000,1709500000
2018-08-21,20.399999618530273,98.29558563232422,6.270263195037842,7859.169921875,20.420000076293945,99.5662448896544,6.274718529543019,7897.68017578125,19.860000610351562,98.17500716764842,6.131154970819281,7836.7900390625,19.979999542236328,99.16742312629798,6.150956824708299,7840.08984375,55629000,22881900,673988000,1788860000
2018-08-22,20.899999618530273,99.29727172851562,6.505408763885498,7889.10009765625,20.920000076293945,99.55696830525315,6.510359344330559,7897.6298828125,20.209999084472656,98.11008333417209,6.234123470660205,7840.83984375,20.280000686645508,98.17500747835648,6.237588782549081,7844.0400390625,62002700,18000600,749856000,1669240000
2018-08-23,22.290000915527344,99.76099395751953,6.60491418838501,7878.4599609375,22.31999969482422,100.33604129537133,6.670260348690982,7926.31982421875,21.139999389648438,99.12102956709342,6.452934746554991,7866.52978515625,21.190000534057617,99.38072608218799,6.466795996060694,7886.47021484375,113444100,18167700,720684000,1888600000
2018-08-24,23.979999542236328,100.54010009765625,6.738081455230713,7945.97998046875,24.0,100.6884950876742,6.752685338372689,7949.7099609375,22.670000076293945,99.76100340241206,6.608874409986806,7907.10009765625,22.90999984741211,99.8630280538869,6.613329743941186,7907.81005859375,164328200,17234000,531512000,1892990000
2018-08-27,25.260000228881836,101.65310668945312,6.829170227050781,8017.89990234375,27.299999237060547,101.69020721308804,6.903427053674237,8024.93994140625,24.6299991607666,100.64214395615645,6.736348957714767,7976.60009765625,24.940000534057617,101.347032676616,6.7677841556592515,7989.64013671875,325058400,19662300,505776000,2333790000
2018-08-28,25.049999237060547,102.26522827148438,6.791546821594238,8030.0400390625,26.18000030517578,102.48782427953392,6.846002270466962,8046.31005859375,24.040000915527344,101.82930607674602,6.6714978243394505,8009.58984375,25.510000228881836,101.9684312353518,6.823229880257018,8039.009765625,215771200,19151500,475384000,1980270000
2018-08-29,25.200000762939453,103.89762878417969,6.897049427032471,8109.68994140625,25.40999984741211,103.90690568355716,6.922062921635552,8113.56005859375,24.010000228881836,102.27451812696678,6.763065939614986,8042.10009765625,24.360000610351562,102.44146693475672,6.783869185933791,8044.33984375,143223200,20818000,420108000,1909880000
2018-08-30,24.889999389648438,103.83271026611328,6.880208492279053,8088.35986328125,25.670000076293945,104.44485828657335,6.9770432588958675,8133.2998046875,24.760000228881836,103.35969451525008,6.843307293074484,8069.56982421875,25.290000915527344,103.57301367908221,6.865844143444432,8094.2001953125,103607300,22798700,346608000,2022720000
2018-08-31,25.170000076293945,104.18514251708984,6.951287269592285,8109.5400390625,25.239999771118164,104.6025109442299,6.964165538297042,8119.81982421875,24.719999313354492,103.43386944155775,6.850242246717524,8079.31005859375,24.889999389648438,103.59154840568176,6.860148825277337,8079.31005859375,65206400,23222700,306592000,1906900000
2018-09-04,28.059999465942383,103.61007690429688,7.026080131530762,8091.25,28.110000610351562,103.84194978441826,7.063723901325676,8104.06982421875,25.56999969482422,102.22811652010905,6.909680197061578,8042.14013671875,25.6200008392334,102.8124336305834,6.938160901435282,8087.9501953125,192541300,22634600,391720000,2238710000
2018-09-05,28.510000228881836,100.62358093261719,6.895315647125244,7995.169921875,29.940000534057617,103.34113212301044,7.043911012372252,8077.83984375,26.84000015258789,100.26185970558538,6.814331307691543,7962.35009765625,29.40999984741211,102.96086417396192,7.008495893087813,8073.52978515625,257349000,32872400,393156000,2602810000
2018-09-06,27.84000015258789,100.85547637939453,6.754150390625,7922.72998046875,28.579999923706055,101.08734937544183,6.881446994105533,8001.97021484375,27.190000534057617,99.71466520151512,6.7212119150171805,7885.490234375,28.1200008392334,100.40100728847847,6.878970349510498,7998.27001953125,143942900,23477600,322796000,2375380000
2018-09-07,27.3799991607666,100.36387634277344,6.732852458953857,7902.5400390625,28.270000457763672,100.83689909268796,6.858415465198194,7962.52978515625,26.799999237060547,99.45493843641235,6.617195559249997,7873.93017578125,26.959999084472656,100.3824301395074,6.662021742372641,7878.7900390625,123348700,22498600,295420000,2158930000
2018-09-10,29.889999389648438,101.44905090332031,6.803928852081299,7924.16015625,29.93000030517578,101.69020075352834,6.8336481104452025,7945.02978515625,27.84000015258789,100.50301237742863,6.711552336999258,7890.39013671875,28.149999618530273,100.94820448036558,6.755387947853774,7939.56982421875,162253800,20727900,220140000,2055430000
2018-09-11,30.100000381469727,103.17416381835938,6.756130695343018,7972.47021484375,30.59000015258789,103.49878446379816,6.845287521824786,7986.31982421875,29.3700008392334,100.99455996904257,6.736813060151397,7880.919921875,30.020000457763672,101.00383686639779,6.757616303918091,7894.8701171875,159902500,24301800,243112000,2345080000
2018-09-12,32.209999084472656,103.61007690429688,6.642207622528076,7954.22998046875,32.290000915527344,103.73992515106896,6.735822694596288,7965.39013671875,29.450000762939453,102.49708991019371,6.48667786274447,7884.0498046875,29.90999984741211,103.35038041075272,6.716257536130072,7958.8701171875,197889600,18891100,419092000,2372320000
2018-09-13,30.479999542236328,104.72309112548828,6.719974517822266,8013.7099609375,34.13999938964844,105.48363403558267,6.81061745190911,8037.509765625,29.8700008392334,103.99037183417049,6.690750769925217,7989.85009765625,33.15999984741211,103.99037183417049,6.7080868114960595,7999.93017578125,304147100,26055600,305536000,2332930000
2018-09-14,32.720001220703125,105.1497573852539,6.84603214263916,8010.0400390625,33.09000015258789,105.48365502942725,6.912157091570153,8040.830078125,30.540000915527344,104.28718965050632,6.773468295405647,7979.77978515625,31.43000030517578,105.14048048508201,6.810369498288386,8026.16015625,217762800,19122300,386936000,2069380000
2018-09-17,32.43000030517578,104.00892639160156,6.784116268157959,7895.7900390625,33.22999954223633,105.45581128660749,6.8695588419502664,8002.77978515625,31.600000381469727,103.74922982851851,6.764799104222408,7890.06982421875,31.75,105.44654146378353,6.820522419223566,7992.2099609375,180410600,20736500,205528000,2303600000
2018-09-18,31.93000030517578,105.00135803222656,6.71204948425293,7956.10986328125,33.369998931884766,105.4558270857092,6.890859191108819,7986.10009765625,31.200000762939453,103.61939707094982,6.705363062352384,7901.009765625,32.9900016784668,104.05531939980531,6.788081021508048,7903.56982421875,176673200,22170900,299520000,2328260000
2018-09-19,31.209999084472656,103.60082244873047,6.735824108123779,7950.0400390625,31.829999923706055,105.1033615848136,6.753655666633902,7976.1201171875,30.510000228881836,102.98868159223751,6.643447574952542,7917.72998046875,31.520000457763672,104.85294193356654,6.693474569987457,7962.5498046875,124287000,21728400,224860000,2167720000
2018-09-20,31.18000030517578,105.33523559570312,6.5946574211120605,8028.22998046875,32.20000076293945,105.54856180733915,6.656076592334079,8039.06005859375,30.639999389648438,103.81414972311683,6.540667710254592,7986.41015625,32.099998474121094,104.13877041369311,6.613727062192738,7993.52978515625,123116500,23714500,430584000,2306580000
2018-09-21,31.020000457763672,105.9751968383789,6.524570465087891,7986.9599609375,32.41999816894531,106.93051209602378,6.652115059487093,8057.259765625,30.90999984741211,105.27957810791521,6.491384467825127,7979.669921875,31.190000534057617,105.73404703048226,6.606545839657025,8041.68994140625,129792900,71229700,435128000,3729890000
2018-09-24,32.61000061035156,106.35548400878906,6.580294609069824,7993.25,32.650001525878906,106.5688102383254,6.583761817348175,7997.89990234375,30.90999984741211,104.08313190788077,6.406438204867244,7912.47021484375,31.1299991607666,104.83439800856782,6.493613929739359,7939.3798828125,118332600,27334500,293912000,2433260000
2018-09-25,32.56999969482422,106.15145111083984,6.647408485412598,8007.47021484375,33.599998474121094,106.75432229507858,6.672421977875799,8014.1201171875,32.189998626708984,105.50220957470708,6.560727827461396,7979.2900390625,33.18000030517578,106.47607895510826,6.6464179222019135,8001.58984375,118570200,22668000,280388000,2328660000
2018-09-26,32.189998626708984,105.71550750732422,6.610508441925049,7990.3701171875,32.599998474121094,106.71719316946565,6.692731343574274,8067.02978515625,31.719999313354492,105.49290440355935,6.59465848304821,7982.759765625,32.400001525878906,106.16997646082729,6.652362933380086,8011.68017578125,79347300,19352000,268548000,2342370000
2018-09-27,32.59000015258789,106.11430358886719,6.622395992279053,8041.97021484375,32.630001068115234,106.57804932871638,6.666974650087891,8071.56005859375,31.389999389648438,105.91952415107592,6.590943598014401,8017.91015625,31.860000610351562,106.4574709075886,6.645675884543633,8021.22021484375,87934400,19091300,214428000,2073930000
2018-09-28,30.889999389648438,106.0772476196289,6.959707260131836,8046.35009765625,32.779998779296875,106.26274316297399,6.98199658940961,8065.06005859375,29.979999542236328,105.43727596554598,6.726412815712354,8015.8701171875,32.2400016784668,105.91029880013777,6.7543984748710395,8024.5,165453500,21647800,709396000,2342120000
2018-10-01,31.420000076293945,107.22731018066406,7.166253566741943,8037.2998046875,31.90999984741211,107.29223431309069,7.233121068118423,8107.3798828125,30.25,106.41112007641514,6.998836109672704,8019.77001953125,30.690000534057617,106.42966679588001,7.037470907457912,8091.5,94742900,18883100,622060000,2299520000
2018-10-02,29.020000457763672,106.80068969726562,7.094930171966553,7999.5498046875,30.81999969482422,107.44065427246214,7.250459505405902,8054.14990234375,28.649999618530273,106.14217132209161,7.072640840002983,7983.990234375,30.729999542236328,106.93981489229142,7.138765795178677,8024.47021484375,145276500,20787200,383964000,2416800000
2018-10-03,28.43000030517578,106.8192367553711,7.101121425628662,8025.08984375,29.219999313354492,107.75600552352867,7.172694714984471,8053.93017578125,26.540000915527344,106.59664068835393,6.9971047023831385,8012.02978515625,29.040000915527344,107.05110972240604,7.165264780334179,8034.64990234375,190137200,16648000,320552000,3095630000
2018-10-04,27.780000686645508,104.6117935180664,6.916862964630127,7879.509765625,28.829999923706055,106.43895336608236,7.089233280992622,7997.169921875,27.3700008392334,103.53589971014215,6.839840872342374,7833.16015625,27.989999771118164,106.29982819075417,7.0649628239554145,7993.330078125,95831200,34821700,391220000,3302690000
2018-10-05,27.350000381469727,103.9996566772461,6.683319091796875,7788.4501953125,28.469999313354492,104.96424903262108,6.9542577322798955,7902.669921875,26.93000030517578,102.61769582754013,6.625862174457692,7715.97021484375,28.06999969482422,104.46340259370324,6.892095521615473,7874.759765625,88008500,29068900,426636000,2699370000
2018-10-08,26.459999084472656,102.81248474121094,6.582027912139893,7735.9501953125,27.540000915527344,103.90692556250542,6.715515897122206,7797.31982421875,25.959999084472656,101.41196986771155,6.441109993027381,7654.83984375,26.729999542236328,103.56375805809591,6.600106993388864,7747.10009765625,103789500,29640600,408612000,2259300000
2018-10-09,27.239999771118164,104.1202163696289,6.57633113861084,7738.02001953125,27.709999084472656,104.88075925243162,6.65607691425972,7799.75,26.0,102.76607938689236,6.508472594594491,7718.9501953125,26.149999618530273,103.08142315664477,6.561471272419852,7728.509765625,105461800,26198600,273500000,2466440000
2018-10-10,25.0,98.46253204345703,6.084728717803955,7422.0498046875,27.399999618530273,103.41533481657113,6.516150462653945,7701.2001953125,24.90999984741211,98.1193575329563,6.082499596022799,7420.56005859375,27.3799991607666,103.17418496929493,6.470333247557232,7694.080078125,147682900,61376300,684940000,3111680000
2018-10-11,25.299999237060547,98.23065948486328,5.8232011795043945,7329.06005859375,26.200000762939453,101.03168159451144,6.131041059295213,7493.2099609375,24.549999237060547,96.64464228706751,5.801654891488775,7274.0400390625,24.739999771118164,97.71125926742457,5.997552610324311,7388.06982421875,147013800,63904300,725436000,3154520000
2018-10-12,26.34000015258789,101.62528991699219,6.105780601501465,7496.89013671875,26.969999313354492,103.17419973311524,6.180078533595423,7516.68994140625,25.670000076293945,99.35293753171953,5.935143872451835,7368.330078125,26.770000457763672,101.10589670349029,6.080272055779276,7507.83984375,111059400,47742100,608236000,2674210000
2018-10-15,26.260000228881836,99.79812622070312,5.82939338684082,7430.740234375,26.770000457763672,101.54181550742356,6.092407124194154,7500.93017578125,25.75,99.19525507532003,5.828402823351936,7400.06982421875,26.3799991607666,101.01314541173103,6.092407124194154,7473.330078125,70523500,32068100,449760000,2167000000
2018-10-16,28.18000030517578,102.95158386230469,6.088195323944092,7645.490234375,28.229999542236328,103.33185887494888,6.099339987005121,7658.14013671875,26.170000076293945,101.05022295148464,5.8927926724875395,7493.43994140625,26.6299991607666,101.59744676154816,5.9420766181979765,7501.77978515625,92529000,31610200,408712000,2639760000
2018-10-17,27.299999237060547,102.6826171875,6.019594669342041,7642.7001953125,28.530000686645508,103.70285676079119,6.188498245039542,7670.490234375,26.920000076293945,101.60673037012776,5.970558238792122,7563.08984375,28.40999984741211,103.58228537321527,6.150358484141825,7669.259765625,89466900,26548200,329668000,2385070000
2018-10-18,26.6200008392334,100.63287353515625,5.9321722984313965,7485.14013671875,27.75,102.51568100458947,6.127327501433215,7616.85986328125,26.399999618530273,100.01145564571607,5.8717436666653064,7452.4599609375,27.079999923706055,102.1168591950887,6.0889406814604214,7616.47021484375,79623700,32506200,524020000,2567980000
2018-10-19,23.65999984741211,100.78125762939453,5.675596714019775,7449.02978515625,27.100000381469727,102.82173666263786,6.006964028245726,7582.89013671875,23.600000381469727,100.36388209336712,5.639191028881573,7428.2998046875,27.030000686645508,101.03167729005055,5.98739933813214,7530.16015625,130799900,32785500,613608000,2547790000
2018-10-22,25.030000686645508,101.68090057373047,5.72636604309082,7468.6298828125,25.639999389648438,102.52492131811472,5.827906101486831,7520.5400390625,24.09000015258789,100.39168782833853,5.623587898682398,7424.740234375,24.459999084472656,101.39338044490471,5.727852124203009,7486.740234375,114158900,26545600,368844000,2301010000
2018-10-23,25.09000015258789,100.26187133789062,5.474745273590088,7437.5400390625,25.260000228881836,101.06879182514948,5.552262404557416,7472.580078125,23.850000381469727,97.48867258350215,5.367013363002802,7260.1298828125,24.18000030517578,99.95579731759918,5.459142365929109,7328.5498046875,101763000,43770400,626436000,2752010000
2018-10-24,22.790000915527344,94.90096282958984,4.938564777374268,7108.39990234375,25.100000381469727,100.62358566614304,5.4829188801226385,7435.68994140625,22.75,94.2238906868176,4.924695943211473,7099.0,25.040000915527344,100.54939169838526,5.436359087612761,7423.2099609375,134489100,63897800,884288000,2959560000
2018-10-25,19.270000457763672,100.44734954833984,5.147339820861816,7318.33984375,20.149999618530273,101.34701051399337,5.194642640746153,7364.81982421875,17.719999313354492,98.45324106529381,4.796654922275126,7178.5400390625,17.920000076293945,98.82423914431165,4.840986052409292,7197.490234375,189173700,61646800,951720000,2788090000
2018-10-26,17.6299991607666,99.20452117919922,4.910825729370117,7167.2099609375,18.780000686645508,100.86473233528736,5.073041916840247,7283.31982421875,17.049999237060547,97.16404206818407,4.782786099754351,7057.0,18.489999771118164,98.02660971740973,4.911320774810144,7125.18017578125,119689000,55523100,664784000,2971530000
2018-10-29,16.850000381469727,96.32001495361328,4.597043037414551,7050.2900390625,18.229999542236328,100.81834843860372,5.055459466934435,7295.60986328125,16.270000457763672,94.26098217636726,4.35904280426076,6922.830078125,18.209999084472656,100.27113171329619,5.0519922586061154,7272.419921875,94479600,55162000,758016000,2711900000
2018-10-30,17.200000762939453,96.2087173461914,5.027472972869873,7161.64990234375,17.239999771118164,96.81158129143232,5.037379550666025,7166.83984375,16.170000076293945,92.85119483807064,4.597042276379911,7001.47998046875,16.3799991607666,96.14379321011006,4.620074644621499,7017.8701171875,99049400,65350900,807192000,2699220000
2018-10-31,18.209999084472656,99.06539916992188,5.221390724182129,7305.89990234375,18.34000015258789,100.29896499055472,5.264978822018619,7368.490234375,17.1200008392334,97.74836248194747,5.0524871402980365,7270.6298828125,17.8700008392334,97.79473990349346,5.192166977113558,7276.6201171875,110463700,51062400,745772000,2918880000
2018-11-01,20.219999313354492,98.23992156982422,5.40168571472168,7434.06005859375,20.329999923706055,99.53841139684069,5.411096774570711,7435.8798828125,18.079999923706055,97.87820036406825,5.131242095891826,7286.5,18.40999984741211,99.2879917452405,5.257795649835205,7327.81982421875,136896500,33384200,566528000,2728760000
2018-11-02,20.229999542236328,98.46253204345703,5.322683334350586,7356.990234375,21.059999465942383,99.53841884264178,5.498025818701187,7466.52978515625,19.469999313354492,97.3680914457583,5.206035867552621,7298.68017578125,20.59000015258789,98.75932913387359,5.392275494575783,7424.02001953125,123788000,37680200,452960000,2899670000
2018-11-05,19.899999618530273,99.71466064453125,5.244670391082764,7328.85009765625,20.18000030517578,99.92797982847276,5.3328371463739455,7349.22998046875,18.8799991607666,98.22139805213295,5.083939789167688,7255.8798828125,20.1200008392334,98.65732039697248,5.309556780936672,7344.080078125,108016700,27922100,379332000,2186310000
2018-11-06,20.68000030517578,99.90941619873047,5.227086067199707,7375.9599609375,21.649999618530273,100.94820246901995,5.320948666439074,7400.64013671875,19.479999542236328,98.57382576412886,5.1899368749067065,7320.89013671875,19.5,99.5940653122492,5.236744649352382,7326.06982421875,144995700,24340200,299012000,2300920000
2018-11-07,21.84000015258789,103.84197235107422,5.294697284698486,7570.75,22.219999313354492,104.10166890105492,5.38434964719211,7572.93017578125,21.06999969482422,101.46759580702172,5.230058418828138,7435.8701171875,21.420000076293945,101.50469632504758,5.293706721323058,7446.08984375,121115800,37901700,483812000,2687410000
2018-11-08,21.200000762939453,103.6471939086914,5.101522922515869,7530.8798828125,22.079999923706055,104.07383922686732,5.236248967742835,7566.93017578125,20.969999313354492,102.86810430407449,5.0480282573411275,7499.7099609375,21.770000457763672,103.69357132257569,5.235505927235626,7544.169921875,92387600,25644100,511352000,2475160000
2018-11-09,21.030000686645508,101.62528991699219,5.093597888946533,7406.89990234375,21.190000534057617,103.36897218817846,5.183993285196276,7474.33984375,20.110000610351562,100.87402372229096,4.978932038542104,7349.47998046875,20.770000457763672,102.81247844854045,5.01261355260578,7468.509765625,85900700,32039200,413240000,2426750000
2018-11-12,19.030000686645508,99.12103271484375,4.694124221801758,7200.8701171875,20.850000381469727,101.98697844540658,5.024253391951755,7371.08984375,18.799999237060547,98.40686019945463,4.672329941196356,7193.77001953125,20.68000030517578,101.48613211773356,5.002211588631082,7364.0498046875,95948200,33621800,617116000,2305340000
2018-11-13,19.610000610351562,99.18596649169922,4.936088562011719,7200.8701171875,20.020000457763672,100.85544733676987,5.0574413438707255,7319.1201171875,18.969999313354492,98.90771614608732,4.785759550613725,7182.85986328125,19.280000686645508,99.75173700522988,4.791951399865413,7230.68994140625,76126000,35374600,644712000,2361240000
2018-11-14,20.809999465942383,97.77942657470703,4.8835835456848145,7136.39013671875,21.110000610351562,100.84405836673827,5.123564874254562,7285.56982421875,19.760000228881836,97.31367719184705,4.775604583769926,7101.169921875,20.18000030517578,100.69501515297272,5.109200524907613,7265.39013671875,106344300,39495100,526580000,2566210000
2018-11-15,21.489999771118164,99.93116760253906,5.01236629486084,7259.02978515625,21.770000457763672,100.41555084915184,5.084435092938538,7274.259765625,20.420000076293945,96.7920219024331,4.8417291214457245,7072.35986328125,20.719999313354492,97.79803497853223,4.877639759111964,7112.830078125,97715500,38505200,840708000,2523500000
2018-11-16,20.65999984741211,100.87200164794922,4.07225227355957,7247.8701171875,20.969999313354492,101.42158250550607,4.226543446138136,7274.85986328125,19.719999313354492,99.48407048441693,4.0024121485691655,7171.7001953125,19.8700008392334,99.74488900032672,4.044762142251206,7193.60009765625,112376600,33502100,1963520000,2466980000
2018-11-19,19.110000610351562,97.4533920288086,3.5836219787597656,7028.47998046875,20.59000015258789,101.12349190384415,4.007613472473547,7224.1201171875,19.09000015258789,96.4566887503448,3.5818883751644006,7011.39990234375,20.399999618530273,100.85335644057088,4.006870904394006,7217.240234375,93578200,44773900,1697820000,2381430000
2018-11-20,19.209999084472656,94.74272155761719,3.6920971870422363,6908.81982421875,19.579999923706055,95.91641178109012,3.8203843515255467,6994.75,17.18000030517578,92.54438429761342,3.30153936389139,6830.759765625,17.399999618530273,94.8265601269647,3.320113725640667,6867.43017578125,109869400,64052500,1692032000,2672250000
2018-11-21,18.729999542236328,96.04679870605469,3.5838701725006104,6972.25,20.309999465942383,97.27637628563339,3.8461408270095885,7029.93017578125,18.5,95.23639255553537,3.5566277914460134,6951.6201171875,20.049999237060547,96.50323092319448,3.8293000694747925,6985.509765625,81585600,28130600,1025496000,1867840000
2018-11-23,19.3799991607666,96.00955963134766,3.591053009033203,6938.97998046875,19.829999923706055,96.69886659980608,3.704728320485848,6987.89013671875,18.559999465942383,95.01285642178213,3.5363204779099884,6919.16015625,18.610000610351562,95.17120947686023,3.5491987483137875,6919.52001953125,54611300,13823100,411968000,958950000
2018-11-26,20.079999923706055,99.17665100097656,3.790417432785034,7081.85009765625,20.190000534057617,99.32568707232222,3.8008190554545203,7083.93017578125,19.110000610351562,97.41611932341354,3.629686854474979,7003.1201171875,19.959999084472656,97.61173316461277,3.7121572676729935,7026.5,83211000,32336200,814832000,2036910000
2018-11-27,21.049999237060547,99.8007583618164,3.8072586059570312,7082.7001953125,21.450000762939453,99.9777453680789,3.888490705898638,7105.14013671875,19.729999542236328,98.14269200873689,3.72850315059442,7014.35986328125,19.770000457763672,98.99035203009731,3.764413552246549,7041.22998046875,119230100,29124500,738060000,2076790000
2018-11-28,21.34000015258789,103.50813293457031,3.9642746448516846,7291.58984375,21.8799991607666,103.70374679899133,3.9694754572937674,7292.7099609375,20.18000030517578,100.4714453342876,3.792399366747557,7090.97998046875,21.81999969482422,100.49938915680907,3.9248967950063713,7135.080078125,134425300,46788500,804524000,2413120000
2018-11-29,21.43000030517578,102.64183044433594,3.9010581970214844,7273.080078125,21.610000610351562,103.5081244049681,4.003691417729756,7319.9599609375,20.729999542236328,101.56128868407642,3.87081365671528,7217.68994140625,21.190000534057617,102.7722396765369,3.9665055230203015,7267.3701171875,79853700,28123200,549172000,2018190000
2018-11-30,21.299999237060547,103.29389190673828,4.051536560058594,7330.5400390625,21.360000610351562,103.36841350954096,4.062196359376761,7332.7900390625,20.520000457763672,101.86870001030037,3.8604004099039946,7255.68017578125,21.299999237060547,103.11690487677474,3.910725452990059,7279.2998046875,82370700,33665600,729564000,2547970000
2018-12-03,23.709999084472656,104.41165924072266,4.215402603149414,7441.509765625,23.75,105.65055390135774,4.330431408137613,7486.509765625,22.3700008392334,103.14482787006752,4.148467725949104,7392.22021484375,22.479999542236328,105.25932625276855,4.278866804028709,7486.1298828125,139607400,34732800,890804000,2643150000
2018-12-04,21.1200008392334,101.08622741699219,3.89486026763916,7158.43017578125,23.420000076293945,104.92400430127883,4.175738270348914,7421.10986328125,21.06999969482422,100.79746511809728,3.879737762458066,7150.10986328125,23.350000381469727,104.27195810804176,4.170780025419611,7407.9501953125,127392900,45197000,812112000,2655720000
2018-12-06,21.299999237060547,101.71035766601562,3.9241132736206055,7188.259765625,21.40999984741211,101.75692834260263,3.929071282156686,7189.52001953125,20.059999465942383,97.80737536536408,3.7386791204973977,6984.33984375,20.219999313354492,98.57120410775605,3.75429716655593,7017.0498046875,103434700,49107400,692308000,2857650000
2018-12-07,19.459999084472656,97.6396713256836,3.659348726272583,6969.25,21.3799991607666,101.95250677100626,3.9384916186861436,7205.3701171875,19.170000076293945,97.15529523841703,3.6100154673684206,6945.27001953125,21.299999237060547,100.95580367211875,3.9283273587357552,7163.490234375,105764500,45044900,681676000,2504680000
2018-12-10,19.989999771118164,100.21992492675781,3.7647087574005127,7020.52001953125,20.1299991607666,100.58321589710641,3.7894995064508104,7047.6201171875,19.270000457763672,96.77338315704243,3.6107587211983505,6878.990234375,19.350000381469727,97.62105024323934,3.6144774044825265,6959.6298828125,77984500,40801500,629472000,2380270000
2018-12-11,19.979999542236328,101.15142822265625,3.67372727394104,7031.830078125,21.139999389648438,103.34976545807343,3.864615197045881,7129.830078125,19.690000534057617,100.08021053226442,3.5946450229128954,6983.009765625,20.709999084472656,102.27854776768162,3.856434282678215,7121.66015625,88027400,42381900,671912000,2286810000
2018-12-12,20.479999542236328,101.60785675048828,3.69132924079895,7098.31005859375,21.020000457763672,103.6478336060795,3.787516883141969,7197.2900390625,19.709999084472656,101.57059595816554,3.5901833531322156,7096.56005859375,20.31999969482422,103.2938667391677,3.6794296411597522,7127.0,100340700,36183000,654136000,2427080000
2018-12-13,19.860000610351562,101.9525146484375,3.6910817623138428,7070.330078125,20.8700008392334,103.27524800606902,3.8023919269740984,7154.64013671875,19.760000228881836,101.1886861127655,3.655135424260061,7034.81982421875,20.6299991607666,102.07361400968807,3.7381841539428886,7135.27978515625,88108300,31333400,471384000,2162210000
2018-12-14,19.899999618530273,98.76678466796875,3.630592107772827,6910.66015625,20.700000762939453,101.77552794537948,3.733225325873302,7027.169921875,19.520000457763672,98.27309160080141,3.607040915630101,6898.990234375,19.579999923706055,100.83471247191235,3.6494328250648613,6986.3701171875,84713600,47043100,471820000,2218330000
2018-12-17,18.829999923706055,95.84190368652344,3.5594420433044434,6753.72998046875,20.020000457763672,98.5525683999628,3.672735276953156,6931.81005859375,18.639999389648438,94.74273490170854,3.5014318620213363,6710.009765625,20.010000228881836,98.18928446408741,3.6005946196283287,6886.4599609375,115437900,56957300,662868000,2697400000
2018-12-18,19.5,96.84790802001953,3.6427388191223145,6783.91015625,19.84000015258789,97.35091810354068,3.726779075147386,6847.27001953125,18.8799991607666,95.49723082164701,3.5760519455272304,6733.7099609375,19.149999618530273,96.64297719635128,3.603321580263225,6809.81982421875,101512900,49319200,564372000,2623270000
2018-12-19,18.15999984741211,96.58708190917969,3.4337542057037354,6636.830078125,19.719999313354492,99.5585572968068,3.6625720761072693,6868.85986328125,18.0,94.40737171982276,3.382189588551147,6586.5,19.440000534057617,96.54982111630174,3.6090241135172154,6777.58984375,120644500,68198200,745364000,2919140000
2018-12-20,17.940000534057617,94.55643463134766,3.349217653274536,6528.41015625,18.860000610351562,97.16462671637441,3.5153150659468,6666.2001953125,17.34000015258789,92.01344006400622,3.2894721293313784,6447.91015625,18.110000610351562,95.99094347615934,3.4253250062529412,6607.759765625,119394500,70334200,749588000,3282440000
2018-12-21,16.93000030517578,91.50111389160156,3.212125539779663,6332.990234375,18.34000015258789,95.94435924621926,3.408715514868951,6586.68017578125,16.760000228881836,90.78385596404704,3.184607893946795,6304.6298828125,18.1200008392334,94.66820355994379,3.3757438466658303,6573.490234375,132246000,111242100,863740000,4571670000
2018-12-24,16.649999618530273,87.68195343017578,3.150397300720215,6192.919921875,17.219999313354492,91.25891145477576,3.222290209428647,6355.18017578125,16.3700008392334,87.54223433711189,3.086437301537026,6190.169921875,16.520000457763672,90.98877603023601,3.135770806690033,6278.490234375,62933100,43935200,463840000,1647440000
2018-12-26,17.899999618530273,93.6714859008789,3.2996373176574707,6554.35986328125,17.90999984741211,93.79258525293807,3.3006288722956096,6555.52978515625,16.030000686645508,87.52359728687782,3.0854459119553197,6214.33984375,16.8799991607666,88.62276578959084,3.196508069781135,6257.85986328125,108811800,51634800,695100000,2572890000
2018-12-27,17.489999771118164,94.24903869628906,3.251790761947632,6579.490234375,17.739999771118164,94.25835567317964,3.2817875322578445,6583.009765625,16.440000534057617,89.79647604992267,3.1032947150243366,6336.97021484375,17.43000030517578,92.49782369972968,3.2473285301751025,6457.18994140625,111373000,49498500,637044000,2449110000
2018-12-28,17.81999969482422,93.5131607055664,3.3132715225219727,6584.52001953125,18.309999465942383,95.39479219580474,3.4059887234706374,6684.18017578125,17.139999389648438,92.70275421936218,3.230470812150282,6529.22021484375,17.530000686645508,95.09670576768876,3.2723669445805466,6616.7900390625,109214400,38196300,628728000,2216250000
2018-12-31,18.459999084472656,94.6123046875,3.3095531463623047,6635.27978515625,18.510000228881836,95.38545016713842,3.389130951728482,6659.9599609375,17.850000381469727,93.559713915051,3.27881259232379,6570.06005859375,18.149999618530273,94.3514862381689,3.3566552955081495,6649.52001953125,84732200,33173800,465140000,2109320000
2019-01-02,18.829999923706055,94.19314575195312,3.376983642578125,6665.93994140625,19.0,94.77998734118098,3.43301049259578,6693.7099609375,17.979999542236328,92.16247841703095,3.2240253629792917,6506.8798828125,18.010000228881836,92.73069316029616,3.2386518561693443,6506.91015625,87148700,35329300,508752000,2261800000
2019-01-03,17.049999237060547,90.72796630859375,3.1729562282562256,6463.5,18.68000030517578,93.32684829113309,3.3507052459793867,6600.2099609375,16.940000534057617,90.54166232197043,3.165519097139286,6457.1298828125,18.420000076293945,93.24300972046,3.316742024101778,6584.77001953125,117277600,42579100,705552000,2631550000
2019-01-04,19.0,94.9476547241211,3.3762402534484863,6738.85986328125,19.06999969482422,95.48792562993353,3.4144177052192304,6760.68994140625,17.43000030517578,92.15315886108223,3.215348820802107,6554.240234375,17.549999237060547,92.88904362449493,3.2460891404180807,6567.14013671875,111878600,44060600,585620000,2596150000
2019-01-07,20.56999969482422,95.0687484741211,3.5549800395965576,6823.47021484375,20.68000030517578,96.1958609703722,3.5919181579337387,6855.60009765625,19.0,94.06273534882985,3.3821890457815105,6741.39990234375,19.440000534057617,94.67752075279836,3.4335058842829964,6757.52978515625,107157000,35656100,709160000,2523450000
2019-01-08,20.75,95.75804901123047,3.466477632522583,6897.0,21.200000762939453,96.84790055480005,3.6387728650754028,6909.580078125,19.68000030517578,94.7427119468028,3.3938409502867053,6795.85986328125,21.190000534057617,95.98160666219535,3.6365415129519585,6893.43994140625,121271000,31514400,786016000,2407340000
2019-01-09,20.190000534057617,97.12735748291016,3.534651517868042,6957.080078125,21.440000534057617,97.69557220674126,3.582001662928843,6985.22021484375,20.06999969482422,96.16791504630794,3.467220861863757,6899.56005859375,20.889999389648438,96.74544674618706,3.5177936765503968,6923.06005859375,163944100,32280800,617260000,2434500000
2019-01-10,19.739999771118164,96.50326538085938,3.6003470420837402,6986.06982421875,19.829999923706055,96.64299160935967,3.609023734169102,6991.3701171875,18.899999618530273,95.36683581232134,3.454825912595206,6877.080078125,19.760000228881836,96.14929842786032,3.5153152232250697,6908.64990234375,115629400,30067600,523156000,2190110000
2019-01-11,20.270000457763672,95.75804901123047,3.689593553543091,6971.47998046875,20.350000381469727,96.3542074849832,3.71240095974809,6975.64990234375,19.190000534057617,94.67750733582264,3.550269993885523,6933.60009765625,19.469999313354492,96.12133285908699,3.5780354085235424,6947.4599609375,85110800,28314200,874764000,2074310000
2019-01-14,20.229999542236328,95.05944061279297,3.729506492614746,6905.919921875,20.6200008392334,95.82326922584178,3.754793022301829,6936.22021484375,19.75,94.32355582231888,3.6137341183468847,6887.47998046875,19.959999084472656,94.91971439314864,3.6372853095467237,6908.02978515625,71350200,28437100,730168000,1960780000
2019-01-15,20.3799991607666,97.81665802001953,3.715376853942871,7023.830078125,20.68000030517578,97.85391881227768,3.801648257001639,7025.85009765625,20.260000228881836,94.9010632100521,3.697031674058997,6928.1201171875,20.440000534057617,95.48791180465614,3.762231003686877,6931.39013671875,62785800,31587600,617012000,2066090000
2019-01-16,19.729999542236328,98.16132354736328,3.6898417472839355,7034.68994140625,20.540000915527344,98.98104689407475,3.7756173598890985,7079.6298828125,19.709999084472656,97.7700958264895,3.6843879610240897,7028.1201171875,20.399999618530273,98.04954825955396,3.7426459262234966,7033.75,70849300,29853900,470104000,2163730000
2019-01-17,20.25,98.85063934326172,3.7612383365631104,7084.4599609375,20.510000228881836,99.32569853811184,3.801151355406659,7113.9501953125,19.020000457763672,97.58380061011998,3.6295999182740655,7003.6201171875,19.489999771118164,97.80735829633008,3.6568697913674026,7010.1298828125,85018400,28393000,493436000,2149280000
2019-01-18,20.770000457763672,100.33170318603516,3.8903982639312744,7157.22998046875,21.049999237060547,100.50869017626661,3.9164285800705216,7185.3798828125,20.020000457763672,98.65501014000569,3.759503608388984,7096.6201171875,20.3700008392334,100.09882855963359,3.8110682269776825,7134.10009765625,88131000,37427600,651336000,2459920000
2019-01-22,19.760000228881836,98.44078826904297,3.688105821609497,7020.35986328125,20.920000076293945,99.76351478955688,3.8718046242992648,7110.16015625,19.700000762939453,97.67695957765606,3.657861285888043,6979.81005859375,20.479999542236328,99.43749164813042,3.860153033114045,7109.56982421875,78513700,32371300,661552000,2397660000
2019-01-23,19.799999237060547,99.40023040771484,3.7009971141815186,7025.77001953125,20.479999542236328,99.70762669975151,3.832139758106404,7084.85009765625,19.549999237060547,98.12407456629595,3.6697610229184403,6953.22998046875,20.030000686645508,98.85064955841119,3.743389256295573,7061.64990234375,77811300,25874300,591020000,2288090000
2019-01-24,20.850000381469727,98.92513275146484,3.9129574298858643,7073.4599609375,21.010000228881836,99.67033435571054,3.9305585846595252,7078.9599609375,20.040000915527344,98.12404351426993,3.780823228932097,7029.9501953125,20.059999465942383,99.53992514098293,3.7855334670386362,7042.25,97433400,23164800,708972000,2419110000
2019-01-25,21.93000030517578,99.82869720458984,3.9702231884002686,7164.85986328125,22.030000686645508,100.49006031768445,3.988320354935171,7174.56005859375,20.790000915527344,98.92514248028162,3.750826074566007,7111.08984375,20.989999771118164,99.89390181836622,3.853459275052857,7128.18017578125,110239500,31225600,1154572000,2446550000
2019-01-28,20.18000030517578,97.88188934326172,3.421358108520508,7085.68017578125,21.010000228881836,99.1859890011281,3.511348162757876,7086.2998046875,20.020000457763672,97.49066157793322,3.247575805469454,7034.25,20.31999969482422,98.98105814116421,3.3851637759657707,7075.009765625,135164100,29476700,2511528000,2448790000
2019-01-29,19.25,95.88846588134766,3.2624502182006836,7028.2900390625,20.389999389648438,97.77940685736505,3.4235896204200875,7092.2900390625,19.049999237060547,95.17120799658717,3.2478237277077726,7011.47021484375,20.260000228881836,97.69556828983518,3.3752476815432093,7087.490234375,131202500,31490500,1153932000,2106370000
2019-01-30,23.09000015258789,99.09281921386719,3.405988931655884,7183.080078125,23.1299991607666,99.09281921386719,3.4203674183114905,7201.31005859375,21.3700008392334,97.18325133435708,3.2589802124922285,7065.56982421875,21.489999771118164,97.45338678308951,3.338558257428193,7094.7900390625,211421200,49471900,974228000,2569410000
2019-01-31,24.40999984741211,97.2763900756836,3.563656806945801,7281.740234375,25.139999389648438,98.01227475436224,3.5993553648950183,7303.1201171875,22.829999923706055,96.11201693349011,3.380949556495698,7205.9501953125,23.020000457763672,96.68954857045516,3.40276540758192,7208.169921875,182575600,55636400,842852000,2947490000
2019-02-01,24.510000228881836,95.73941802978516,3.5879523754119873,7263.8701171875,24.84000015258789,96.96899580836966,3.6390212200351972,7299.93994140625,24.06999969482422,95.33887337655393,3.5346526511512444,7243.41015625,24.610000610351562,96.67091656225128,3.5822505818322514,7256.3701171875,105356200,35535700,625048000,2398800000
2019-02-04,24.1299991607666,98.49665069580078,3.698270797729492,7347.5400390625,24.65999984741211,98.55254543913937,3.735456694006044,7348.22998046875,24.06999969482422,95.73009897732443,3.581754626882313,7261.06982421875,24.43000030517578,95.82325451396552,3.603818252368476,7266.27978515625,70843800,31315100,528592000,2106030000
2019-02-05,23.309999465942383,99.87528991699219,3.7173588275909424,7402.080078125,23.860000610351562,99.92186058707432,3.754048939727334,7408.68017578125,22.979999542236328,98.7015995866497,3.6764542547714907,7355.35986328125,23.420000076293945,98.79474803358492,3.71016946739173,7356.33984375,122226000,27325400,542424000,2284960000
2019-02-06,23.260000228881836,98.76678466796875,3.792971134185791,7375.27978515625,24.139999389648438,99.6703393486801,3.8574269087437347,7410.77001953125,23.219999313354492,98.30103541867585,3.7451251987562206,7346.72021484375,23.6299991607666,99.6703393486801,3.750578985234241,7400.43994140625,78684300,20609800,702464000,2179400000
2019-02-07,22.670000076293945,98.05884552001953,3.6546387672424316,7288.35009765625,23.219999313354492,98.35692476046651,3.748843297496793,7336.740234375,22.31999969482422,97.14598095536239,3.611751081428504,7235.0498046875,22.989999771118164,97.98433103998504,3.7466121817433264,7316.5,86723900,29760700,637120000,2310700000
2019-02-08,23.049999237060547,98.43144226074219,3.673232316970825,7298.2001953125,23.280000686645508,98.53390766165148,3.6838921195709684,7299.43994140625,22.270000457763672,97.1180331050029,3.5730779770913506,7225.14013671875,22.329999923706055,97.23912534845508,3.5874564639333686,7232.2998046875,78129300,21461100,461604000,2102520000
2019-02-11,22.959999084472656,98.04021453857422,3.630592107772827,7307.89990234375,23.280000686645508,99.2791092165153,3.683396048547904,7343.56005859375,22.65999984741211,97.77939610253807,3.5822501621722687,7290.02978515625,23.049999237060547,98.92513524752106,3.629104539625841,7327.3701171875,60578700,18914100,495180000,1908490000
2019-02-12,22.81999969482422,99.5678939819336,3.747603416442871,7414.6201171875,23.559999465942383,99.8007686534428,3.763221698228791,7419.43017578125,22.75,98.25448453014259,3.654638455410912,7349.7998046875,23.43000030517578,98.86926996740598,3.6690171760124177,7358.85009765625,67595400,25056600,591060000,2140130000
2019-02-13,22.850000381469727,99.49335479736328,3.7899959087371826,7420.3798828125,23.239999771118164,100.39690950021166,3.8631283704339263,7461.66015625,22.709999084472656,99.40020636657648,3.7634698170633993,7413.83984375,22.979999542236328,100.13609105130074,3.77710475493226,7437.4599609375,57544200,18394900,605372000,2103840000
2019-02-14,23.1299991607666,99.57720184326172,3.8309013843536377,7426.9501953125,23.3700008392334,99.94048572901892,3.8591628211897855,7454.419921875,22.59000015258789,98.42214556820731,3.7458693033805357,7375.7099609375,22.739999771118164,99.02761397328908,3.7890052428731296,7390.25,64441200,21784700,827264000,2117500000
2019-02-15,23.68000030517578,100.80677032470703,3.900562286376953,7472.41015625,24.049999237060547,100.88129191145363,4.062445020815011,7477.27978515625,23.200000762939453,100.00568103410524,3.8777548785081706,7440.259765625,23.579999923706055,100.51800805952604,4.039637849368373,7468.56982421875,78644100,26606900,1516748000,2263640000
2019-02-19,23.950000762939453,100.76019287109375,3.8832082748413086,7486.77001953125,24.40999984741211,101.21663226126545,3.963778096574503,7507.7900390625,23.610000610351562,100.39690901803118,3.87081313588739,7450.27001953125,23.6299991607666,100.40622599309603,3.8899018579278906,7450.75,57517900,18038500,551892000,2124140000
2019-02-20,23.950000762939453,100.23633575439453,3.930558919906616,7489.06982421875,24.3700008392334,100.97536324751083,3.997741583936579,7513.7001953125,23.899999618530273,99.43182517389431,3.9013061707790304,7455.25,24.139999389648438,100.90052339418028,3.912461749959552,7490.31005859375,57091600,21607700,540988000,2202670000
2019-02-21,23.920000076293945,102.35051727294922,3.861640691757202,7459.7099609375,24.329999923706055,102.41600036164678,3.967744582570565,7485.75,23.850000381469727,99.97440541044664,3.8470141998365723,7430.89013671875,24.040000915527344,100.00246857172826,3.9432020733846347,7475.41015625,49608200,29063200,448548000,2144680000
2019-02-22,24.360000610351562,103.80986022949219,3.9464244842529297,7527.5400390625,24.360000610351562,104.02501589378497,3.965265435947853,7527.5400390625,23.8799991607666,102.73406049666386,3.8998181186262215,7479.009765625,24.049999237060547,102.94922329807812,3.9134530552089353,7481.6298828125,52650700,27763200,401740000,2428560000
2019-02-25,24.709999084472656,104.38984680175781,3.9340298175811768,7554.4599609375,25.520000457763672,104.94178179394864,4.097400123693652,7602.68994140625,24.68000030517578,104.08114489937165,3.9253528882636495,7551.60986328125,25.010000228881836,104.54888327300539,4.029969689522631,7585.2998046875,63221000,23750600,656020000,2399410000
2019-02-26,24.209999084472656,105.11018371582031,3.8946125507354736,7549.2998046875,24.719999313354492,105.93340080796813,3.985346406465536,7573.22021484375,24.149999618530273,103.99696393512407,3.8611451042377856,7524.31005859375,24.649999618530273,104.08116056635498,3.929319558557759,7535.2900390625,48470100,21536700,488464000,2305760000
2019-02-27,23.479999542236328,104.93241882324219,3.8527164459228516,7554.509765625,24.229999542236328,105.11016167859154,3.9067599488154197,7562.2900390625,23.209999084472656,103.72565303417082,3.795697806692139,7485.39013671875,24.110000610351562,104.4833940078933,3.8802340928291845,7526.419921875,62649300,21487100,500256000,2430790000
2019-02-28,23.530000686645508,104.80146026611328,3.828148126602173,7532.52978515625,23.670000076293945,105.59661408457713,3.8688468342508746,7561.89990234375,23.110000610351562,104.52082152042553,3.805813738379342,7516.47998046875,23.209999084472656,104.81081703210592,3.8465122093622433,7533.31005859375,39384900,29083900,324944000,2676790000
2019-03-01,23.68000030517578,105.26920318603516,3.882495641708374,7595.35009765625,24.190000534057617,105.7275848197455,3.924682975256033,7603.0400390625,23.450000762939453,104.4646925668822,3.81971057454771,7540.75,23.969999313354492,105.60597540508158,3.8780285749412227,7587.4501953125,48084000,23501200,357188000,2490920000
2019-03-04,23.3700008392334,105.01659393310547,3.8906850814819336,7577.56982421875,24.1299991607666,105.94271367010637,3.9437917024778617,7643.66015625,23.010000228881836,103.65079909897827,3.8341039699543926,7501.56005859375,23.889999389648438,105.72755093468227,3.920960789931432,7636.6201171875,48147700,26608000,409992000,2582090000
2019-03-05,23.5,104.49272918701172,3.88423228263855,7576.35986328125,23.68000030517578,105.13821029908058,3.9224490694630063,7598.66015625,23.010000228881836,104.05306119777269,3.820702672853995,7543.5400390625,23.34000015258789,105.00724415128687,3.8750501245061786,7582.2900390625,35462600,19538300,362924000,2166670000
2019-03-06,22.40999984741211,104.5395278930664,3.7733044624328613,7505.919921875,23.530000686645508,105.39081517018386,3.88373651390848,7579.02001953125,22.399999618530273,104.24017561545702,3.7705747590328067,7499.8701171875,23.469999313354492,104.6517876735904,3.8752991412784,7575.3798828125,60479400,17687000,403524000,2256550000
2019-03-07,22.079999923706055,103.26728820800781,3.7040674686431885,7421.4599609375,22.40999984741211,104.35244477254916,3.7594077483750046,7489.080078125,21.729999542236328,102.78084338960363,3.6579093495689143,7397.18994140625,22.329999923706055,104.21212181856579,3.7497292994835623,7483.7900390625,52186300,25339000,450104000,2462690000
2019-03-08,22.010000228881836,103.37953186035156,3.7383131980895996,7408.14013671875,22.09000015258789,103.56662434504166,3.748984221273664,7411.52001953125,21.040000915527344,101.7798675637525,3.593386413370437,7332.919921875,21.350000381469727,102.11663974589133,3.614728459738566,7334.35009765625,49967700,22818400,422416000,2260950000
2019-03-11,22.959999084472656,105.54984283447266,3.9988834857940674,7558.06005859375,23.079999923706055,105.66209547609726,4.021714160378522,7558.22998046875,21.979999542236328,103.81921228392213,3.7147378155242583,7442.39990234375,22.149999618530273,103.82856191264341,3.7618887391202787,7442.56005859375,54420200,26491600,859728000,2248460000
2019-03-12,23.489999771118164,106.28885650634766,4.0331292152404785,7591.02978515625,23.799999237060547,106.63497828920401,4.079535106261234,7611.1298828125,22.780000686645508,105.38144303982757,3.9504909832306336,7560.4599609375,23.100000381469727,105.5404723528762,4.0266767605899245,7571.85009765625,56410600,26132700,579576000,2171620000
2019-03-13,23.3799991607666,107.11209106445312,4.18450927734375,7643.41015625,24.149999618530273,107.57982945338087,4.213792413195135,7677.06982421875,23.350000381469727,106.43854664245775,4.063157928942841,7619.4599609375,23.65999984741211,106.76596208728289,4.070602962463781,7621.3798828125,56705800,35513800,768900000,2379260000
2019-03-14,22.81999969482422,107.19628143310547,4.1085710525512695,7630.91015625,23.489999771118164,107.76692284327532,4.205602604685603,7653.10009765625,22.799999237060547,106.95306260758369,4.100877994521936,7627.02001953125,23.3700008392334,107.14951187609965,4.193690742360727,7644.7900390625,42818600,30763400,519384000,2198900000
2019-03-15,23.290000915527344,108.43111419677734,4.2140398025512695,7688.52978515625,23.649999618530273,109.6846496238026,4.256723419501709,7714.9599609375,23.010000228881836,107.19627802741456,4.148276540430737,7652.0400390625,23.100000381469727,107.89788559430455,4.151750793825906,7658.41015625,46519900,54681100,661484000,3451860000
2019-03-18,23.25,109.98400115966797,4.192698001861572,7714.47998046875,23.6200008392334,110.02142108610471,4.299407760456572,7737.669921875,23.040000915527344,108.56207964067806,4.165648050280749,7677.740234375,23.299999237060547,108.67433228286707,4.245556356360159,7696.3798828125,34731800,31207600,486992000,2302140000
2019-03-19,26.0,110.058837890625,4.36045503616333,7723.9501953125,26.079999923706055,110.79786535826463,4.404876253817737,7767.89013671875,23.59000015258789,109.4414198276143,4.27037247223958,7699.14990234375,23.600000381469727,110.47044279551113,4.28724721470183,7747.39990234375,156052200,37588700,854972000,2457920000
2019-03-20,25.700000762939453,109.93722534179688,4.32794713973999,7728.97021484375,26.8799991607666,111.0878648932349,4.442846028768086,7779.240234375,25.309999465942383,109.17949145250918,4.2932041240092795,7674.0400390625,26.489999771118164,109.81561593275109,4.389491139608577,7721.9501953125,151292100,28113300,719148000,2464230000
2019-03-21,27.889999389648438,112.4630355834961,4.564692974090576,7838.9599609375,28.110000610351562,113.02432030367544,4.590998377395191,7850.10986328125,25.709999084472656,109.53498827907102,4.346062531082183,7705.43017578125,25.780000686645508,109.58176497955365,4.3510258861708415,7705.43017578125,129610300,29854400,824312000,2502810000
2019-03-22,26.3700008392334,109.49757385253906,4.404876708984375,7642.669921875,27.75,111.87367889467477,4.586034905106406,7817.830078125,26.329999923706055,109.48821708515739,4.390979693756557,7642.56982421875,27.540000915527344,111.78948939960675,4.537395351809043,7800.25,115323300,33624500,747644000,2504740000
2019-03-25,25.969999313354492,110.06820678710938,4.312560558319092,7637.5400390625,26.989999771118164,110.39562224882705,4.428452011351479,7662.3798828125,25.540000915527344,108.81466412880512,4.2463012357652055,7579.2900390625,26.290000915527344,109.03917656867985,4.364178314815477,7618.97998046875,78438200,27067100,525212000,2162490000
2019-03-26,25.690000534057617,110.30208587646484,4.389242172241211,7691.52001953125,26.979999542236328,111.05046312214083,4.51034499309972,7738.169921875,25.459999084472656,109.3104754986886,4.332909092485514,7649.2099609375,26.690000534057617,110.96627362606527,4.454260412401879,7700.0,75754100,26097700,703508000,2080350000
2019-03-27,24.889999389648438,109.23561096191406,4.380058765411377,7643.3798828125,25.8799991607666,110.58269969185966,4.461207647954647,7712.83984375,24.549999237060547,108.06626508859208,4.3105737153224135,7582.08984375,25.700000762939453,110.27399066839367,4.4148017637872625,7702.0498046875,88585300,22733400,474372000,2244070000
2019-03-28,25.059999465942383,109.38532257080078,4.398673057556152,7669.169921875,25.559999465942383,109.99338402974384,4.464435858708699,7689.16015625,24.649999618530273,108.63693813869811,4.345566197104481,7619.81982421875,25.100000381469727,109.8624178246943,4.406117617184522,7660.06982421875,64667500,18334800,480264000,1922150000
2019-03-29,25.520000457763672,110.33012390136719,4.455998420715332,7729.31982421875,25.729999542236328,110.6856024767777,4.480318673320571,7733.6201171875,25.25,109.41335359819583,4.415051921189798,7688.509765625,25.579999923706055,110.45173330258429,4.4654286068279845,7726.7099609375,53502800,25399800,456896000,2311790000
2019-04-01,26.360000610351562,111.3404312133789,4.52349853515625,7828.91015625,26.559999465942383,111.42462782580611,4.553774244421854,7831.4501953125,25.829999923706055,110.47979438145998,4.476099581852805,7777.08984375,26.420000076293945,111.27494813132247,4.5478183128725345,7800.240234375,63000300,22789100,483824000,2230050000
2019-04-02,26.75,111.4994888305664,4.541365623474121,7848.68994140625,26.799999237060547,111.77077797545581,4.5857868453896415,7854.919921875,26.09000015258789,110.87271391238372,4.504637933024534,7811.27978515625,26.510000228881836,111.377872271441,4.547570053796223,7824.60986328125,53358800,18142300,440920000,2123250000
2019-04-03,29.020000457763672,112.22913360595703,4.680832862854004,7895.5498046875,29.950000762939453,112.65945200376156,4.739895651601616,7938.259765625,27.8799991607666,111.46204304689326,4.586034959288604,7870.89990234375,28.020000457763672,112.12623060462113,4.590998314309059,7891.18017578125,197650500,22860700,783504000,2509630000
2019-04-04,29.09000015258789,111.65847778320312,4.67189884185791,7891.77978515625,29.389999389648438,112.47234492339926,4.714334435344545,7917.64990234375,28.610000610351562,110.74170765503554,4.609113778357138,7844.9599609375,28.8799991607666,112.35072840827695,4.665446386163067,7894.259765625,82191100,20112800,457376000,2152640000
2019-04-05,28.979999542236328,112.1543197631836,4.738653182983398,7938.68994140625,29.690000534057617,112.47238560572077,4.7560249204475795,7940.4501953125,28.799999237060547,111.66787493810098,4.678598308886154,7909.14013671875,29.639999389648438,111.68658133489869,4.7150779635648945,7914.509765625,65662700,15826200,481744000,2157050000
2019-04-08,28.530000686645508,112.19174194335938,4.759500503540039,7953.8798828125,28.950000762939453,112.27593143632009,4.784564830698593,7955.89990234375,28.18000030517578,110.98497591773388,4.684059022984847,7891.85009765625,28.690000534057617,112.07948214895625,4.708130773820031,7924.89013671875,58002500,15116200,424192000,2075550000
2019-04-09,27.239999771118164,111.58366394042969,4.696714401245117,7909.27978515625,28.3799991607666,111.82688989021038,4.737164835832162,7945.5498046875,27.190000534057617,110.92883308000602,4.654526840142029,7897.60986328125,28.239999771118164,110.9756026345385,4.725997526324536,7924.77001953125,75539800,17612000,439972000,2078800000
2019-04-10,27.829999923706055,112.43495178222656,4.76719331741333,7964.240234375,28.1200008392334,112.58462434948032,4.793002196387266,7965.330078125,27.31999969482422,111.82689047316553,4.691504280805379,7916.89990234375,27.459999084472656,112.03269649812044,4.695971111140945,7922.72998046875,64368100,16477200,444772000,2012290000
2019-04-11,27.790000915527344,112.56590270996094,4.7532958984375,7947.35986328125,28.049999237060547,113.05234740905686,4.801191372599079,7975.2001953125,27.459999084472656,112.18235387228594,4.703911796511383,7933.41015625,27.809999465942383,112.76235194250661,4.769674590499929,7975.2001953125,44801200,14209100,374600000,1969480000
2019-04-12,27.850000381469727,113.14588928222656,4.71532678604126,7984.16015625,28.3799991607666,113.1739595747542,4.795979638379357,7992.08984375,27.65999984741211,112.60331829106353,4.706641152507191,7952.60986328125,28.209999084472656,112.85589382685323,4.792008860193128,7984.14990234375,41048800,19745100,471708000,1968900000
2019-04-15,27.329999923706055,113.23944091796875,4.583553314208984,7976.009765625,27.84000015258789,113.73524235490983,4.712597705664351,7993.330078125,26.959999084472656,112.79040902695205,4.543847420427578,7933.56982421875,27.799999237060547,113.13653792496741,4.707634350608777,7987.16015625,40812500,15792600,440092000,1827710000
2019-04-16,27.93000030517578,112.97752380371094,4.670660018920898,8000.22998046875,28.18000030517578,113.80074791035034,4.6895203969727906,8017.56005859375,27.489999771118164,112.35075609497136,4.590007597162227,7978.81005859375,27.719999313354492,113.7913911444691,4.622764996235139,8000.56982421875,47340100,14071800,394964000,2102740000
2019-04-17,27.489999771118164,113.91300201416016,4.6478271484375,7996.080078125,28.270000457763672,113.98784186792793,4.7264943797261205,8052.39990234375,27.219999313354492,112.76236959524611,4.6254925256324,7973.3798828125,28.209999084472656,113.41720047291092,4.705648857996442,8044.97021484375,48240800,19300900,351004000,2317330000
2019-04-18,27.68000030517578,115.4097671508789,4.623258590698242,7998.06005859375,27.8799991607666,115.55008295117011,4.688525328303081,8002.31005859375,27.34000015258789,113.47333059852848,4.595464563428602,7950.97021484375,27.600000381469727,114.30590432015464,4.654527344708114,7998.4501953125,39880900,27991000,380988000,2124630000
2019-04-22,28.18000030517578,115.77461242675781,4.67711067199707,8015.27001953125,28.229999542236328,115.99912486358359,4.692744814609717,8017.14990234375,27.389999389648438,114.66139273491385,4.568167725221055,7965.89990234375,27.6200008392334,114.70816943043332,4.599684036202599,7969.3701171875,36477300,15648700,279936000,1790990000
2019-04-23,27.969999313354492,117.34620666503906,4.731705665588379,8120.81982421875,28.489999771118164,117.47717284003048,4.7629744208895,8128.8701171875,27.790000915527344,115.84008851551653,4.680584438559012,8023.81005859375,28.18000030517578,116.09266409953676,4.690262648692707,8026.75,41777500,24025500,346856000,2099410000
2019-04-24,28.459999084472656,116.94396209716797,4.744113445281982,8102.009765625,28.850000381469727,117.7297592191694,4.784811906449244,8139.5498046875,27.93000030517578,116.48557330554524,4.6813283903114495,8101.7001953125,28.100000381469727,117.67363289248983,4.742127819697894,8122.8798828125,51784700,31257000,318204000,2043310000
2019-04-25,27.65999984741211,120.81681060791016,4.638397693634033,8118.68017578125,28.860000610351562,122.89357003266086,4.726247097600911,8151.83984375,27.360000610351562,120.51746548524574,4.558737873538937,8075.41015625,28.670000076293945,121.66809783434003,4.703912471281764,8150.85009765625,57329700,38033900,499296000,2073370000
2019-04-26,27.8799991607666,121.50906372070312,4.4195170402526855,8146.39990234375,27.899999618530273,122.09841858874324,4.489002570313442,8146.419921875,27.049999237060547,120.69520358806953,4.300647420111964,8060.89013671875,27.65999984741211,121.33132087007253,4.484535268096744,8100.27978515625,48827900,23654900,868988000,1982560000
2019-04-29,27.690000534057617,121.3968276977539,4.450291156768799,8161.85009765625,28.139999389648438,121.7803623353228,4.478085191279062,8176.080078125,27.5,121.00392915671837,4.355244741377716,8136.41015625,27.899999618530273,121.51842997463245,4.427460004612761,8147.64990234375,44532700,16324200,391920000,1781860000
2019-04-30,27.6299991607666,122.17327880859375,4.491733551025391,8095.39013671875,27.799999237060547,122.2668179263592,4.5172939298826655,8124.60986328125,26.940000534057617,121.04134557195674,4.398920800745768,8050.5498046875,27.59000015258789,121.43424412475606,4.418029196784141,8104.91015625,73165900,24166500,362920000,2131850000
2019-05-01,26.809999465942383,119.6287612915039,4.478582382202148,8049.64013671875,29.149999618530273,122.22002868522291,4.586284755277775,8146.0,26.780000686645508,119.46037519514202,4.4783338830487445,8048.22998046875,28.950000762939453,122.10777604572901,4.544097172337305,8132.93017578125,136066900,26821700,354280000,2273540000
2019-05-02,28.290000915527344,118.0665283203125,4.546082019805908,8036.77001953125,28.639999389648438,119.74103268066072,4.587773074967162,8094.06005859375,26.610000610351562,117.42104703213937,4.445080137362856,7976.77001953125,26.940000534057617,119.72232628463793,4.488260294017494,8046.47998046875,100514800,27350200,394684000,2211530000
2019-05-03,28.219999313354492,120.58293914794922,4.541614055633545,8164.0,28.420000076293945,121.07874064972249,4.564444730621852,8164.7099609375,27.65999984741211,119.03940832533303,4.480069591465539,8084.7998046875,28.299999237060547,119.14231133179021,4.554518494249588,8092.8798828125,55503100,24911100,336824000,2081080000
2019-05-06,27.420000076293945,119.88134765625,4.463194370269775,8123.2900390625,27.5,120.26489657469453,4.475354257024306,8135.5400390625,26.450000762939453,117.97298124189926,4.3180193330336785,7981.85009765625,26.719999313354492,118.2349136071191,4.355243543778582,7981.85009765625,70344100,24239800,422176000,1979650000
2019-05-07,26.65999984741211,117.42103576660156,4.295933246612549,7963.759765625,27.350000381469727,118.97393056101042,4.414802885598528,8070.97021484375,26.209999084472656,116.20492030238745,4.247789750628167,7899.02001953125,27.200000762939453,118.30038617486301,4.414802885598528,8043.52001953125,75868800,36017700,555220000,2397600000
2019-05-08,27.09000015258789,117.41168212890625,4.316035747528076,7943.31982421875,27.709999084472656,118.21619265854247,4.396192102920152,8004.490234375,26.270000457763672,116.70071784145824,4.256476894047728,7923.35009765625,26.40999984741211,117.3461990456624,4.268388759410136,7946.240234375,65967500,28419000,419168000,2214680000
2019-05-09,27.209999084472656,117.40233612060547,4.223470687866211,7910.58984375,27.3799991607666,117.67362524379291,4.256724603419944,7929.77978515625,26.030000686645508,115.59686564617424,4.1046014888802915,7796.16015625,26.700000762939453,116.27041007103666,4.2470463910318275,7853.2099609375,73150900,27235800,660248000,2549500000
2019-05-10,27.959999084472656,118.9271469116211,4.1894731521606445,7916.93994140625,28.100000381469727,119.67553110513674,4.25821416952721,7949.33984375,26.93000030517578,115.83072140676329,4.069858916092858,7759.33984375,27.030000686645508,116.85039469200035,4.192699381085993,7881.31005859375,82930100,30915100,569500000,2421470000
2019-05-13,26.239999771118164,115.39106750488281,3.932128429412842,7647.02001953125,27.229999542236328,117.44912084796728,4.080529491649819,7760.830078125,26.100000381469727,115.1010719665566,3.9162460232760625,7627.22021484375,26.979999542236328,116.10203190610268,4.057450314763761,7720.06982421875,99017900,33944900,656912000,2484820000
2019-05-14,27.31999969482422,116.68202209472656,4.021219730377197,7734.490234375,27.479999542236328,117.75781468373503,4.0564588060814035,7776.2001953125,26.149999618530273,115.71847501461691,3.933122041116682,7665.2998046875,26.530000686645508,115.87751149168133,3.971835135224507,7689.66015625,82980400,25266300,524880000,2103140000
2019-05-15,27.579999923706055,118.32515716552734,3.9601705074310303,7822.14990234375,27.790000915527344,118.97302773764963,3.996650174053518,7838.72021484375,26.729999542236328,116.14681772871896,3.906319334322508,7682.240234375,26.8700008392334,116.67262874004524,3.965629914136931,7682.7998046875,55689900,24722700,502320000,2014080000
2019-05-16,28.010000228881836,121.0574722290039,3.9753081798553467,7898.0498046875,28.3700008392334,121.4800064983759,4.017992277710945,7946.22998046875,27.270000457763672,118.73829750185118,3.912275319453882,7826.669921875,27.3700008392334,119.01059083755406,3.954710918214644,7832.580078125,67330100,30112200,781088000,2168720000
2019-05-17,27.5,120.25000762939453,3.8844807147979736,7816.27978515625,28.459999084472656,122.49407281564774,4.062661177030915,7918.7099609375,27.399999618530273,120.10915808590661,3.845023085268538,7810.35009765625,27.690000534057617,120.47534397564394,3.933368765828099,7829.02978515625,65385400,25770500,1022068000,2176380000
2019-05-20,26.68000030517578,118.5129623413086,3.7658591270446777,7702.3798828125,27.239999771118164,119.79930506164433,3.8408040769267355,7747.27001953125,26.489999771118164,118.08105096713724,3.7410428275697263,7678.35009765625,26.979999542236328,118.7946399347903,3.78571207195833,7714.06005859375,69757400,23706900,572064000,2130700000
2019-05-21,27.350000381469727,119.15141296386719,3.84800124168396,7785.72021484375,27.3700008392334,119.7429422152896,3.863883647556479,7804.43994140625,26.93000030517578,118.85095263819464,3.787946108956889,7752.919921875,27.18000030517578,119.64904970668053,3.8266594288963143,7765.56982421875,46079200,15293300,361848000,2000130000
2019-05-22,27.40999984741211,119.8744125366211,3.777026891708374,7750.83984375,27.59000015258789,120.40961496563558,3.8353448948121587,7786.330078125,27.06999969482422,118.7946306042322,3.766107605028576,7738.35009765625,27.1200008392334,118.88853029155848,3.8092879902335954,7749.7998046875,40035300,15396500,325868000,1884660000
2019-05-23,26.360000610351562,118.47537994384766,3.65592360496521,7628.27978515625,27.100000381469727,118.57866385630554,3.71473789281593,7665.14990234375,26.030000686645508,117.12330484515489,3.59611650414154,7585.31982421875,26.989999771118164,118.4941555808675,3.71473789281593,7660.72021484375,67809200,23603800,591844000,2270530000
2019-05-24,26.440000534057617,118.53172302246094,3.6020729541778564,7637.009765625,26.93000030517578,119.63967194282175,3.7100233347697302,7694.14990234375,26.399999618530273,118.27821250396839,3.5953724714748616,7631.25,26.610000610351562,119.16081794527584,3.6747842674657405,7675.56982421875,39835800,14123400,357584000,1685230000
2019-05-28,29.049999237060547,118.45661926269531,3.5569074153900146,7607.35009765625,29.670000076293945,120.18426462822669,3.6524498804386654,7693.740234375,27.059999465942383,118.35333533719721,3.554922025822232,7603.759765625,27.270000457763672,119.22654942142827,3.6196924908980788,7655.66015625,146949600,23128400,428356000,2378470000
2019-05-29,28.09000015258789,117.31111145019531,3.482706308364868,7547.31005859375,29.31999969482422,117.73363138869334,3.544250296076037,7581.10986328125,27.729999542236328,116.46606440965887,3.447963536163076,7503.93994140625,29.0,117.7242399872595,3.509259498143715,7553.02001953125,99969600,22763100,559800000,2282120000
2019-05-30,28.030000686645508,118.0528793334961,3.456123113632202,7567.72021484375,28.559999465942383,118.08104637539486,3.5217126668304197,7595.89990234375,27.600000381469727,117.16088241330488,3.417862461954597,7527.66015625,28.399999618530273,117.61157657430707,3.485936525364489,7565.4599609375,65289100,16829600,394300000,1875180000
2019-05-31,27.40999984741211,116.12803649902344,3.3654403686523438,7453.14990234375,28.360000610351562,117.01064191263474,3.4745079022361622,7506.85986328125,27.399999618530273,115.79001770928038,3.3637012589005266,7448.22998046875,27.56999969482422,116.6444560843364,3.4071792396318887,7470.9501953125,68667800,26646800,389720000,2239420000
2019-06-03,27.579999923706055,112.52252197265625,3.323701858520508,7333.02001953125,29.6200008392334,116.77592451967459,3.415378061068025,7457.66015625,27.290000915527344,111.7432075229949,3.2943853005049557,7292.22021484375,28.75,116.28767189983233,3.376620553494657,7441.2099609375,147532200,37983600,478644000,2580670000
2019-06-04,29.56999969482422,115.63980102539062,3.552767753601074,7527.1201171875,29.59000015258789,115.7524691892667,3.557985082032186,7529.5,27.90999984741211,113.28306069593012,3.3656883826664643,7385.02001953125,28.389999389648438,113.87459004690082,3.3877999512939216,7413.93994140625,107549500,29382600,641836000,2374130000
2019-06-05,29.5,118.14674377441406,3.510035991668701,7575.47998046875,29.989999771118164,118.18430220919734,3.6320227028941674,7589.47021484375,29.030000686645508,116.62565940161674,3.47376299308284,7498.169921875,29.93000030517578,117.32047253625993,3.6265568274442597,7585.68017578125,79481500,24926100,511616000,2139290000
2019-06-06,31.81999969482422,120.01524353027344,3.5721471309661865,7615.5498046875,31.979999542236328,120.15608588437492,3.5967432137193844,7634.1201171875,29.84000015258789,117.9307967474827,3.511774906305069,7546.22021484375,29.8700008392334,118.71950963232716,3.514259416547438,7582.240234375,131267800,21459000,408140000,2093470000
2019-06-07,32.40999984741211,123.37664794921875,3.614880084991455,7742.10009765625,32.599998474121094,124.17475227691568,3.649165429517179,7767.02001953125,31.56999969482422,120.42837841153057,3.558979783449994,7647.91015625,31.940000534057617,121.301599620535,3.5781102299670082,7652.97021484375,86841100,33885600,348856000,2074120000
2019-06-10,33.22999954223633,124.50341033935547,3.687674045562744,7823.169921875,34.29999923706055,125.89303708810871,3.756244960655996,7895.43994140625,33.08000183105469,123.9400407867643,3.6710281121890653,7795.759765625,33.529998779296875,124.31561093710317,3.6710281121890653,7798.8701171875,97668800,26477100,402780000,2042340000
2019-06-11,32.40999984741211,124.03392791748047,3.7453136444091797,7822.56982421875,33.4900016784668,126.04325810502874,3.7853134087433036,7909.990234375,31.81999969482422,123.26399056210855,3.7058109717021224,7798.6298828125,33.43000030517578,125.70523927314767,3.7475496089871716,7901.0400390625,82834900,23913700,383872000,2121150000
2019-06-12,32.18000030517578,123.46115112304688,3.6322710514068604,7792.72021484375,32.56999969482422,123.91183803901326,3.7080469602873056,7819.16015625,31.920000076293945,122.72877951194697,3.617115917017962,7773.97021484375,32.0,123.3766356855517,3.70183568426828,7803.1298828125,56298700,17092500,358892000,1978930000
2019-06-13,31.389999389648438,124.24046325683594,3.68345046043396,7837.1298828125,32.5,124.87893514599865,3.7018352667303276,7848.35986328125,31.059999465942383,123.52686017238624,3.6367425703957896,7813.60009765625,32.38999938964844,123.92121298517691,3.6543822132026853,7822.56005859375,63556000,17200800,308080000,1848360000
2019-06-14,30.360000610351562,124.36254119873047,3.593513250350952,7796.66015625,30.959999084472656,125.62071676397561,3.614631113229708,7819.2099609375,30.020000457763672,123.60200245148648,3.5487932513234184,7778.1201171875,30.700000762939453,124.18414039094127,3.5902835766319567,7807.18994140625,70373000,17821700,394428000,1808370000
2019-06-17,29.200000762939453,124.7381591796875,3.6032023429870605,7845.02001953125,30.450000762939453,125.56441646801896,3.6402207353395446,7865.97998046875,29.18000030517578,124.43769156423281,3.5689167693943764,7812.60986328125,30.25,124.53159127583352,3.5917737394775298,7819.43017578125,70865700,14517800,276040000,1950550000
2019-06-18,30.450000762939453,126.90705871582031,3.798231363296509,7953.8798828125,30.969999313354492,126.98217559060535,3.8536345530739755,8005.2099609375,29.579999923706055,125.41414843805009,3.6536362692602595,7911.669921875,29.760000228881836,125.99628630878539,3.664567779775343,7920.97998046875,86444500,25934500,581920000,2250550000
2019-06-19,30.5,127.40470886230469,3.8041956424713135,7987.31982421875,30.790000915527344,127.63004518325837,3.8449405739498417,7998.58984375,30.059999465942383,125.63949793707187,3.778108754942864,7930.3798828125,30.670000076293945,126.75683828540198,3.8335122042434153,7970.259765625,63233900,23744400,331644000,2027520000
2019-06-20,30.010000228881836,128.5877685546875,3.828542709350586,8051.33984375,31.360000610351562,129.25442193934973,3.9087905440104374,8088.8798828125,29.84000015258789,127.4328769193425,3.8141329760826768,7996.8701171875,31.239999771118164,129.0572383298613,3.894877665415774,8087.4501953125,72418200,33042600,350168000,2108250000
2019-06-21,29.100000381469727,128.60655212402344,3.770406723022461,8031.7099609375,30.350000381469727,129.320141028793,3.8628285701365805,8073.02001953125,28.969999313354492,128.12769810824025,3.7639471379267415,8011.2001953125,29.649999618530273,128.2403662702879,3.8136363998544027,8028.68994140625,81861300,36727900,434428000,2909540000
2019-06-24,29.260000228881836,129.3671112060547,3.7927663326263428,8005.7001953125,29.399999618530273,129.94924923757614,3.8223314347522352,8047.56005859375,28.670000076293945,128.63473938346874,3.7445678782554253,8004.6298828125,29.31999969482422,128.63473938346874,3.7917726233411475,8040.580078125,55724800,20628800,282948000,2073470000
2019-06-25,28.860000610351562,125.28271484375,3.7634503841400146,7884.72021484375,29.719999313354492,129.18870735785737,3.8727664789891985,8007.31005859375,28.799999237060547,124.625459932021,3.7607175646963733,7879.14990234375,29.260000228881836,128.8694713046008,3.797735966312084,8005.27001953125,53680900,33327400,311868000,2132550000
2019-06-26,29.920000076293945,125.75215148925781,3.956739902496338,7909.97021484375,30.479999542236328,127.45164389914713,4.017857757481719,7974.27978515625,29.780000686645508,125.44231408393948,3.8779828798004345,7903.06982421875,29.979999542236328,126.14651865927503,3.8909020472428284,7933.919921875,65064200,23657700,584072000,2122730000
2019-06-27,30.739999771118164,125.95875549316406,4.055373191833496,7967.759765625,30.959999084472656,126.48457376187147,4.074503399227054,7976.580078125,30.209999084472656,125.3578346560099,4.006429335736305,7935.47021484375,30.40999984741211,125.94937125387894,4.042454023040567,7939.35986328125,55623300,16557500,445440000,2083920000
2019-06-28,30.3700008392334,125.78036499023438,4.0802178382873535,8006.240234375,31.110000610351562,126.38128580830697,4.10854068621403,8010.14990234375,30.329999923706055,125.02921038587301,4.033510183336779,7961.4599609375,31.079999923706055,126.35311876426313,4.0993480457661455,7988.759765625,50090900,30043000,397668000,4101490000
2019-07-01,31.200000762939453,127.39530944824219,4.128415584564209,8091.16015625,32.040000915527344,128.35303178715182,4.321705992505331,8150.4501953125,30.8700008392334,126.72867040042456,4.090900102637731,8059.2900390625,31.790000915527344,128.28731346967191,4.287420420704294,8145.85009765625,60275900,22613500,709756000,2219030000
2019-07-02,31.239999771118164,128.24038696289062,4.030529975891113,8109.08984375,31.260000228881836,128.24977120221527,4.132889652790774,8109.3701171875,30.729999542236328,127.07609656790167,4.017362493624285,8063.10986328125,30.959999084472656,127.80846839354673,4.11177154550243,8086.64990234375,37721700,15237800,400228000,1956590000
2019-07-03,31.190000534057617,129.06668090820312,4.043448448181152,8170.22998046875,31.329999923706055,129.3295829257872,4.059597530499223,8170.22998046875,30.739999771118164,127.96810865183735,3.9835733051859,8122.33984375,31.1299991607666,128.4469771551469,4.053883108606749,8129.56982421875,23462000,13629300,246636000,1548240000
2019-07-05,31.5,128.69107055664062,3.9808387756347656,8161.7900390625,31.559999465942383,128.94458828243083,3.9895343222542063,8171.97021484375,30.75,127.43289482092752,3.917484965839696,8093.66015625,30.8799991607666,127.63946269718878,3.9850623945458867,8123.27978515625,34011900,18141100,396552000,1690700000
2019-07-08,32.040000915527344,128.59715270996094,3.9058096408843994,8098.3798828125,32.150001525878906,128.72860365919703,3.940095223687914,8161.7900390625,31.260000228881836,127.10422810361216,3.875747915642792,8078.39013671875,31.799999237060547,128.07133458593756,3.92121332225618,8112.91015625,49689400,16779700,329788000,1957160000
2019-07-09,33.150001525878906,128.127685546875,3.9082937240600586,8141.72998046875,33.18000030517578,128.60653951571237,3.9363680273034034,8146.97998046875,30.100000381469727,127.50798206220603,3.850902862411246,8061.31982421875,31.760000228881836,127.69576708956896,3.863573485967393,8061.41015625,61419800,19953100,342860000,1871430000
2019-07-10,33.790000915527344,129.4328155517578,3.976616144180298,8202.5302734375,34.029998779296875,130.11823737383,4.034006766119606,8228.599609375,33.36000061035156,128.65349404903804,3.93785863796451,8160.56005859375,33.560001373291016,128.7567779669185,3.9517715160104028,8183.18994140625,60388400,24204400,452076000,2066640000
2019-07-11,33.060001373291016,129.94923400878906,4.1311492919921875,8196.0400390625,34.0,130.71917135245343,4.1718942189385295,8226.1796875,32.7599983215332,129.45159717040355,4.0123922569733725,8171.6298828125,33.90999984741211,129.7614489555064,4.049658964227611,8219.2802734375,63081800,22327900,682560000,1970690000
2019-07-12,33.209999084472656,130.41867065429688,4.164191246032715,8244.1396484375,33.38999938964844,130.63463702140237,4.235246895387455,8245.66015625,32.59000015258789,129.58301520158614,4.158973917914142,8201.51953125,32.7599983215332,130.3717351482177,4.158973917914142,8209.2001953125,51509700,18936800,506392000,1835960000
2019-07-15,34.38999938964844,130.41867065429688,4.155744552612305,8258.1904296875,34.54999923706055,131.01959126830147,4.201458493777884,8264.7802734375,33.27000045776367,130.00554937291923,4.127422181326354,8236.26953125,33.34000015258789,130.92570592906557,4.185309889697396,8263.1796875,65565200,16651500,289840000,1790770000
2019-07-16,33.849998474121094,128.70980834960938,4.151024341583252,8222.7998046875,34.86000061035156,130.55952002292622,4.178104694984818,8259.75,33.79999923706055,128.184004603767,4.095372360134823,8204.23046875,34.29999923706055,130.47501891957532,4.140837992750941,8251.66015625,66912700,22726100,341444000,1947010000
2019-07-17,33.599998474121094,127.94927215576172,4.216367244720459,8185.2099609375,34.29999923706055,129.50790062374924,4.223323685913579,8230.669921875,33.4900016784668,127.90232232177488,4.123448524358621,8184.66015625,34.0099983215332,129.29194857990313,4.152765090493061,8224.0,42557900,20211000,348204000,1887120000
2019-07-18,33.0,128.09010314941406,4.228043079376221,8207.240234375,33.459999084472656,128.2778881521538,4.290899820350118,8215.580078125,32.41999816894531,126.44695930305605,4.170155359366945,8135.1201171875,33.029998779296875,127.27323050760369,4.226801061071026,8151.759765625,58473900,30381800,442192000,2063790000
2019-07-19,32.5099983215332,128.2778778076172,4.184813976287842,8146.490234375,33.349998474121094,132.08058469651903,4.272763664177601,8245.7802734375,32.45000076293945,128.11825985180639,4.178851245424811,8144.6298828125,33.08000183105469,131.65806489265796,4.266304315501294,8241.33984375,44617700,48992400,344896000,1893050000
2019-07-22,32.849998474121094,129.97740173339844,4.2563652992248535,8204.1396484375,33.310001373291016,130.69100499753577,4.26928446749446,8218.419921875,32.7400016784668,128.94457677137632,4.198725896647237,8171.5400390625,32.79999923706055,129.01969365850033,4.206179426989189,8171.990234375,37777300,25074900,315940000,1860440000
2019-07-23,33.4900016784668,130.7848663330078,4.364190578460693,8251.400390625,33.5,131.44213539281736,4.366177997005154,8251.830078125,32.93000030517578,129.60180781409218,4.279967438837135,8193.8896484375,33.16999816894531,131.22616900935827,4.295619899958281,8242.5,38532500,18034600,428176000,1845050000
2019-07-24,34.11000061035156,132.1275634765625,4.438724517822266,8321.5,34.36000061035156,132.14634627756064,4.444438939161471,8321.8095703125,33.45000076293945,130.3717512508396,4.3313963216236395,8226.5,33.63999938964844,130.41868676271594,4.407420539576318,8227.3603515625,41952300,20738300,366236000,1953670000
2019-07-25,33.66999816894531,131.6299285888672,4.307544708251953,8238.5400390625,34.25,132.02428145300124,4.409904341038965,8295.9501953125,33.619998931884766,130.81305582223808,4.284190882761843,8233.400390625,34.04999923706055,131.85526489575548,4.39723348212656,8294.6796875,36705600,18356900,392700000,2058090000
2019-07-26,34.02000045776367,132.709716796875,4.349531650543213,8330.2099609375,34.77000045776367,133.02895281557116,4.396239296461587,8339.6396484375,33.869998931884766,131.73322593760406,4.33462506594351,8291.1201171875,34.22999954223633,131.79894425812105,4.33462506594351,8294.2998046875,43502800,19037600,274160000,1975110000
2019-07-29,33.47999954223633,132.4186248779297,4.343319892883301,8293.330078125,34.18000030517578,132.86931178665947,4.359468966613591,8325.2802734375,32.97999954223633,130.85998200668604,4.255121943975496,8247.3701171875,34.13999938964844,132.85992755023454,4.34232618392434,8325.099609375,45922000,16605900,248160000,1882980000
2019-07-30,33.869998931884766,131.7801513671875,4.358973026275635,8273.6103515625,33.939998626708984,132.5970240657688,4.371146793513117,8295.4599609375,32.939998626708984,131.26373182845515,4.282451729768207,8228.01953125,33.209999084472656,131.58296778800667,4.296861698157642,8231.76953125,72198900,16846500,197772000,1893610000
2019-07-31,30.450000762939453,127.94927215576172,4.191769599914551,8175.419921875,32.29999923706055,131.91159744934438,4.328414817582776,8299.830078125,30.299999237060547,126.83193201143268,4.149533874289371,8110.02001953125,32.08000183105469,131.7613637114176,4.327420634406014,8290.7998046875,119190000,38598800,359416000,2679230000
2019-08-01,29.860000610351562,129.62997436523438,4.097361087799072,8111.1201171875,31.479999542236328,132.33412448643287,4.292638969549373,8311.0400390625,29.100000381469727,128.56896823324885,4.045187314937343,8080.52001953125,30.5,128.6347008698151,4.202204777428455,8190.56005859375,80878900,40557500,421212000,2815420000
2019-08-02,29.440000534057617,128.5408172607422,4.004689693450928,8004.06982421875,29.729999542236328,129.87412401501584,4.074006239767578,8068.7998046875,28.940000534057617,127.00095698863781,3.9572368815028436,7953.669921875,29.479999542236328,129.6581576053758,4.004689693450928,8056.419921875,60410900,30791600,428348000,2262550000
2019-08-05,27.989999771118164,124.13722229003906,3.746306896209717,7726.0400390625,28.489999771118164,125.75218537034483,3.822331099383224,7836.4501953125,27.649999618530273,122.79453108789382,3.699350701033166,7662.89990234375,28.260000228881836,125.16066311010421,3.8210888444177598,7823.330078125,74333200,42749600,589156000,2661780000
2019-08-06,28.860000610351562,126.46572875976562,3.785064458847046,7833.27001953125,29.049999237060547,127.39526943974111,3.866554542888988,7845.009765625,28.200000762939453,125.07610269359942,3.73736309648918,7739.56982421875,28.860000610351562,125.63007340771675,3.8210891448704083,7804.509765625,60578400,32696700,361272000,2217620000
2019-08-07,29.190000534057617,127.01976776123047,3.8233253955841064,7862.830078125,29.280000686645508,127.36717088277113,3.835250855534776,7881.3798828125,28.3700008392334,123.78042850119981,3.706804563003239,7702.419921875,28.469999313354492,125.62074238118574,3.724195661318012,7747.27001953125,58577500,33414500,372560000,2470170000
2019-08-08,33.91999816894531,130.40927124023438,3.931896209716797,8039.16015625,34.27000045776367,130.50317089561892,3.9331384649141317,8041.1201171875,31.479999542236328,127.63000476951689,3.823574068030292,7896.14990234375,31.530000686645508,128.25910667185676,3.8809649313058294,7921.58984375,167278800,27496500,309300000,2442950000
2019-08-09,34.189998626708984,129.30137634277344,3.8305296897888184,7959.14013671875,35.54999923706055,130.86940372790897,3.8943801242971965,8020.56005859375,33.08000183105469,128.12770186344318,3.780095276837074,7910.35009765625,33.45000076293945,130.14641623705882,3.890901905261621,7997.18994140625,132483900,23466700,341816000,2221180000
2019-08-12,32.43000030517578,127.49858093261719,3.762705087661743,7863.41015625,34.650001525878906,129.4421924607648,3.8305306121227263,7924.990234375,32.08000183105469,126.9821756995304,3.74084182207671,7833.7900390625,34.15999984741211,128.70043660312965,3.778357077090595,7907.490234375,106936000,20484300,279200000,2068920000
2019-08-13,32.11000061035156,130.13705444335938,3.8769896030426025,8016.35986328125,33.13999938964844,130.3248395270228,3.9229520974003353,8065.240234375,31.719999313354492,126.75686562908375,3.7222083497157232,7851.580078125,32.36000061035156,127.7427552271711,3.761214167611439,7852.3701171875,102009700,25154600,351956000,2353570000
2019-08-14,30.239999771118164,126.2180404663086,3.7284188270568848,7773.93994140625,31.049999237060547,128.98771772376344,3.7999711041685047,7900.27978515625,29.510000228881836,125.92600220953322,3.684692540793524,7762.8701171875,31.0,128.46016288897036,3.7887910460613194,7877.330078125,127521500,32527300,419880000,2543670000
2019-08-15,29.670000076293945,125.93539428710938,3.6961212158203125,7766.6201171875,30.729999542236328,126.7832624352343,3.767176644239833,7805.93017578125,29.209999084472656,124.58824661117434,3.6618358751868536,7716.5498046875,30.6299991607666,126.60426756924831,3.747301036378363,7790.2001953125,71674400,28074400,477200000,2190810000
2019-08-16,31.18000030517578,128.2434844970703,3.96419358253479,7895.990234375,31.479999542236328,128.5543680876593,4.013385507277069,7907.52001953125,30.209999084472656,126.91516762131468,3.8976100874493658,7828.35009765625,30.309999465942383,127.06590167277426,3.9589762535933977,7828.35009765625,70469800,24449100,1007960000,2018710000
2019-08-19,31.479999542236328,130.391357421875,4.242948532104492,8002.81005859375,32.189998626708984,130.52324608578297,4.258849300158553,8026.75,31.420000076293945,128.95941308888393,4.061335271493826,7895.990234375,32.0,129.8638027662431,4.077484348368043,8006.18017578125,67596900,24355700,815112000,1946440000
2019-08-20,30.719999313354492,129.3080291748047,4.170651435852051,7948.56005859375,31.309999465942383,130.67403695765714,4.237980089757165,8010.580078125,30.450000762939453,129.28919819661368,4.149533338828632,7948.08984375,30.940000534057617,130.20300375661628,4.237482998232929,7989.35986328125,47924000,21170800,463188000,1750730000
2019-08-21,31.700000762939453,130.74937438964844,4.254128456115723,8020.2099609375,31.739999771118164,131.4088322941226,4.309283340257819,8036.93994140625,30.84000015258789,130.0051483436039,4.215122648342093,7998.5,31.049999237060547,130.5232876793518,4.236737361813581,8017.06982421875,41441500,14970300,427244000,1721410000
2019-08-22,31.899999618530273,129.79786682128906,4.260340213775635,7991.39013671875,31.920000076293945,131.13559896566568,4.3063024619281265,8048.580078125,30.979999542236328,128.3941831496518,4.221085621047746,7937.1201171875,31.760000228881836,130.62688959377687,4.263818432837209,8038.7900390625,47667900,18697000,303488000,1780760000
2019-08-23,29.540000915527344,125.6622085571289,4.0357465744018555,7751.77001953125,31.829999923706055,130.3348631862218,4.238229689306233,8005.33984375,29.399999618530273,125.10639295476594,4.015870963200146,7730.77001953125,31.299999237060547,129.24206295545477,4.183820185871356,7943.64990234375,83681100,38508600,568056000,2214370000
2019-08-26,30.280000686645508,127.6029052734375,4.110528945922852,7853.740234375,30.719999313354492,127.70653316401673,4.138603490733002,7856.0400390625,29.940000534057617,126.14269931520062,4.0722685231366,7789.0498046875,30.34000015258789,127.16956273086547,4.114504257871748,7829.580078125,50612500,20312600,318208000,1691990000
2019-08-27,30.200000762939453,127.87603759765625,4.0198445320129395,7826.9501953125,30.889999389648438,128.79925820638564,4.151520221428628,7916.830078125,29.600000381469727,126.85860464374024,3.990527982661472,7795.18017578125,30.600000381469727,128.48837471701248,4.148787403077516,7908.77978515625,53229200,23102100,290968000,1914930000
2019-08-28,30.780000686645508,127.70650482177734,4.009401321411133,7856.8798828125,31.18000030517578,127.89491520607226,4.062123853700246,7866.8701171875,29.700000762939453,125.81295674120852,3.9541918190476877,7766.669921875,29.920000076293945,127.06590664021648,3.993485282144662,7798.35009765625,55835900,17393300,255612000,1663450000
2019-08-29,31.450000762939453,130.11819458007812,4.153143882751465,7973.39013671875,31.829999923706055,130.4196627002038,4.185473535124823,7992.2900390625,31.329999923706055,128.97830239098192,4.097436813714103,7925.830078125,31.469999313354492,129.2986014875221,4.100918475882633,7945.77978515625,44422800,20168700,357976000,1703760000
2019-08-30,31.450000762939453,129.87327575683594,4.165827751159668,7962.8798828125,31.8700008392334,131.11679594217904,4.249139581746481,8017.91015625,31.1299991607666,128.37539361604823,4.147673297986082,7914.740234375,31.600000381469727,131.08853509988438,4.199401132947696,8015.16015625,40307000,23940100,290616000,1668110000
2019-09-03,30.899999618530273,128.15866088867188,4.082764625549316,7874.16015625,31.139999389648438,129.2514609717269,4.126036854372874,7940.3701171875,30.68000030517578,127.8383618771932,4.059885263469695,7847.31982421875,30.829999923706055,128.6956454444926,4.092961058921285,7906.43994140625,38029300,18869300,296140000,1938780000
2019-09-04,30.950000762939453,129.65655517578125,4.19691276550293,7976.8798828125,31.829999923706055,129.71307683886516,4.204373672640568,7981.41015625,30.850000381469727,128.5731705924535,4.143444116868633,7928.93994140625,31.31999969482422,129.3456716540326,4.143444116868633,7949.81005859375,46614600,17995900,227728000,1893740000
2019-09-05,31.5,131.93637084960938,4.469977378845215,8116.830078125,32.04999923706055,132.24725441272497,4.47619456608919,8134.419921875,31.1200008392334,130.72109743244937,4.297385566695689,8061.2900390625,31.790000915527344,131.05082634402962,4.29912639809764,8061.2900390625,57861200,26101800,695676000,2108700000
2019-09-06,30.559999465942383,131.04139709472656,4.442870140075684,8103.06982421875,31.510000228881836,132.05881580833838,4.503550689927982,8134.39013671875,30.479999542236328,130.19352900033334,4.40482040048442,8098.52001953125,31.5,131.9175116466666,4.446600357889408,8125.580078125,51673000,20824500,376976000,1878730000
2019-09-09,30.5,129.55294799804688,4.488877296447754,8087.43994140625,31.18000030517578,131.6537516015237,4.575422227704875,8131.66015625,30.239999771118164,128.55436012486388,4.472463676193276,8052.33984375,30.93000030517578,131.50301755940075,4.473955952854855,8130.91015625,54413200,25773900,417524000,2186660000
2019-09-10,30.229999542236328,128.19639587402344,4.555527687072754,8084.16015625,30.3799991607666,128.95946734875338,4.582137270607853,8086.52978515625,29.770000457763672,126.71734474415543,4.446351930803564,8001.68017578125,30.219999313354492,128.87468482373725,4.456050782002219,8049.97998046875,48604800,28903400,352812000,2366080000
2019-09-11,29.760000228881836,128.2340545654297,4.5841264724731445,8169.68017578125,30.43000030517578,128.37537312914318,4.6323726411701935,8169.68017578125,29.510000228881836,127.26372746871645,4.541102797851077,8081.56005859375,30.3799991607666,128.03622870093727,4.570199821606527,8091.68017578125,50631700,24726100,361512000,2322610000
2019-09-12,30.209999084472656,129.55294799804688,4.582634449005127,8194.4697265625,30.84000015258789,130.4008018291069,4.68534397916281,8243.7998046875,29.950000762939453,128.94059634246844,4.574676430118892,8176.72998046875,30.079999923706055,129.8638315693794,4.630632065686321,8206.580078125,53618300,27010000,327840000,2228100000
2019-09-13,30.690000534057617,129.3645477294922,4.524689197540283,8176.7099609375,30.850000381469727,130.06166757283842,4.553040083077539,8210.2001953125,29.950000762939453,128.65799802353388,4.480919384377101,8165.47021484375,30.270000457763672,129.79789016593057,4.515985040709674,8190.56982421875,47758800,23363100,324592000,1984570000
2019-09-16,30.829999923706055,128.43185424804688,4.481665134429932,8153.5400390625,31.149999618530273,128.7804140538481,4.516233204088188,8165.330078125,30.260000228881836,127.80067177885657,4.439139046979034,8121.25,30.3700008392334,127.96082126732702,4.449584034270801,8121.64013671875,52248500,16731400,231832000,1876540000
2019-09-17,30.989999771118164,129.4304962158203,4.503053188323975,8186.02001953125,31.31999969482422,129.55296944216616,4.50728098950377,8188.22998046875,30.739999771118164,128.52610618817388,4.441875060065912,8139.81982421875,31.06999969482422,129.0254145822023,4.488380398702678,8148.64990234375,35011700,17814200,223048000,1857350000
2019-09-18,30.420000076293945,130.4949951171875,4.475944995880127,8177.39013671875,30.889999389648438,130.63629927677184,4.511756786968211,8179.8701171875,29.8799991607666,128.6202784762406,4.38940054559531,8086.22021484375,30.75,129.40219503377762,4.496089306245021,8174.6201171875,47027500,23982100,258152000,2045590000
2019-09-19,30.290000915527344,132.8972625732422,4.400343894958496,8182.8798828125,30.959999084472656,134.12193691998064,4.5003179031757075,8237.4296875,30.139999389648438,131.95519653742065,4.389649876932377,8174.31982421875,30.56999969482422,132.17186770071928,4.481914420746016,8193.58984375,41603000,35772100,245476000,1818430000
2019-09-20,30.049999237060547,131.36172485351562,4.294649600982666,8117.669921875,30.469999313354492,133.44368328988745,4.422974490707629,8202.8203125,29.649999618530273,130.2406636763351,4.284453641507711,8086.16015625,30.360000610351562,132.84076144352028,4.399348989262219,8184.8798828125,79957400,39167300,350244000,3363230000
2019-09-23,30.639999389648438,131.07908630371094,4.348117828369141,8112.4599609375,30.799999237060547,131.5407039018818,4.393628469610187,8135.81005859375,30.06999969482422,130.4196428597447,4.291167506740265,8085.33984375,30.1200008392334,131.16386880905182,4.2948981982130965,8106.490234375,44366800,17139300,249712000,1781750000
2019-09-24,29.520000457763672,129.42103576660156,4.290670871734619,7993.6298828125,30.75,132.53927202509888,4.4090478835043925,8158.830078125,29.290000915527344,128.95000275172796,4.25510810470205,7969.64990234375,30.540000915527344,132.2283885103079,4.3794537491471965,8147.22998046875,72963000,29773200,317268000,2310940000
2019-09-25,29.540000915527344,131.2863311767578,4.432425498962402,8077.3798828125,29.649999618530273,131.8515765819618,4.4520722313842285,8095.0,28.549999237060547,128.14924936492994,4.245409420392393,7935.56982421875,29.479999542236328,129.53408767037075,4.290173935038149,7990.66015625,58234800,21382000,308432000,2022080000
2019-09-26,29.469999313354492,131.45591735839844,4.410290718078613,8030.66015625,29.770000457763672,132.05883917954642,4.4314297223112815,8072.10986328125,29.0,130.41965311490762,4.359309027605756,7991.02001953125,29.670000076293945,131.3617193588757,4.422725565962813,8070.1201171875,40745400,17456600,234564000,1886310000
2019-09-27,28.719999313354492,129.75076293945312,4.271520614624023,7939.6298828125,29.770000457763672,132.22840143988893,4.419243167638344,8051.830078125,28.350000381469727,128.7333298028649,4.210839610602333,7890.27978515625,29.170000076293945,132.03056122939054,4.368510040267735,8047.10986328125,54091100,22477700,362056000,2041250000
2019-09-30,28.989999771118164,130.9754638671875,4.3289690017700195,7999.33984375,29.049999237060547,131.15445874683635,4.339165435307629,8012.16015625,28.360000610351562,129.7978811061182,4.266050043517498,7949.6298828125,28.889999389648438,130.05224300745024,4.297385482479538,7964.08984375,37295600,17280900,186184000,1809050000
2019-10-01,28.760000228881836,129.1289825439453,4.327228546142578,7908.68017578125,29.540000915527344,132.1247452694083,4.501312646724245,8062.5,28.639999389648438,129.06303102965373,4.3225036353085935,7906.2900390625,29.049999237060547,131.56892982660128,4.3520977711315325,8026.830078125,37081800,21466600,366008000,2250500000
2019-10-02,28.309999465942383,126.84917449951172,4.303353309631348,7785.25,28.850000381469727,128.46952908454108,4.317279957967904,7852.7001953125,28.030000686645508,125.84117140724922,4.230984069733126,7744.9599609375,28.5,128.35648577039947,4.305342695296318,7851.1298828125,43640700,30521700,293372000,2503630000
2019-10-03,28.68000030517578,128.38479614257812,4.509020805358887,7872.259765625,28.780000686645508,128.8275684602126,4.5152379912203155,7872.259765625,27.43000030517578,125.50207552124122,4.277489331704058,7700.0,28.280000686645508,127.13184621978174,4.307829597154167,7787.02001953125,56325200,24132900,450588000,2157220000
2019-10-04,29.010000228881836,130.11819458007812,4.525435447692871,7982.47021484375,29.059999465942383,130.24066780072806,4.554781026972775,7986.6201171875,28.280000686645508,128.51668472258618,4.446102866898809,7899.39013671875,28.829999923706055,128.8275683309191,4.511259767403537,7908.43994140625,34446700,22897700,265524000,1748000000
2019-10-07,28.93000030517578,129.17611694335938,4.5841264724731445,7956.2900390625,29.6299991607666,130.17470484785542,4.683851443574872,8013.31005859375,28.84000015258789,129.08191894517083,4.581639502769681,7942.080078125,28.899999618530273,129.19496229291303,4.590343659561317,7956.41015625,39337200,15303700,480984000,1759580000
2019-10-08,28.229999542236328,127.81011962890625,4.40755558013916,7823.77978515625,28.639999389648438,129.77903453695495,4.492359210475812,7921.8798828125,27.920000076293945,127.76301344394841,4.389401127543962,7823.72998046875,28.549999237060547,129.13843642085448,4.492359210475812,7898.27001953125,44265700,25550500,444436000,1943700000
2019-10-09,28.459999084472656,130.23121643066406,4.4940996170043945,7903.740234375,28.950000762939453,130.66455876545945,4.543589504862352,7930.919921875,28.350000381469727,129.03478851759584,4.455552774681767,7873.52001953125,28.799999237060547,129.49640605880475,4.484400767760316,7895.9599609375,35661500,19749900,292412000,1563500000
2019-10-10,28.3799991607666,131.04139709472656,4.5517964363098145,7950.77978515625,28.889999389648438,131.5783672838668,4.6027781304495905,7982.83984375,28.0,130.2406351791531,4.486639536337521,7899.81005859375,28.520000457763672,130.46673621261547,4.491862030522236,7904.56005859375,40660100,17654600,309124000,1793470000
2019-10-11,29.75,131.5878448486328,4.6254096031188965,8057.0400390625,30.200000762939453,132.85964040282119,4.708720958826774,8115.7998046875,28.809999465942383,131.41827977463134,4.61695400046996,8046.7998046875,28.829999923706055,132.00235641813995,4.635854591917818,8047.33984375,66256900,25446000,446404000,2184790000
2019-10-14,30.530000686645508,131.46534729003906,4.638837814331055,8048.64990234375,30.610000610351562,132.16246711107746,4.6597277880704375,8069.85009765625,29.3799991607666,131.43708645268833,4.585617712750417,8036.41015625,29.709999084472656,131.59723598927255,4.616704118721902,8044.35009765625,44473700,13304300,200040000,1423700000
2019-10-15,30.719999313354492,133.3682861328125,4.883550643920898,8148.7099609375,30.920000076293945,133.57552742119194,4.956168929382708,8166.18017578125,30.170000076293945,131.71024082748983,4.71518662925876,8071.81005859375,30.700000762939453,131.94575731974263,4.7291137551197995,8074.85009765625,41600700,19695700,664124000,1841660000
2019-10-16,30.809999465942383,132.2754669189453,4.829833507537842,8124.18017578125,31.40999984741211,132.8218668264706,4.954428183676151,8146.14990234375,30.530000686645508,131.4464443868678,4.818393825639987,8103.3798828125,30.600000381469727,132.63344216024657,4.84948023741831,8119.81005859375,42804400,20751600,428944000,1900010000
2019-10-17,31.139999389648438,131.59725952148438,4.831822395324707,8156.85009765625,31.399999618530273,133.22703039090297,4.9193615349174875,8183.64013671875,30.860000610351562,130.9660767497996,4.77735857266491,8131.25,31.299999237060547,132.78425802684473,4.874348480439834,8176.91015625,36884400,21460600,263436000,1864020000
2019-10-18,30.969999313354492,129.44931030273438,4.7373199462890625,8089.5400390625,31.329999923706055,131.88925812815606,4.864898689154544,8157.35986328125,30.290000915527344,128.64854834275522,4.662961309729431,8045.3701171875,31.059999465942383,131.6631570821554,4.8323200037831615,8149.85009765625,39681700,32273500,307440000,2020020000
2019-10-21,32.029998779296875,130.41021728515625,4.87459659576416,8162.990234375,32.2599983215332,130.4761688191154,4.888026134243323,8164.14013671875,31.40999984741211,129.07248500490974,4.779845111256999,8117.259765625,31.5,130.4290626341145,4.798745697236115,8137.419921875,52182800,20078200,261868000,1756640000
2019-10-22,31.510000228881836,128.46954345703125,4.864649772644043,8104.2998046875,32.150001525878906,131.89866332588625,5.036743978175857,8194.6201171875,31.5,128.36591561587957,4.856940309699533,8101.97998046875,32.060001373291016,130.9189209525508,4.931547495369261,8188.1201171875,36185200,27431000,328720000,1850870000
2019-10-23,31.360000610351562,129.2891387939453,4.851718425750732,8119.7900390625,31.649999618530273,129.4869645976064,4.865893631533016,8122.8798828125,30.829999923706055,127.75356666414639,4.750749730863077,8078.35009765625,31.09000015258789,128.9499944700261,4.7825822795460935,8090.240234375,26582200,29844600,279916000,1822180000
2019-10-24,31.719999313354492,131.832763671875,4.895736217498779,8185.7998046875,31.860000610351562,132.28495148242374,4.929309119275089,8187.83984375,31.34000015258789,130.63633541553193,4.858929733657293,8137.66015625,31.579999923706055,131.31462431875073,4.893000219060766,8180.0400390625,27808000,37029300,232020000,1893620000
2019-10-25,32.709999084472656,132.57696533203125,5.086730003356934,8243.1201171875,32.86000061035156,132.9632159036771,5.107619973415817,8249.9697265625,31.829999923706055,131.13560527178078,4.968601586609567,8150.58984375,31.899999618530273,131.26749395785637,4.976311048084749,8150.58984375,45368800,25959700,423092000,1911580000
2019-10-28,33.689998626708984,135.8365020751953,5.142686367034912,8325.990234375,33.90999984741211,137.23075576346218,5.195159854407328,8335.5595703125,33.150001525878906,135.19588970504887,5.101154501129985,8285.26953125,33.15999984741211,136.03432789002656,5.130500075054106,8285.76953125,51223600,35280100,330792000,1959920000
2019-10-29,33.029998779296875,134.5553436279297,5.046443462371826,8276.849609375,33.900001525878906,136.12859276746443,5.13522633756321,8319.2900390625,32.70000076293945,134.3857642035696,5.0270457624179,8275.1396484375,33.72999954223633,135.73292661034722,5.128760121351249,8313.349609375,78700100,20589500,211236000,1842720000
2019-10-30,33.130001068115234,136.2321319580078,5.048433780670166,8303.98046875,33.34000015258789,136.59953703435028,5.079023087307369,8315.5,32.029998779296875,134.51756535188775,4.9802923148940925,8241.7001953125,32.93000030517578,135.20528371576646,5.073303008397525,8284.2802734375,78228800,18496600,205960000,1936060000
2019-10-31,33.93000030517578,135.06402587890625,4.999191761016846,8292.3603515625,34.34000015258789,136.53364684424642,5.048432621386472,8321.7998046875,32.81999969482422,134.70605049939348,4.919362075375267,8248.8095703125,32.97999954223633,136.5053860083583,5.027542645655289,8314.3798828125,67881600,24605100,209732000,2276140000
2019-11-01,34.88999938964844,135.39373779296875,5.03823709487915,8386.400390625,35.0,136.05318117218664,5.070566754236402,8386.75,34.099998474121094,134.68718823492367,4.938760198276227,8326.5595703125,34.369998931884766,135.90244714985468,4.963877977109576,8335.0498046875,64238600,33128400,283640000,2071350000
2019-11-04,36.290000915527344,136.17564392089844,5.234951019287109,8433.2001953125,36.45000076293945,136.59957074826335,5.247385867333541,8451.3701171875,34.7599983215332,135.80823875387733,5.09618162521197,8421.2998046875,35.189998626708984,136.43942125236043,5.119309541330526,8445.5,83343800,16912000,376716000,2166830000
2019-11-05,36.150001525878906,136.0908660888672,5.212817192077637,8434.6796875,37.18000030517578,136.61842076984976,5.260814324386149,8457.3896484375,35.97999954223633,135.57272689333539,5.164819585428227,8421.0498046875,36.560001373291016,136.57131459302198,5.234701858026008,8446.6201171875,84848600,18250200,300868000,2327420000
2019-11-06,35.93000030517578,135.71405029296875,5.163578033447266,8410.6298828125,36.47999954223633,136.14740705653168,5.21431070636526,8426.5703125,35.52000045776367,134.9038728109251,5.076038392227528,8379.330078125,36.060001373291016,136.00608850600966,5.188695815194808,8426.5703125,51675100,16575800,269012000,2342570000
2019-11-07,36.279998779296875,135.90243530273438,5.181234359741211,8434.51953125,36.9900016784668,136.4865259946565,5.264794745082253,8483.16015625,36.029998779296875,135.4408321649153,5.136469850653474,8415.8701171875,36.52000045776367,135.5067693096953,5.250121954851984,8455.1103515625,54350200,17786700,280340000,2403680000
2019-11-08,36.290000915527344,137.50396728515625,5.167307376861572,8475.3095703125,36.58000183105469,137.5322281167354,5.198891370489453,8475.5703125,36.0,135.43141047077083,5.126770671726105,8405.8896484375,36.060001373291016,135.63866615220937,5.1643232978060345,8422.669921875,39353900,16732700,189100000,1982140000
2019-11-11,36.310001373291016,137.64527893066406,5.177255153656006,8464.2802734375,36.65999984741211,137.9373171227263,5.200383070318119,8467.2900390625,35.58000183105469,136.34522310815422,5.0802652339781655,8425.48046875,35.959999084472656,136.9198840061692,5.166561136650646,8431.259765625,43511100,14362600,243436000,1719300000
2019-11-12,36.709999084472656,138.5496826171875,5.212817192077637,8486.08984375,37.130001068115234,139.02071571611077,5.268772815950008,8514.83984375,36.400001525878906,137.5981865574973,5.1804870652443125,8462.990234375,36.43000030517578,137.80544227100668,5.215552716028571,8471.0703125,58664500,18641600,283504000,2001440000
2019-11-13,37.52000045776367,138.7757568359375,5.186954021453857,8482.099609375,37.959999084472656,138.91707537779078,5.209087245194441,8496.900390625,36.58000183105469,137.80542988932166,5.120553401550179,8451.33984375,36.650001525878906,138.23878662630173,5.181482498429327,8455.01953125,67648300,16919200,300188000,2180010000
2019-11-14,38.349998474121094,139.4822998046875,5.217294692993164,8479.01953125,38.5,139.8120286785835,5.219533108176041,8485.3603515625,37.36000061035156,138.48371207202527,5.135972723130333,8441.580078125,37.5099983215332,138.5025574183361,5.195907131607126,8461.0595703125,65829500,19729800,518080000,2113840000
2019-11-15,38.560001373291016,141.2816925048828,5.078026294708252,8540.830078125,39.369998931884766,141.30053785693727,5.2667826542626015,8540.830078125,38.34000015258789,139.68018257525807,4.989740549058636,8506.7998046875,38.939998626708984,140.3019354451368,5.215054833764426,8524.48046875,62958500,23485700,1053628000,2199480000
2019-11-18,39.880001068115234,141.6302032470703,5.279218673706055,8549.9404296875,39.9900016784668,141.82804343792287,5.305828253717168,8559.7802734375,38.599998474121094,140.34899287356916,5.067582435266569,8503.6201171875,38.650001525878906,141.3758557692715,5.070566514339797,8529.16015625,66102800,21534000,574588000,2053260000
2019-11-19,41.290000915527344,141.67730712890625,5.172530174255371,8570.66015625,41.790000915527344,142.56285148114728,5.271758042370053,8589.759765625,39.689998626708984,141.49831228645922,5.114336597361941,8536.73046875,40.13999938964844,142.13892465022818,5.248132540186939,8578.01953125,94373000,23935700,414564000,2094030000
2019-11-20,40.97999954223633,141.43153381347656,5.2518630027771,8526.73046875,41.75,142.58476633272116,5.3356719462574835,8578.26953125,40.06999969482422,140.33502970679658,5.136967646075839,8468.6298828125,40.959999084472656,142.08377353281819,5.149651050664356,8543.5703125,79767900,25696800,472588000,2608780000
2019-11-21,39.52000045776367,141.29922485351562,5.226993083953857,8506.2099609375,40.709999084472656,141.60171875338148,5.303092552708058,8530.73046875,38.63999938964844,140.3728625266567,5.2053569697853295,8487.2900390625,40.41999816894531,141.22360137854915,5.247385950468522,8527.8701171875,88069400,18576100,288388000,2073720000
2019-11-22,39.150001525878906,141.4031982421875,5.244650363922119,8519.8798828125,39.88999938964844,142.07434753406577,5.296129164582115,8535.4599609375,38.189998626708984,140.6753493765547,5.22102438971042,8477.490234375,39.36000061035156,141.856939069247,5.2496238288195185,8530.5400390625,56931900,15901800,224100000,1885730000
2019-11-25,39.790000915527344,142.9534454345703,5.50130033493042,8632.490234375,40.16999816894531,143.0668878548469,5.506274274786304,8633.150390625,39.4900016784668,141.71514172629512,5.35979492411529,8559.650390625,39.5,141.79076519857867,5.372726883135982,8559.650390625,45769500,22420900,506476000,2262750000
2019-11-26,38.9900016784668,143.7096710205078,5.396601676940918,8647.9296875,39.47999954223633,144.07832644663813,5.48836864233391,8659.73046875,38.810001373291016,143.03853611781818,5.3901354599461735,8625.6201171875,39.29999923706055,143.07634064349944,5.48364325693913,8635.400390625,43603300,24620100,385244000,2439370000
2019-11-27,39.40999984741211,143.98379516601562,5.4314422607421875,8705.1796875,39.7599983215332,144.15393715206415,5.476488528610834,8705.91015625,39.06999969482422,143.22757490605133,5.405061788535433,8662.580078125,39.459999084472656,143.99324269067327,5.4421441671354875,8669.58984375,33630100,15184400,215784000,1748520000
2019-11-29,39.150001525878906,143.09527587890625,5.394111633300781,8665.4697265625,39.52000045776367,143.96492436316433,5.428953948692531,8697.3203125,39.02000045776367,143.00074291213022,5.370219488637328,8664.0400390625,39.099998474121094,143.7758728533179,5.40058262026836,8682.009765625,17609900,11977300,141556000,1099090000
2019-12-02,38.72999954223633,141.36541748046875,5.207704544067383,8567.990234375,39.40999984741211,143.52063628831266,5.400582876929186,8672.83984375,38.439998626708984,140.20273706606196,5.1925234522213355,8540.16015625,39.31999969482422,143.50172681141444,5.387143426244552,8672.83984375,35710200,27418400,372036000,2240300000
2019-12-03,38.900001525878906,141.13851928710938,5.168133735656738,8520.6396484375,38.93000030517578,141.25194727879412,5.172115443423006,8523.98046875,37.150001525878906,138.6240930309501,4.986704002882057,8435.400390625,37.34000015258789,139.41813224384907,5.024035123991091,8460.7197265625,51556400,24066000,465232000,2318760000
2019-12-04,39.689998626708984,141.64895629882812,5.211935043334961,8566.669921875,39.81999969482422,141.96088323676742,5.274153732856538,8584.8798828125,39.130001068115234,141.03452109910205,5.183314503117947,8552.3798828125,39.380001068115234,141.92307871885663,5.251754966653496,8557.4501953125,44299400,17574700,273424000,2158870000
2019-12-05,39.619998931884766,141.72457885742188,5.19501256942749,8570.7001953125,40.220001220703125,142.09324866665452,5.2495161149548695,8588.8896484375,39.54999923706055,141.29920947776307,5.1644006964450595,8541.919921875,39.95000076293945,141.83802126937863,5.233837071340404,8587.9296875,35574000,17869100,184884000,2133380000
2019-12-06,39.630001068115234,143.44500732421875,5.2803754806518555,8656.5302734375,40.189998626708984,143.55843533386508,5.313227415652003,8665.4404296875,39.560001373291016,142.04600898499862,5.254243745108369,8630.580078125,40.099998474121094,142.726605890285,5.264198963234036,8634.25,31101400,16403500,232236000,2057020000
2019-12-09,38.93000030517578,143.07630920410156,5.2803754806518555,8621.830078125,39.84000015258789,143.87979582937618,5.335128230961175,8678.849609375,38.90999984741211,142.6509398710679,5.248768659953807,8619.76953125,39.459999084472656,142.80218678796427,5.257479238468303,8650.8603515625,27928100,16687400,211880000,2123870000
2019-12-10,39.439998626708984,142.85888671875,5.325423240661621,8616.1796875,39.72999954223633,143.57728786776826,5.377189245524088,8650.759765625,38.81999969482422,142.50912645488057,5.257728978700155,8600.8203125,39.20000076293945,143.01011919706542,5.310490410626743,8623.5595703125,33733600,16476100,256388000,2058760000
2019-12-11,39.470001220703125,143.39776611328125,5.4090447425842285,8654.0498046875,39.61000061035156,143.55846062983042,5.414520303404835,8658.48046875,39.040000915527344,142.10274802928078,5.333387065057507,8622.3603515625,39.439998626708984,143.2465191246326,5.335875870032145,8631.1201171875,31698300,18856600,233796000,1982080000
2019-12-12,42.59000015258789,144.85342407226562,5.576537609100342,8717.3203125,42.619998931884766,145.04247550608443,5.594705458329405,8745.8203125,39.25,142.75491998236723,5.371216181410031,8633.599609375,39.400001525878906,143.3504312777115,5.380175499633044,8645.3603515625,86878000,24612100,404348000,2396400000
2019-12-13,41.150001525878906,146.07284545898438,5.5745463371276855,8734.8798828125,42.95000076293945,146.4131438731203,5.6987349912449154,8768.8701171875,41.060001373291016,144.4658863347823,5.520540269672708,8697.580078125,42.349998474121094,144.62658080483226,5.579523946741145,8713.91015625,79927800,23845400,454704000,2219630000
2019-12-16,42.349998474121094,147.01812744140625,5.6034159660339355,8814.23046875,42.97999954223633,147.36787340500365,5.675838623922071,8833.4501953125,41.72999954223633,146.346992515384,5.5939586970581,8789.76953125,41.72999954223633,146.62111500128668,5.622081765896798,8791.3095703125,58824900,24144200,320976000,2368050000
2019-12-17,42.77000045776367,146.22410583496094,5.681562423706055,8823.3603515625,43.11000061035156,147.18828716752594,5.7042099297644295,8831.990234375,42.150001525878906,145.99723539679744,5.612624003881161,8804.599609375,42.5099983215332,146.94250725358953,5.622081272026224,8829.4697265625,44852000,25425600,321196000,2382450000
2019-12-18,42.29999923706055,145.9215850830078,5.7119245529174805,8827.740234375,43.060001373291016,146.97083722804186,5.7724011259536825,8848.759765625,42.2400016784668,145.74198115545315,5.707942370760209,8820.419921875,42.790000915527344,145.85542356552523,5.716404211162584,8834.650390625,39083300,24129200,343548000,2742330000
2019-12-19,42.83000183105469,147.18826293945312,5.860007286071777,8887.2197265625,43.34000015258789,147.24497693373257,5.8734467410592694,8888.1298828125,42.599998474121094,145.3355240586829,5.741542895490629,8838.9697265625,42.630001068115234,145.57184198398156,5.746520506574227,8838.9697265625,45883000,24958900,445360000,2446890000
2019-12-20,44.150001525878906,148.79522705078125,5.957314968109131,8924.9599609375,44.2599983215332,149.81612225393488,5.982700014163713,8931.91015625,43.2599983215332,147.73651290100972,5.907291090118144,8901.8701171875,43.439998626708984,148.73851305455636,5.926454362351506,8911.83984375,68104700,53477500,603044000,3830200000
2019-12-23,45.459999084472656,148.79522705078125,5.943627834320068,8945.650390625,45.630001068115234,149.4663619043782,6.018041344705996,8956.6396484375,44.38999938964844,148.66288958502255,5.932926400438514,8934.5498046875,44.58000183105469,149.4663619043782,5.985936568370332,8950.2001953125,55886500,17718200,355060000,2028670000
2019-12-24,46.540000915527344,148.7668914794922,5.938650131225586,8952.8798828125,46.61000061035156,149.07883292735974,5.95582255253584,8957.1201171875,45.77000045776367,148.5211115621822,5.893852592971181,8934.3603515625,46.099998474121094,148.86141001224644,5.92819743559169,8955.009765625,44432200,8989200,138864000,1014530000
2019-12-26,46.630001068115234,149.98623657226562,5.952835559844971,9022.3896484375,47.310001373291016,150.04295055802757,5.9809581495862005,9022.4599609375,45.65999984741211,148.78573765340704,5.923219117731929,8968.4599609375,46.9900016784668,148.93698456457176,5.942133652719928,8970.2099609375,57562800,14520600,182852000,1639960000
2019-12-27,46.18000030517578,150.2603759765625,5.895096778869629,9006.6201171875,46.880001068115234,150.81808274437748,5.981456354930958,9052.0,45.97999954223633,149.56086981821346,5.868715829045477,8987.3203125,46.849998474121094,150.72354981735478,5.968016904612984,9049.4697265625,36581300,18412800,254644000,1833740000
2019-12-30,45.52000045776367,148.96539306640625,5.781860828399658,8945.990234375,46.16999816894531,150.3171393638337,5.8784243954926385,9006.3603515625,44.65999984741211,148.15245866742518,5.750502732785757,8909.1904296875,46.13999938964844,150.28878236114747,5.873198046223655,9004.4501953125,41149700,16348400,258056000,2051320000
2019-12-31,45.86000061035156,149.0693359375,5.856021881103516,8972.599609375,46.09000015258789,149.13551187620644,5.865479146317233,8975.3603515625,44.91999816894531,147.88774637803394,5.727353611413483,8912.76953125,45.06999969482422,148.19024022863357,5.746516879830778,8918.740234375,31673200,18369400,231004000,2186830000
2020-01-02,49.099998474121094,151.82952880859375,5.970754623413086,9092.1904296875,49.25,151.93350926772743,5.970754623413086,9093.4296875,46.630001068115234,149.66486306224806,5.891363982921088,9010.8896484375,46.86000061035156,150.09023242281285,5.941885342751538,9039.4599609375,80331100,22622100,237536000,2862700000
2020-01-03,48.599998474121094,149.93899536132812,5.875185966491699,9020.76953125,49.38999938964844,151.19620847768044,5.918988068029837,9065.759765625,47.540000915527344,149.4096455068012,5.826157518294826,8976.4296875,48.029998779296875,149.6554253847614,5.851045086775378,8976.4296875,73127400,21116200,205384000,2586520000
2020-01-06,48.38999938964844,150.32655334472656,5.899824619293213,9071.4697265625,48.86000061035156,150.39272928536337,5.905050966215078,9072.41015625,47.86000061035156,147.9444646847199,5.75572649719555,8943.5,48.02000045776367,148.4832764629302,5.781858231804876,8943.5,47934900,20813700,262636000,2810450000
2020-01-07,48.25,148.9559326171875,5.971252918243408,9068.580078125,49.38999938964844,150.93154722601824,6.017045883969803,9091.9296875,48.040000915527344,148.71016714066076,5.88315121870379,9042.5498046875,49.349998474121094,150.60071074881336,5.928197495492935,9076.6396484375,58061400,21634100,314856000,2381740000
2020-01-08,47.83000183105469,151.32858276367188,5.982451438903809,9129.240234375,48.29999923706055,151.99973219349283,6.023764739731018,9168.8896484375,47.13999938964844,149.30570137096382,5.926952474390596,9059.3798828125,47.849998474121094,150.2320638417951,5.967021135605146,9068.0302734375,53767000,27746500,277108000,2472620000
2020-01-09,48.970001220703125,153.21908569335938,6.048154354095459,9203.4296875,49.959999084472656,153.34197562938405,6.120576999500233,9215.9501953125,48.38999938964844,152.21710000371593,5.994397505336159,9158.5,48.939998626708984,152.98276776943587,6.068811004490261,9202.26953125,76512800,21385000,255112000,2540960000
2020-01-10,48.16999816894531,152.51016235351562,6.080508708953857,9178.8603515625,49.290000915527344,154.28727811161113,6.185782829312582,9235.2001953125,48.0,152.35891539033636,6.066323043308651,9164.66015625,49.2599983215332,153.9091751273673,6.155420169305074,9232.9501953125,44133700,20725900,316296000,2382900000
2020-01-13,48.75,154.343994140625,6.271146774291992,9273.9296875,48.86000061035156,154.37235114362988,6.296283085616818,9274.490234375,48.2400016784668,152.43454087063708,6.140985084223415,9193.0595703125,48.65999984741211,152.90717681899122,6.163633065444852,9213.7197265625,34266800,21626500,319840000,2536820000
2020-01-14,48.209999084472656,153.25694274902344,6.154174327850342,9251.330078125,49.040000915527344,154.64649364113086,6.2537241224035025,9298.330078125,47.90999984741211,152.86937779572435,6.140983618120265,9226.490234375,48.63999938964844,154.44798018924195,6.228338604376113,9270.6103515625,38563200,23477400,359088000,2553160000
2020-01-15,48.54999923706055,154.24945068359375,6.111617565155029,9258.7001953125,49.08000183105469,154.96786650736908,6.189266562204564,9298.8203125,48.119998931884766,153.67284871260028,6.085734566138518,9231.1396484375,48.22999954223633,153.72010076525626,6.166867794798315,9253.759765625,40199900,21417900,263104000,2443220000
2020-01-16,49.77000045776367,157.07582092285156,6.195239067077637,9357.1298828125,50.310001373291016,157.14199687545099,6.201212102853012,9357.919921875,48.9900016784668,155.0529397493098,6.141730957829296,9301.3203125,49.16999816894531,155.35543366341506,6.165125150161636,9313.4501953125,58898900,23865400,284192000,2312110000
2020-01-17,50.93000030517578,157.95489501953125,6.20395040512085,9388.9404296875,51.04999923706055,158.3046409067749,6.221869514641433,9393.48046875,49.900001525878906,156.37627870580366,6.156415325826517,9346.8095703125,50.20000076293945,158.2573744405716,6.2144031003351135,9392.3701171875,57722500,34371700,253792000,2542540000
2020-01-21,51.04999923706055,157.38775634765625,6.1706013679504395,9370.8095703125,51.810001373291016,158.98526801417273,6.20419951976106,9397.580078125,50.70000076293945,157.32158039758605,6.136505265317551,9350.2001953125,50.959999084472656,157.55789835006,6.167365874333107,9361.0703125,49095000,29517200,217916000,2686610000
2020-01-22,51.43000030517578,156.6315155029297,6.224607467651367,9383.76953125,51.880001068115234,158.3235598983311,6.3112157906714685,9439.2900390625,51.20000076293945,156.61260603057121,6.196982349995887,9375.1298828125,51.630001068115234,158.23847448456866,6.215896887732162,9413.6103515625,40772200,24138800,239240000,2454580000
2020-01-23,51.709999084472656,157.59568786621094,6.293046951293945,9402.48046875,51.75,157.6713113277231,6.301508791795194,9409.2001953125,50.7400016784668,156.22504688259176,6.175827247965222,9334.1298828125,51.34000015258789,157.09469505443082,6.264675623846474,9377.7197265625,40135400,19680800,244516000,2465850000
2020-01-24,50.349998474121094,156.00765991210938,6.233816146850586,9314.91015625,52.810001373291016,158.36139201317255,6.458301325406744,9451.4296875,49.470001220703125,155.44995298181732,6.179561337282814,9273.23046875,52.279998779296875,158.3424825375192,6.408526174948215,9446.2099609375,80004900,24918100,373512000,2622970000
2020-01-27,49.2599983215332,153.398681640625,5.97797155380249,9139.3095703125,49.790000915527344,154.43848622125867,6.0289908580944,9185.4501953125,47.900001525878906,151.4325148850545,5.779618159624937,9088.0400390625,48.45000076293945,152.3305200644923,5.929191841222907,9092.4599609375,48878600,32078100,470536000,2593910000
2020-01-28,50.529998779296875,156.40469360351562,6.1713480949401855,9269.6796875,50.849998474121094,156.68826363216436,6.203701607240368,9288.8701171875,49.47999954223633,154.14549435848608,5.99066457305883,9182.330078125,50.029998779296875,154.81662932456064,6.043923950276957,9201.8203125,62343800,24899900,310976000,2169020000
2020-01-29,47.5099983215332,158.8434600830078,6.110870838165283,9275.16015625,48.06999969482422,159.51460937852576,6.192999486865854,9329.1201171875,46.099998474121094,156.62208010292088,6.071050441358389,9249.0400390625,47.84000015258789,158.65440861589227,6.156912534107337,9318.259765625,112349900,34754500,258848000,2234620000
2020-01-30,48.779998779296875,163.32403564453125,6.117589473724365,9298.9296875,48.810001373291016,164.52453468683692,6.131028921567064,9303.0,46.130001068115234,161.44293985569806,5.958061063241171,9185.1796875,46.4900016784668,164.52453468683692,6.013062069994138,9211.150390625,70460200,51597500,290504000,2345370000
2020-01-31,47.0,160.91360473632812,5.884145736694336,9150.9404296875,48.58000183105469,162.9648426873359,6.083743301311046,9324.7998046875,46.790000915527344,160.29918387299614,5.842334960195534,9123.2197265625,48.400001525878906,162.7852531721158,6.071797229542552,9324.330078125,60322400,36142700,370420000,2696090000
2020-02-03,48.02000045776367,164.8365020751953,5.981206893920898,9273.400390625,48.099998474121094,164.94993007628167,6.0006189034883555,9299.849609375,46.22999954223633,161.07430990386203,5.859755803690975,9188.5498046875,46.400001525878906,161.10266690413363,5.86597757728614,9190.7197265625,46983500,30107000,255564000,2427320000
2020-02-04,49.45000076293945,170.26234436035156,6.1504411697387695,9467.9697265625,49.75,170.75388971293165,6.169604915500799,9485.3798828125,48.61000061035156,166.6608612717509,6.073041396690385,9374.0498046875,49.209999084472656,167.44543856138947,6.123065271647515,9398.3896484375,46302100,36433300,271544000,2447340000
2020-02-05,49.84000015258789,170.05438232421875,6.240784168243408,9508.6796875,50.41999816894531,174.1190537403817,6.281599522897075,9574.9404296875,49.310001373291016,168.64593664566272,6.157410868343357,9454.9296875,50.290000915527344,173.95835927347207,6.271395565560913,9574.099609375,42737100,39186300,208220000,2470240000
2020-02-06,49.31999969482422,173.5802459716797,6.327640533447266,9572.150390625,49.38999938964844,173.75984990152529,6.327640533447266,9575.66015625,47.630001068115234,170.20561909708994,6.193995099773727,9505.6796875,48.79999923706055,171.06581980124434,6.27512832406216,9540.98046875,48670600,27751400,218284000,2313860000
2020-02-07,49.72999954223633,173.82606506347656,6.261440277099609,9520.509765625,50.66999816894531,175.470843512927,6.309722042005786,9570.08984375,48.63999938964844,172.49322810049293,6.236054755001405,9496.5302734375,48.90999984741211,172.8429885437043,6.287572013355755,9526.6396484375,53107600,33529100,189752000,2243720000
2020-02-10,52.2599983215332,178.372802734375,6.5446600914001465,9628.3896484375,52.29999923706055,178.5051402220091,6.545406305582232,9628.66015625,49.349998474121094,173.22107381930567,6.279110375824013,9493.6298828125,49.470001220703125,173.53301527380845,6.284087985183651,9493.6298828125,60971700,35844300,529608000,2187520000
2020-02-11,53.79999923706055,174.34591674804688,6.667105674743652,9638.9404296875,54.47999954223633,180.2633124685266,6.781837046465361,9714.740234375,52.90999984741211,173.45735903159144,6.59095006078048,9617.2099609375,53.220001220703125,180.2160459982191,6.652920011237149,9680.8896484375,74719100,53159900,638556000,2450070000
2020-02-12,53.88999938964844,174.60116577148438,6.782832622528076,9725.9599609375,54.849998474121094,175.6787750789202,6.789303609316135,9728.76953125,53.529998779296875,171.89768776529226,6.6810427471678455,9666.6904296875,54.529998779296875,175.42354764661337,6.719867243823403,9688.599609375,45994900,47062900,374644000,2366510000
2020-02-13,54.529998779296875,173.65586853027344,6.739030838012695,9711.9697265625,55.029998779296875,176.03794280419976,6.806227140199574,9748.3203125,53.34000015258789,172.86182934859667,6.697468796769711,9650.01953125,53.43000030517578,173.06034274994119,6.724845173517911,9657.0400390625,51640000,35295800,528016000,2254870000
2020-02-14,55.310001373291016,175.20611572265625,7.212142467498779,9731.1796875,55.400001525878906,175.26282971697995,7.341059519682939,9746.3603515625,54.560001373291016,172.65387058847747,7.11781899548029,9693.0498046875,55.189998626708984,173.22103937911754,7.149177081897548,9728.900390625,52365400,23149500,1041924000,2226720000
2020-02-18,56.88999938964844,176.98324584960938,7.3808794021606445,9732.740234375,58.130001068115234,177.42752477655208,7.399296462852883,9747.6796875,54.84000015258789,175.34792957469273,7.089447146414117,9675.7998046875,54.939998626708984,175.4519100559709,7.108859159403147,9679.0400390625,70133200,27792200,620164000,2279420000
2020-02-19,58.900001525878906,177.5139923095703,7.832087516784668,9817.1796875,59.27000045776367,178.36705462621129,7.8497578844964195,9838.3701171875,57.5099983215332,176.74623333197428,7.503324213862559,9777.099609375,57.9900016784668,178.25331684081806,7.503324213862559,9782.8095703125,58597300,29997500,694332000,2470860000
2020-02-20,57.27000045776367,174.80320739746094,7.682764530181885,9750.9697265625,59.02000045776367,177.48563556100459,7.872406892694111,9820.8603515625,56.150001525878906,171.6563400981804,7.375404030472952,9636.9404296875,58.439998626708984,177.20127650994195,7.784056461298665,9799.2001953125,74203400,36862400,810052000,2745730000
2020-02-21,53.279998779296875,169.2771759033203,7.318660259246826,9576.58984375,56.79999923706055,173.93114068656777,7.595658094730664,9715.9501953125,52.88999938964844,168.00705551331956,7.2337940614080205,9542.330078125,56.709999084472656,173.61834725384844,7.570521784732128,9708.009765625,88271100,48572600,768180000,2750160000
2020-02-24,49.119998931884766,161.97874450683594,6.801250457763672,9221.2802734375,50.279998779296875,165.44789308309143,7.015034204090224,9322.8798828125,47.4900016784668,154.71818051515862,6.669844590969031,9166.009765625,48.18000030517578,159.02144511099954,6.724348139142217,9188.4404296875,86624100,68311100,856916000,3188590000
2020-02-25,47.56999969482422,159.30575561523438,6.521761417388916,8965.6103515625,51.2400016784668,165.72271383699095,6.938377607096826,9315.259765625,47.119998931884766,158.90764439039998,6.4199715675569475,8940.490234375,51.13999938964844,165.1160881339019,6.8764076708187,9301.2001953125,88699400,68073300,1055496000,3595520000
2020-02-26,47.4900016784668,161.2962646484375,6.661132335662842,8980.7802734375,49.290000915527344,164.22512915124068,6.855254805834206,9148.3203125,47.06999969482422,159.43847946980046,6.52051844783171,8927.7998046875,47.70000076293945,160.86026003967774,6.522011350712756,9011.5498046875,86378400,56206100,747732000,3587950000
2020-02-27,44.0099983215332,149.93148803710938,6.290336608886719,8566.48046875,46.2400016784668,158.31999888346724,6.648930749588357,8904.1103515625,42.209999084472656,149.74192019388477,6.1979487749822635,8562.0498046875,45.380001068115234,154.80346983288783,6.347611926679557,8744.0302734375,106416200,93174900,906416000,4559900000
2020-02-28,45.47999954223633,153.5617218017578,6.725381374359131,8567.3701171875,46.150001525878906,155.17308412783152,6.784898103552778,8591.8203125,41.040000915527344,144.07371461815777,6.021142747479022,8264.16015625,41.36000061035156,144.4623379774153,6.037827190608867,8269.740234375,100331800,97012700,1133252000,5320020000
2020-03-02,47.459999084472656,163.77964782714844,6.883759021759033,8952.169921875,47.68000030517578,163.90287344639816,6.912646039429373,8952.8095703125,44.65999984741211,153.8461442900306,6.499515804177386,8543.349609375,47.41999816894531,156.68970562212584,6.895463350895679,8667.1396484375,102324700,71030800,890744000,4249020000
2020-03-03,46.75,155.93142700195312,6.621290683746338,8684.08984375,50.20000076293945,165.87441879835387,6.999308535821948,9070.3203125,45.66999816894531,153.79875590311715,6.535875460441235,8602.8896484375,49.029998779296875,164.73699710492832,6.939542910689141,8965.099609375,141972300,71677000,652792000,4336700000
2020-03-04,50.11000061035156,161.6564178466797,7.084972381591797,9018.08984375,50.13999938964844,161.79859008690633,7.094435307507782,9019.9599609375,47.209999084472656,156.98349255557616,6.65391219112999,8757.66015625,48.25,159.70384194438486,6.728619575989073,8834.099609375,93311800,49814400,597408000,3634760000
2020-03-05,48.11000061035156,157.59962463378906,6.805567741394043,8738.58984375,49.720001220703125,161.95974258543,7.052349995369933,8921.080078125,47.5099983215332,157.0498678014542,6.760992293337809,8677.3896484375,48.68000030517578,157.39109568141728,6.8855041236938455,8790.08984375,98302700,47817300,540328000,3763860000
2020-03-06,48.59000015258789,153.1447296142578,6.625025749206543,8575.6201171875,49.540000915527344,154.60441795195356,6.683546463734457,8612.3603515625,46.7400016784668,147.86517755045685,6.424810505443779,8375.1298828125,49.439998626708984,154.1304911008303,6.6260217716918115,8469.01953125,124590900,72821100,515412000,4292730000
2020-03-09,43.27000045776367,142.7657470703125,6.112036228179932,7950.68017578125,46.34000015258789,149.52394987677073,6.459673198416253,8243.3095703125,42.5099983215332,142.17808229169958,5.931245111708743,7943.16015625,43.029998779296875,143.12593617364425,5.9740769221666445,7957.93017578125,80859800,70419300,614160000,4554110000
2020-03-10,45.380001068115234,152.52862548828125,6.5015082359313965,8344.25,45.439998626708984,152.63288998051783,6.5015082359313965,8347.400390625,43.099998474121094,144.6235285924919,6.125731896825356,7930.43017578125,45.40999984741211,149.91255431457344,6.388451401363497,8219.759765625,76228200,65354400,580648000,4447260000
2020-03-11,45.70000076293945,145.61874389648438,6.1376848220825195,7952.0498046875,45.970001220703125,149.4765002813039,6.38994586331887,8181.35986328125,43.79999923706055,143.26805670517658,6.04056576513006,7850.9501953125,44.189998626708984,148.93623128461837,6.361557091677806,8136.25,101601100,56371600,499964000,4302610000
2020-03-12,39.0099983215332,131.80850219726562,5.386631011962891,7201.7998046875,42.5,145.4670742719519,5.879946640181565,7712.330078125,39.0,131.35353657797347,5.373930656890709,7194.669921875,42.0,137.72311310044867,5.614487417822957,7398.580078125,107461500,93226400,816540000,5099350000
2020-03-13,43.900001525878906,150.54759216308594,5.9974846839904785,7874.8798828125,43.90999984741211,153.46698304753858,6.001967021688667,7875.93017578125,39.599998474121094,133.3914358600728,5.468807747955837,7219.08984375,42.20000076293945,139.80840891555962,5.739994165932216,7610.39013671875,86689700,92727400,634836000,4701070000
2020-03-16,38.709999084472656,128.3583526611328,4.8908233642578125,6904.58984375,43.369998931884766,141.56196287538836,5.630423762094132,7422.2001953125,38.5099983215332,127.9602558230332,4.8310577571051,6882.85986328125,39.08000183105469,132.6995245572196,5.289510107058595,7392.72998046875,84545900,87905900,726972000,4618120000
2020-03-17,41.880001068115234,138.9269256591797,5.410536289215088,7334.77978515625,42.880001068115234,139.8084226699975,5.499936062141312,7406.22998046875,38.29999923706055,127.96025125728585,4.756351479681672,6828.91015625,40.189998626708984,132.69951982237052,5.003133705903673,7072.0,92741900,81059800,833632000,4920210000
2020-03-18,39.119998931884766,133.07862854003906,5.05069637298584,6989.83984375,41.95000076293945,138.3866140419556,5.228001143281701,7182.830078125,36.75,127.97918643285101,4.499358442377343,6686.35986328125,39.540000915527344,130.8037858752731,4.982962115786236,6902.31982421875,106949300,81593200,874268000,4935000000
2020-03-19,39.81999969482422,135.26820373535156,5.303457260131836,7150.580078125,41.70000076293945,142.3202228977112,5.3970900221953935,7341.3798828125,37.689998626708984,131.7516602526152,4.815868874213177,6858.3798828125,39.560001373291016,135.32507264150863,5.0292817693992715,6996.4501953125,88939000,85922700,765512000,4778490000
2020-03-20,39.61000061035156,130.18771362304688,5.123660564422607,6879.52001953125,42.47999954223633,139.4292873501573,5.735511233684111,7354.43994140625,39.58000183105469,128.77540638008531,5.108221033415552,6854.669921875,41.5099983215332,138.38664247775617,5.453616536843475,7248.06982421875,106859500,84866200,804636000,5260300000
2020-03-23,41.63999938964844,128.88914489746094,5.296482563018799,6860.669921875,42.31999969482422,133.23980446764403,5.3908629073250784,6984.93994140625,38.95000076293945,125.60957912301353,4.943616178155513,6631.419921875,40.619998931884766,129.865433072782,5.122664106908183,6847.27978515625,101704700,78975200,643876000,4348410000
2020-03-24,46.220001220703125,140.6046142578125,6.205170631408691,7417.85986328125,46.810001373291016,141.79891917510017,6.2918312232495754,7418.3701171875,43.9900016784668,133.90329612577463,5.678983959481302,7169.85986328125,44.040000915527344,136.25396924994934,5.702641033345908,7196.14990234375,106794200,82516700,1101644000,4441080000
2020-03-25,44.630001068115234,139.2586669921875,6.116519451141357,7384.2998046875,47.880001068115234,146.28226653788022,6.5199375305689005,7671.2099609375,44.43000030517578,136.90799381312664,6.067710549633546,7276.39990234375,46.790000915527344,141.14490110421414,6.320220535822808,7421.35986328125,93760400,75638200,793432000,4683630000
2020-03-26,47.5,147.9694366455078,6.405883312225342,7797.5400390625,47.5,148.4907590553709,6.529896863520589,7809.830078125,45.400001525878906,140.63304405067825,6.225589994205439,7462.2099609375,45.779998779296875,140.66147850366175,6.323705068326,7462.2099609375,73680200,64568100,696108000,4014670000
2020-03-27,46.58000183105469,141.89369201660156,6.293573379516602,7502.3798828125,47.97999954223633,146.8130548956865,6.552308779778752,7716.240234375,45.900001525878906,141.4197651798974,6.192718654401704,7491.14013671875,46.31999969482422,143.83679493970843,6.225589760738807,7554.25,74599200,57042300,638828000,3989120000
2020-03-30,47.86000061035156,151.87461853027344,6.613819122314453,7774.14990234375,48.459999084472656,152.2253342901318,6.623033160753268,7784.35009765625,46.65999984741211,142.18755101382314,6.314990552407411,7539.97021484375,47.2400016784668,144.49084339308502,6.359067749844578,7583.4599609375,68486600,63420300,602252000,3870770000
2020-03-31,45.47999954223633,149.48602294921875,6.564262390136719,7700.10009765625,48.529998779296875,156.1873415159035,6.858110320495774,7880.31005859375,45.15999984741211,148.39598244665945,6.418583333995227,7642.85986328125,47.93000030517578,151.08788365564143,6.653910565095111,7740.06005859375,83483700,77927200,949960000,4078960000
2020-04-01,43.65999984741211,144.17803955078125,6.0530171394348145,7360.580078125,46.849998474121094,149.52393430986507,6.512714924766712,7566.3701171875,43.15999984741211,142.95531453413534,6.0084421721262595,7301.97998046875,44.18000030517578,145.021628839362,6.366289194622449,7459.5,92083100,57969900,656912000,3700040000
2020-04-02,44.4900016784668,147.16375732421875,6.361807823181152,7487.31005859375,45.279998779296875,147.37228629111345,6.375005952101306,7501.7001953125,43.099998474121094,142.5192800719628,6.034092682139081,7307.9501953125,43.400001525878906,143.94106059364518,6.0821539723483005,7317.4501953125,79024100,49630700,675764000,3622170000
2020-04-03,42.59000015258789,145.808349609375,6.073935031890869,7373.080078125,44.84000015258789,149.17323344168187,6.365790446984206,7518.72021484375,41.70000076293945,144.25386997914237,5.93647398835557,7288.10986328125,44.29999923706055,147.01212796704385,6.324203549888502,7477.27001953125,79335000,41243300,663212000,3294260000
2020-04-06,47.52000045776367,156.65176391601562,6.683794021606445,7913.240234375,47.58000183105469,157.8176197600713,6.720649696082763,7938.330078125,44.060001373291016,149.3627676322206,6.2985542597634785,7617.7900390625,44.29999923706055,151.95989162657898,6.356078940367916,7660.169921875,82294000,67111700,727884000,3849130000
2020-04-07,47.560001373291016,154.96458435058594,6.450457572937012,7887.259765625,49.650001525878906,161.13510584413748,6.929081100031503,8146.43017578125,46.68000030517578,154.74656761748417,6.407376411266441,7881.22021484375,48.959999084472656,160.74648241184053,6.905423556642297,8129.990234375,102098700,62769000,784520000,4085960000
2020-04-08,48.790000915527344,156.51910400390625,6.647685527801514,8090.89990234375,49.0,157.9787925050275,6.672587985050832,8114.43017578125,47.61000061035156,154.97409766807493,6.489555470489437,7901.93994140625,48.06999969482422,157.0309386966601,6.559531142622338,7975.72021484375,64930800,48318200,542444000,3487440000
2020-04-09,48.380001068115234,156.528564453125,6.548074722290039,8153.580078125,50.25,158.64227422215973,6.796351154334703,8227.91015625,47.720001220703125,154.81295151526945,6.485071695155627,8072.31982421875,49.650001525878906,157.6849471612122,6.773441221726604,8169.009765625,80270100,51385100,525564000,4145460000
2020-04-13,50.939998626708984,156.8792724609375,6.719903945922852,8192.419921875,51.06999969482422,156.9361558362128,6.728619736451353,8200.4404296875,48.22999954223633,153.83666995479288,6.399908565162236,8035.9501953125,48.470001220703125,155.7797730783277,6.488311854794166,8127.68994140625,64290100,41905300,398408000,3184660000
2020-04-14,54.93000030517578,164.64219665527344,7.07102632522583,8515.740234375,55.13999938964844,164.6895922363069,7.105142347092595,8531.1103515625,52.11000061035156,159.23943306877445,6.82050841584251,8338.080078125,52.2400016784668,160.18728683704097,6.848150054899666,8353.2099609375,85306800,52874300,530948000,3767410000
2020-04-15,54.9900016784668,162.91708374023438,6.9935784339904785,8393.1796875,55.56999969482422,164.51895866137778,7.076503335338195,8464.66015625,53.40999984741211,160.41475077875486,6.857611671184908,8308.7900390625,53.72999954223633,162.27253576214963,6.902933767128496,8355.9599609375,83814000,40940800,366148000,3347920000
2020-04-16,56.95000076293945,167.80795288085938,7.338726997375488,8532.3603515625,58.08000183105469,168.03544289450238,7.445807245831523,8560.16015625,55.630001068115234,163.883840539858,7.135773058997118,8393.26953125,55.959999084472656,165.2108439248005,7.148971187418579,8479.1103515625,103106500,50479600,745620000,4057800000
2020-04-17,56.599998474121094,169.28662109375,7.279458045959473,8650.1396484375,57.7599983215332,170.6136100533716,7.442319315033417,8670.2998046875,55.54999923706055,166.69897092784552,7.145483321026608,8531.6904296875,57.349998474121094,170.13968335877888,7.420903174994001,8667.48046875,76908800,52765600,539120000,4348310000
2020-04-20,56.970001220703125,165.93125915527344,7.14822244644165,8560.73046875,58.630001068115234,169.42884146949478,7.3088427830521985,8684.91015625,55.849998474121094,165.86491691998498,7.103896370864844,8553.3798828125,55.97999954223633,167.4193963415168,7.152954145646521,8553.3798828125,72367300,36669600,449388000,3827370000
2020-04-21,52.91999816894531,159.06881713867188,6.711435317993164,8263.23046875,57.72999954223633,164.6137526846759,7.091445112329841,8480.2900390625,51.40999984741211,157.4479809248554,6.651669709020383,8215.6904296875,56.900001525878906,164.4526192889561,7.030185707489499,8460.6904296875,123906400,56203700,735160000,3788180000
2020-04-22,55.91999816894531,164.47158813476562,7.125811576843262,8495.3798828125,56.150001525878906,164.926553888929,7.16864386436496,8537.3095703125,54.34000015258789,161.9123858808334,6.858111442244834,8404.5400390625,54.90999984741211,162.45265500207105,6.9036824351032005,8434.5498046875,63041600,34620200,483356000,3041520000
2020-04-23,55.900001525878906,162.48106384277344,7.072518825531006,8494.75,57.290000915527344,165.93125039938644,7.299877392298321,8635.23046875,55.63999938964844,161.99766370912621,7.047367484462369,8475.2001953125,56.650001525878906,165.0307923638797,7.167895192131679,8528.83984375,69662700,32790800,424160000,3759890000
2020-04-24,56.18000030517578,165.44786071777344,7.2114739418029785,8634.51953125,56.779998779296875,165.45733404774205,7.213465986100305,8642.9296875,54.41999816894531,161.8081061021307,6.987601696004184,8464.419921875,55.099998474121094,163.08769987665707,7.062309056851469,8530.080078125,72761000,34277600,352328000,3696020000
2020-04-27,56.4900016784668,164.97393798828125,7.397993087768555,8730.16015625,58.0,167.67531233267164,7.5578662869260596,8754.5703125,56.25,164.26304771926806,7.32129367906679,8697.3701171875,57.439998626708984,167.3814800022421,7.3459472470324645,8717.98046875,62568100,33194400,479388000,3694980000
2020-04-28,55.5099983215332,160.95504760742188,7.255553245544434,8607.73046875,57.349998474121094,166.50947132086196,7.575299722350507,8830.5703125,55.29999923706055,160.55695075653242,7.250074884640491,8600.7001953125,57.15999984741211,166.4336412831067,7.54541667429506,8825.6904296875,80501800,34392700,442904000,3730350000
2020-04-29,53.65999984741211,168.1776885986328,7.432358741760254,8914.7099609375,54.86000061035156,168.41465204272475,7.485151719845998,8957.26953125,52.7400016784668,162.91711171027274,7.315068455671368,8765.009765625,54.529998779296875,164.18723229946127,7.390273596385241,8802.7001953125,110800900,51286600,379160000,4407140000
2020-04-30,52.38999938964844,169.86485290527344,7.278461933135986,8889.5498046875,54.290000915527344,170.9927865594313,7.432358525382171,8926.1103515625,52.029998779296875,167.04023871586077,7.264516672346665,8825.830078125,53.43000030517578,170.61365089823016,7.378320164848729,8911.01953125,65543900,53875900,375916000,4335660000
2020-05-01,49.880001068115234,165.466796875,7.041891098022461,8604.9501953125,51.95000076293945,169.3245532026523,7.194293457884196,8754.4599609375,49.09000015258789,164.93598675176287,6.9935804466989815,8566.83984375,51.06999969482422,166.63265266160045,7.080987710441739,8681.2900390625,69562700,39370500,342096000,3741300000
2020-05-04,52.560001373291016,169.51416015625,7.253808975219727,8710.7099609375,52.61000061035156,169.6658202264792,7.26750535035429,8715.8203125,49.72999954223633,164.73698364883285,6.994575294874223,8537.830078125,49.81999969482422,165.39100504648349,6.994575294874223,8555.3203125,62590600,30372900,317556000,3443140000
2020-05-05,52.189998626708984,171.33401489257812,7.314820289611816,8809.1201171875,53.5099983215332,174.0733112718267,7.477432690608223,8909.9599609375,51.290000915527344,170.51886020205268,7.253809290895876,8781.3095703125,53.43000030517578,171.20131596449716,7.357901461463599,8809.66015625,56560500,36839200,368896000,3933550000
2020-05-06,52.15999984741211,173.0211944580078,7.415674686431885,8854.3896484375,53.310001373291016,174.59463494769062,7.520513994329122,8933.25,51.880001068115234,172.15865865064302,7.356407319472772,8819.3701171875,52.41999816894531,172.58518988955504,7.394259018524748,8874.7001953125,48138100,32139300,323464000,3656750000
2020-05-07,51.95000076293945,174.02593994140625,7.591982841491699,8979.66015625,52.970001220703125,174.92639803706723,7.655234767610334,9015.990234375,51.619998931884766,173.05912514642642,7.503579572014176,8932.8603515625,52.93000030517578,174.56620901356314,7.554878280997428,8973.7802734375,48956600,28316000,373732000,3787220000
2020-05-08,53.189998626708984,175.04962158203125,7.781988143920898,9121.3203125,53.27000045776367,175.35294172080944,7.788213639441063,9125.98046875,51.810001373291016,173.79846216732196,7.629834696531762,9018.2099609375,52.150001525878906,175.33398059636073,7.663701829138328,9056.8896484375,40686100,30877800,339216000,3813630000
2020-05-11,55.7400016784668,177.00218200683594,8.0339994430542,9192.33984375,55.88999938964844,177.73201884699927,8.080815810300923,9241.919921875,52.75,173.31503217434738,7.748369065529269,9053.169921875,52.900001525878906,173.5993766766979,7.777006721824612,9054.91015625,68746400,30892700,469060000,3925450000
2020-05-12,53.7599983215332,172.99276733398438,7.772027492523193,9002.5498046875,56.58000183105469,177.2865432828998,8.14058236175115,9250.9599609375,53.75,172.79372616350702,7.762315680862196,9000.0703125,56.209999084472656,177.05906765949712,8.091773941626728,9225.150390625,55631100,32038200,493060000,4336510000
2020-05-13,52.18000030517578,170.376708984375,7.749615669250488,8863.169921875,55.220001220703125,174.45248294032083,8.046949472924325,9074.16015625,51.29999923706055,167.3340921291514,7.565088875981364,8752.6796875,54.040000915527344,173.0307023368351,7.886578477433536,9006.0498046875,76824700,44711500,625852000,4273210000
2020-05-14,54.5099983215332,171.11602783203125,7.9991374015808105,8943.7197265625,54.540000915527344,171.2676878956432,8.004615761813872,8945.7099609375,51.61000061035156,166.51893158760433,7.657476573048919,8705.25,52.099998474121094,168.28194005356912,7.811124296159044,8788.0400390625,73814000,41873900,602312000,3965970000
2020-05-15,54.20000076293945,173.60890197753906,8.457589149475098,9014.5595703125,54.439998626708984,177.30552593773953,8.467300485063323,9018.400390625,52.86000061035156,167.7701192161601,7.843247666290746,8821.3798828125,53.31999969482422,169.72269569068143,7.858936085271432,8839.990234375,66950900,46610400,987660000,4240690000
2020-05-18,54.59000015258789,175.26760864257812,8.716075897216797,9234.830078125,55.25,176.49033339487778,8.88167683840197,9267.2197265625,54.2400016784668,174.36715063577168,8.646598471953777,9154.349609375,54.97999954223633,176.0638021772429,8.726285957195563,9177.150390625,48569200,35264500,774460000,4341820000
2020-05-19,55.470001220703125,174.05438232421875,8.771111488342285,9185.099609375,56.72999954223633,176.8695090149878,9.052009769820181,9317.25,54.36000061035156,173.92168338263468,8.728528084789303,9183.25,54.38999938964844,175.38137174005942,8.755920839710528,9227.4599609375,60388500,26799100,717320000,4193550000
2020-05-20,56.38999938964844,176.46861267089844,8.934968948364258,9375.7802734375,56.97999954223633,176.64920874209136,9.007683809546332,9392.8203125,55.630001068115234,174.83376282051205,8.854036071033905,9304.2001953125,56.54999923706055,175.66068745873378,8.955886844050895,9305.6201171875,50888200,31261300,587536000,4315500000
2020-05-21,54.650001525878906,174.34902954101562,8.74098014831543,9284.8798828125,56.720001220703125,177.42863394594616,9.017146733214183,9405.25,54.61000061035156,174.21596102062003,8.703377331498277,9254.849609375,56.68000030517578,176.22150304446987,9.01615118571963,9375.1904296875,48496100,29119500,761068000,3745270000
2020-05-22,55.16999816894531,174.42507934570312,8.990999221801758,9324.58984375,55.369998931884766,175.32805988927586,9.057489064070714,9328.2802734375,53.779998779296875,173.5030993721259,8.67922186989456,9239.41015625,54.77000045776367,174.1209289284326,8.79078398433552,9278.5498046875,43524100,20826900,1038764000,3668070000
2020-05-26,53.189998626708984,172.58111572265625,8.683700561523438,9340.2197265625,56.08000183105469,177.26704182371978,9.14588900952472,9501.2099609375,53.02000045776367,172.13438260711965,8.638129582307922,9333.16015625,56.0099983215332,177.11495937941368,9.120986082397753,9501.2099609375,51618900,36073600,770780000,4448950000
2020-05-27,52.7400016784668,172.80923461914062,8.49195671081543,9412.3603515625,53.279998779296875,172.980331004467,8.599036016310325,9414.6201171875,49.09000015258789,167.85717121330865,7.965520111033462,9144.2802734375,53.27000045776367,171.27893938264498,8.59131672321985,9346.1201171875,102414500,39517100,1175892000,4489110000
2020-05-28,51.7400016784668,172.41952514648438,8.453857421875,9368.990234375,53.540000915527344,175.03338242380826,8.726288853092345,9523.6396484375,51.25,171.45003216242014,8.346527313061458,9345.2802734375,52.25,171.79221042249597,8.379398435381013,9392.990234375,53670200,33810200,734896000,4113660000
2020-05-29,53.79999923706055,174.17787170410156,8.840837478637695,9489.8701171875,53.79999923706055,175.14737878899288,8.840837478637695,9505.5498046875,51.849998474121094,171.47847460843317,8.451862463225005,9324.73046875,52.06999969482422,173.68361119957612,8.52109100854398,9382.349609375,64666700,42130400,745256000,4742290000
2020-06-01,53.630001068115234,173.77874755859375,8.771858215332031,9552.0498046875,54.11000061035156,173.94032973105288,8.80622360267872,9571.2802734375,52.88999938964844,172.47657596070565,8.655564399421785,9462.3203125,53.310001373291016,173.50309629122472,8.79875319671636,9471.419921875,36864400,22622400,389876000,3847770000
2020-06-02,53.540000915527344,175.7557373046875,8.790780067443848,9608.3798828125,53.56999969482422,175.84127822950188,8.802733281515106,9611.2197265625,52.0099983215332,172.3719831360549,8.624183630621726,9472.080078125,53.45000076293945,175.12840818262552,8.761894004225315,9566.5302734375,42855200,30794600,391320000,3990080000
2020-06-03,52.72999954223633,176.18348693847656,8.735249519348145,9682.91015625,53.650001525878906,176.73477494392236,8.831621909819457,9707.7802734375,52.33000183105469,174.49160956121008,8.666020989747482,9627.169921875,53.599998474121094,175.67022679734052,8.787794083509207,9651.8603515625,46765300,27311000,365440000,4679030000
2020-06-04,52.630001068115234,173.86424255371094,8.736245155334473,9615.8095703125,53.7400016784668,176.6396814066733,8.9123843803398,9716.1396484375,52.20000076293945,173.27494131537807,8.647551616421708,9560.41015625,52.59000015258789,175.17592802316418,8.697877245049368,9649.650390625,44869100,28761800,424280000,6141320000
2020-06-05,53.099998474121094,177.93238830566406,8.889216423034668,9814.080078125,53.56999969482422,178.43614872306114,8.965950355172382,9845.6904296875,52.08000183105469,172.99932449815253,8.677948158898555,9685.349609375,52.9900016784668,173.5791261393768,8.764149807557894,9703.5400390625,53908300,39893600,481748000,6607730000
2020-06-08,52.970001220703125,179.03492736816406,8.774616241455078,9924.75,53.349998474121094,179.2155234245811,8.859073012868846,9927.1298828125,52.2599983215332,175.30899518943008,8.65577744970242,9780.6103515625,53.29999923706055,176.7347352095089,8.846616337617116,9823.4404296875,39681700,33211600,387736000,6197330000
2020-06-09,56.38999938964844,180.40367126464844,9.014782905578613,9953.75,56.459999084472656,181.25910962308345,9.078313178349852,10002.5,52.720001220703125,177.98940962513453,8.721050788735848,9863.26953125,52.95000076293945,178.6927800443984,8.769632482507,9867.1904296875,79919100,29783900,468488000,5319450000
2020-06-10,57.439998626708984,187.09515380859375,9.334426879882812,10020.349609375,59.0,188.6919905733056,9.467217295005197,10086.8896484375,57.029998779296875,181.55377446710472,9.121912605675263,9962.580078125,57.20000076293945,181.66784355961488,9.136114184321398,10012.3203125,78719400,43872300,632180000,5170860000
2020-06-11,52.83000183105469,177.0484161376953,8.765893936157227,9492.73046875,56.68000030517578,186.0685895505903,9.229288393906904,9868.080078125,52.79999923706055,176.85832035143625,8.755679218308117,9491.3095703125,55.939998626708984,183.56880167969496,9.118422400608619,9791.240234375,78715400,52854700,583652000,5300850000
2020-06-12,53.5,178.44566345214844,8.9016752243042,9588.8095703125,55.599998474121094,182.22862370226562,9.155546372764283,9768.6396484375,52.11000061035156,176.0123877928457,8.673216375848513,9413.6201171875,55.0099983215332,181.10703377682555,9.130882024444821,9715.8701171875,71189100,43373600,570908000,4388990000
2020-06-15,54.68000030517578,179.58627319335938,9.142091751098633,9726.01953125,54.72999954223633,181.37320590282792,9.150562516844673,9756.0703125,52.40999984741211,174.90033194035374,8.713575356427903,9403.0,52.58000183105469,175.44212028441342,8.784829388857338,9426.900390625,56740700,32770200,400004000,4476010000
2020-06-16,54.459999084472656,183.98703002929688,9.03720474243164,9895.8701171875,56.06999969482422,185.8975167043763,9.234771362037131,9963.6298828125,53.59000015258789,181.98148820479122,8.808247914587062,9748.3798828125,55.720001220703125,183.3406869206334,9.193165484284528,9949.7802734375,50949700,42556700,535716000,4669320000
2020-06-17,54.54999923706055,184.62387084960938,9.204126358032227,9910.5302734375,55.81999969482422,186.60089915769962,9.266908669502051,9991.2099609375,54.29999923706055,184.10109650074745,9.038947864267794,9891.8095703125,54.790000915527344,185.37475436642524,9.08229864167295,9943.3095703125,45146500,25687800,408304000,4279700000
2020-06-18,54.040000915527344,186.6009063720703,9.186189651489258,9943.0498046875,55.119998931884766,186.7624885400783,9.250466921441895,9959.2001953125,53.650001525878906,184.39575430738998,9.083046458766479,9885.66015625,54.619998931884766,184.39575430738998,9.195158418164446,9892.48046875,40354700,23061600,254408000,4335320000
2020-06-19,54.22999954223633,185.48878479003906,9.229289054870605,9946.1201171875,55.459999084472656,189.42382696188116,9.412405087364501,10053.91015625,53.81999969482422,184.7474010839948,9.195406943583055,9872.9404296875,54.40999984741211,188.75848446971048,9.210604521255469,10042.1298828125,52801500,44441100,524160000,6093830000
2020-06-22,54.7599983215332,190.64048767089844,9.49387264251709,10056.48046875,55.16999816894531,190.82106925250457,9.498357500699983,10059.6103515625,53.7400016784668,185.5648413739242,9.24124749036034,9916.599609375,54.66999816894531,186.09711541174806,9.267905738300618,9945.490234375,44704800,32818900,398468000,4506960000
2020-06-23,53.9900016784668,191.91415405273438,9.417389869689941,10131.3701171875,55.369998931884766,193.85315449194295,9.60922570717564,10221.849609375,53.869998931884766,191.45790671131317,9.375036984335335,10112.4404296875,55.04999923706055,192.085235928232,9.51804117290251,10130.830078125,48089000,30917400,375108000,5755170000
2020-06-24,52.38999938964844,188.0456085205078,9.203631401062012,9909.169921875,54.7400016784668,193.18778123366354,9.52352382542354,10137.5,51.91999816894531,186.82897814336556,9.11294485967523,9842.2197265625,53.939998626708984,191.619472943819,9.443550006545554,10092.919921875,53535500,36740600,449372000,5589130000
2020-06-25,51.93000030517578,190.421875,9.457249641418457,10017.0,52.70000076293945,190.67851232035468,9.47219821833434,10023.2802734375,50.540000915527344,185.79297603620233,9.150561942125533,9810.4697265625,52.560001373291016,188.00762775594458,9.323463251881568,9899.3603515625,51129600,27803900,376072000,4779640000
2020-06-26,50.099998474121094,186.61036682128906,9.123406410217285,9757.2197265625,51.95000076293945,189.9941209296588,9.46721610323142,10000.669921875,49.45000076293945,185.23215432254898,9.093510204419653,9749.0703125,51.849998474121094,189.8420385082229,9.46721610323142,9995.1201171875,65485700,54675800,592084000,7309380000
2020-06-29,50.279998779296875,188.61593627929688,9.168251991271973,9874.150390625,50.279998779296875,188.7014772152176,9.17273685020403,9877.33984375,48.41999816894531,183.9680235503295,8.869287056151329,9663.6103515625,50.150001525878906,186.08762003729692,9.13810678244257,9771.7197265625,49905800,26701600,342248000,4336290000
2020-06-30,52.61000061035156,193.43495178222656,9.46497631072998,10058.76953125,52.77000045776367,194.28089052562854,9.493377570166425,10085.58984375,50.81999969482422,187.95061402599853,9.234524477242928,9863.669921875,51.15999984741211,188.08368255293655,9.281860226431489,9875.2900390625,42275700,34310300,367892000,4510190000
2020-07-01,52.58000183105469,194.56605529785156,9.497113227844238,10154.6298828125,52.869998931884766,196.13437858721664,9.542705967758568,10197.1904296875,51.599998474121094,191.78111574984317,9.380517348684924,10048.0400390625,52.630001068115234,193.0832874630938,9.487895459840797,10063.669921875,32370900,32061200,326648000,4624430000
2020-07-02,52.34000015258789,196.04879760742188,9.579078674316406,10207.6298828125,53.189998626708984,197.72167556493906,9.703896302605694,10310.3603515625,52.04999923706055,194.85118093605638,9.545195612171268,10194.0595703125,53.029998779296875,195.49750959900197,9.605735972928237,10268.669921875,29081400,29315800,364056000,4038920000
2020-07-06,53.400001525878906,200.2689666748047,9.80529499053955,10433.650390625,53.52000045776367,200.6776863993689,9.874555120077645,10462.0498046875,52.33000183105469,197.78817819437523,9.678982404276315,10354.98046875,52.900001525878906,198.49154856739926,9.708131608857562,10360.3798828125,36769400,31897600,315892000,4570260000
2020-07-07,52.93000030517578,197.94024658203125,9.837684631347656,10343.8896484375,54.16999816894531,204.04241234730003,10.035250331547491,10518.98046875,52.86000061035156,197.69312352420133,9.816757188984752,10337.98046875,53.279998779296875,200.03132911943715,9.911927631799411,10412.4599609375,32153100,33600700,357800000,4337130000
2020-07-08,53.43000030517578,202.2935333251953,10.180747985839844,10492.5,53.470001220703125,202.70223856853215,10.189717705698035,10494.6298828125,52.06999969482422,198.35849081572363,9.931112641941606,10350.9599609375,53.0099983215332,199.67017648667414,9.959264903187567,10409.349609375,35608300,33600000,365480000,4030210000
2020-07-09,57.2599983215332,203.7097930908203,10.472735404968262,10547.75,57.58000183105469,205.6678075649142,10.533524777131117,10578.099609375,53.310001373291016,201.00088055902637,10.198185802877653,10379.91015625,53.52000045776367,205.62027998475654,10.344429847075826,10563.7197265625,87216300,33121700,494548000,4013180000
2020-07-10,55.880001068115234,203.09193420410156,10.443087577819824,10617.4404296875,58.150001525878906,203.48164000033935,10.618479869923425,10622.349609375,55.5099983215332,200.6301596435578,10.34293428234566,10447.009765625,57.540000915527344,203.04440663081272,10.552209640724762,10545.91015625,59839700,26177600,497676000,3537510000
2020-07-13,53.59000015258789,196.81869506835938,10.017560005187988,10390.83984375,58.349998474121094,205.1164992228562,10.755006067364793,10824.7802734375,53.380001068115234,196.27690681431983,9.99040375490686,10368.0400390625,56.68000030517578,203.861840847215,10.558437354482594,10729.919921875,57741800,38135600,457076000,4851880000
2020-07-14,54.720001220703125,198.0353240966797,10.341187477111816,10488.580078125,54.86000061035156,198.51057084084894,10.366848770172666,10497.830078125,52.2599983215332,192.02819828875812,9.75172853933137,10182.4599609375,53.29999923706055,195.92522739229784,10.040229672823857,10310.25,54890100,37591800,542676000,4461770000
2020-07-15,55.34000015258789,197.7406768798828,10.191953659057617,10550.490234375,55.369998931884766,200.86780886223525,10.396993084951673,10604.669921875,53.59000015258789,194.879696441531,10.02104533716707,10420.5400390625,54.959999084472656,199.18543117423306,10.378308555541459,10576.7197265625,42360300,32179400,403984000,4647070000
2020-07-16,54.91999816894531,193.8246307373047,10.099777221679688,10473.830078125,55.150001525878906,195.51650798920733,10.171528314447539,10499.7900390625,53.7400016784668,192.2943356382939,9.861352646599135,10364.3896484375,54.68000030517578,195.23135704153594,9.980440433918838,10443.8701171875,36887100,29940700,344964000,4277760000
2020-07-17,55.040000915527344,192.8361358642578,10.166296005249023,10503.1904296875,55.810001373291016,194.88919090755047,10.2131337464676,10532.6201171875,54.68000030517578,191.4198952550157,10.052939034613193,10421.2099609375,55.310001373291016,194.3474171263726,10.190213351910279,10500.51953125,34710400,31635300,266284000,4361480000
2020-07-20,57.459999084472656,201.12445068359375,10.474477767944336,10767.08984375,57.529998779296875,201.78979330001377,10.49490720598803,10783.7998046875,54.83000183105469,192.959699672657,10.121699312228516,10488.0400390625,55.22999954223633,194.85118714961936,10.23879412998473,10526.01953125,45034300,36884800,284852000,4314630000
2020-07-21,57.0,198.41551208496094,10.292858123779297,10680.3603515625,58.5,203.34857552033253,10.523559885167359,10839.9296875,56.31999969482422,197.73115562552331,10.25125224063376,10650.4599609375,57.810001373291016,203.08243850870448,10.476721191189911,10837.8798828125,44741000,37990400,277036000,5350750000
2020-07-22,61.790000915527344,201.26698303222656,10.402726173400879,10706.1298828125,62.0,201.78975731740158,10.565910768554447,10745.3203125,56.970001220703125,198.07332453951392,10.255984157807204,10627.4501953125,57.06999969482422,198.84322189432683,10.331722094937254,10687.580078125,135159400,49605700,367292000,4128960000
2020-07-23,59.56999969482422,192.51300048828125,10.094793319702148,10461.419921875,62.33000183105469,200.4781428679277,10.510603105060774,10728.1201171875,58.630001068115234,192.14230850063143,9.996632984171347,10407.8701171875,61.630001068115234,196.93280519082717,10.413937722405896,10689.5,106829100,67457000,411660000,4501540000
2020-07-24,69.4000015258789,191.33433532714844,10.159318923950195,10363.1796875,69.94000244140625,192.81710279590382,10.328981333279204,10418.75,64.05000305175781,187.73195701203042,9.743260165513863,10217.3095703125,64.18000030517578,190.4978964459514,9.840921543413533,10294.41015625,205314500,39827000,473292000,4233390000
2020-07-27,68.97000122070312,193.75808715820312,10.38553524017334,10536.26953125,71.62999725341797,193.8721417261621,10.405714725652683,10546.4404296875,67.79000091552734,190.91610664507132,10.182487780384779,10399.8603515625,69.27999877929688,191.4959082044936,10.196938356220194,10421.7001953125,107918100,30160900,292132000,4244570000
2020-07-28,67.61000061035156,192.01869201660156,10.180249214172363,10402.08984375,69.80000305175781,194.56600751672175,10.346174763234469,10523.6396484375,67.0199966430664,191.75255500922717,10.174021351300896,10397.8701171875,68.0999984741211,193.52997313063014,10.338451947166476,10509.2001953125,94181400,23251400,271636000,3894660000
2020-07-29,76.08999633789062,193.9577178955078,10.429384231567383,10542.9404296875,77.19000244140625,194.51850562770954,10.47995887667741,10567.91015625,73.9000015258789,192.00920315300615,10.31129340937831,10464.0,75.5,192.47495022909868,10.354892241369713,10474.7001953125,132969700,19632600,284508000,4009640000
2020-07-30,78.19999694824219,193.80563354492188,10.577370643615723,10587.8095703125,78.95999908447266,194.33792212812435,10.586339409099345,10609.58984375,75.06999969482422,189.69000914080848,10.259720292587549,10412.08984375,75.37000274658203,191.04920798725416,10.339195130438815,10450.1201171875,80286900,25079600,308880000,4185810000
2020-07-31,77.43000030517578,194.86065673828125,10.578118324279785,10745.26953125,78.95999908447266,194.94621217125055,10.729345196481006,10747.7998046875,75.36000061035156,189.15769604486636,10.396995248418266,10557.7001953125,78.66999816894531,194.28085515431556,10.526795731850012,10741.4697265625,71621600,51044000,386080000,4438730000
2020-08-03,77.66999816894531,205.81985473632812,10.972253799438477,10902.7998046875,78.5,206.86540338070947,11.06044840939836,10927.5595703125,77.05999755859375,200.02185312701084,10.678271766238865,10831.150390625,78.19000244140625,201.0483878405726,10.69546229744022,10848.6396484375,42628800,78983000,412720000,4203890000
2020-08-04,85.04000091552734,202.73077392578125,11.18900203704834,10941.169921875,85.80999755859375,204.13751489873653,11.18900203704834,10941.91015625,77.98999786376953,199.8983070536526,10.868362731603609,10852.900390625,78.02999877929688,203.56721293636207,11.011865830271953,10897.8896484375,155676100,49280100,310336000,4016520000
2020-08-05,85.30999755859375,202.39805603027344,11.24779987335205,10998.400390625,86.31999969482422,204.35607000841836,11.332506580940676,11002.1103515625,83.31999969482422,201.09588478339361,11.127716100125092,10943.7197265625,84.95999908447266,204.2610148721797,11.205197994341091,10967.8701171875,65642600,28806400,249924000,4160740000
2020-08-06,86.70999908447266,205.6393280029297,11.296381950378418,11108.0703125,86.9800033569336,205.658327435437,11.31880434287186,11121.1904296875,84.77999877929688,201.07695511580707,11.140173154557944,10963.41015625,85.48999786376953,201.8278387945875,11.310582577201503,10989.98046875,53961700,32656800,244316000,4120000000
2020-08-07,84.8499984741211,201.96083068847656,11.160848617553711,11010.98046875,87.29000091552734,205.02142055306317,11.465045312789252,11126.0400390625,82.66999816894531,200.48756303882877,10.99940800488128,10920.3701171875,86.66999816894531,204.2135098766214,11.273458550825488,11072.5302734375,66543200,27820400,342516000,4263930000
2020-08-10,82.23999786376953,197.94024658203125,11.126469612121582,10968.3603515625,85.16000366210938,201.39054219594667,11.36888005134779,11040.240234375,79.31999969482422,196.1343149595848,10.819033954905294,10849.4599609375,85.05000305175781,201.19093220446166,11.295136017955185,11033.73046875,70536100,36716500,427796000,4048420000
2020-08-11,76.87999725341797,193.31137084960938,10.812557220458984,10782.8203125,80.70999908447266,197.36996761393385,11.098317491574115,10989.419921875,76.0999984741211,193.08324719054212,10.758493721569288,10762.7099609375,80.70999908447266,196.9042350854853,11.035534226796273,10942.66015625,77877700,36446500,354512000,4331770000
2020-08-12,82.61000061035156,198.83375549316406,11.400774002075195,11012.240234375,82.87999725341797,199.86979002066158,11.427431309209975,11036.7197265625,77.55000305175781,194.61356165253872,10.920436869620666,10877.16015625,78.43000030517578,195.1268218072775,10.952824989334243,10878.1201171875,88513700,28013100,464412000,3745230000
2020-08-13,81.83999633789062,198.36801147460938,11.403512001037598,11042.5,84.0199966430664,200.88682821734017,11.681300500548199,11124.849609375,81.54000091552734,197.8452370937874,11.316563329189249,11007.5,82.87999725341797,199.07138196002268,11.506156253897396,11026.8603515625,57407400,22588900,374460000,3480470000
2020-08-14,81.30000305175781,198.55807495117188,11.524091720581055,11019.2998046875,83.23999786376953,199.21391774906647,11.66435591118837,11058.4404296875,80.87999725341797,197.23688964214472,11.401018059489926,10972.0595703125,81.80999755859375,198.42500644894537,11.490208662293185,11042.240234375,42389500,17958900,366436000,3514260000
2020-08-17,82.41999816894531,199.8698272705078,12.294425010681152,11129.73046875,83.05999755859375,200.73478007542118,12.366924042281948,11144.5302734375,81.55000305175781,198.57715517303436,11.776469020888552,11080.2998046875,82.08999633789062,199.223498473463,11.810351132151725,11083.25,31450200,20184800,621300000,3214870000
2020-08-18,81.66000366210938,201.01988220214844,12.218438148498535,11210.83984375,82.87999725341797,201.84680693348818,12.45287677557738,11230.6201171875,81.02999877929688,198.85275811055578,12.044540832043971,11103.830078125,82.80000305175781,200.10740203040297,12.40703504191184,11170.75,30970500,21336200,503448000,3228590000
2020-08-19,81.08999633789062,199.80029296875,12.096610069274902,11146.4599609375,81.8499984741211,202.08700035706565,12.27250033410157,11257.419921875,80.44999694824219,199.37153987670285,12.05624919671835,11132.099609375,81.77999877929688,201.50579719810975,12.254064801327434,11214.7998046875,37507400,27627600,622624000,3496480000
2020-08-20,82.7699966430664,204.44989013671875,12.099103927612305,11264.9501953125,82.83999633789062,204.85006060351787,12.33229665139421,11283.6201171875,79.12000274658203,199.04756702727556,11.837758946746654,11090.0302734375,79.73999786376953,199.64781545825596,11.933677341805534,11096.400390625,42948900,26981500,921388000,4215130000
2020-08-21,83.80999755859375,202.9635467529297,12.639729499816895,11311.7998046875,84.41000366210938,206.04105767072892,12.764547124909544,11326.2099609375,82.2300033569336,202.80157402445997,12.153163721850538,11245.4404296875,83.29000091552734,203.76388771893443,12.15964153363295,11258.4404296875,48280300,36249300,999868000,3929290000
2020-08-24,83.08000183105469,203.60191345214844,12.676352500915527,11379.7197265625,85.33000183105469,205.34552274676594,12.867939296377706,11462.0498046875,82.55000305175781,202.40138747377478,12.464336268553247,11297.5302734375,84.55000305175781,204.6499748411111,12.83928809456214,11449.25,38036100,25460100,490564000,3907310000
2020-08-25,86.3499984741211,206.25071716308594,12.705999374389648,11466.4697265625,86.62000274658203,206.38410735274064,12.717210094124312,11468.259765625,82.3499984741211,203.03981539454313,12.530357162147993,11343.0400390625,83.36000061035156,203.03981539454313,12.587160613133165,11370.23046875,49234400,23043700,289076000,3475280000
2020-08-26,86.0199966430664,210.7097930908203,12.728920936584473,11665.0595703125,87.72000122070312,211.60541925134504,12.82409136442748,11672.0498046875,85.19999694824219,207.09872041084344,12.633999509151844,11507.4599609375,86.97000122070312,207.59417596445235,12.755080235422875,11516.6201171875,47157300,39600800,321244000,3471520000
2020-08-27,83.80000305175781,215.8834228515625,12.584673881530762,11625.33984375,86.58000183105469,220.2376708942696,12.805658948401529,11730.009765625,82.94000244140625,209.04237476042434,12.523136551386164,11551.009765625,86.3499984741211,212.36762114380463,12.737394804005758,11688.1904296875,42194200,57602200,317604000,3547400000
2020-08-28,85.55000305175781,218.1034393310547,13.102378845214844,11695.6298828125,86.04000091552734,219.75176405329466,13.10262784564443,11708.76953125,84.19000244140625,215.8834340675416,12.598872415476373,11634.76953125,84.30000305175781,217.40789128020305,12.631260528605571,11689.2802734375,40723300,26292900,537160000,3012980000
2020-08-31,90.81999969482422,214.8830108642578,13.328343391418457,11775.4599609375,92.63999938964844,217.90335740203147,13.528150979902662,11829.83984375,85.05000305175781,213.72060436852902,12.99275552259069,11697.419921875,85.05000305175781,216.28361517405492,13.13725461731576,11718.8095703125,90655900,28774200,500840000,3612050000
2020-09-01,92.18000030517578,216.5408477783203,13.777425765991211,11939.669921875,92.51000213623047,216.7123432061148,13.949630647103293,11945.7197265625,90.19000244140625,213.83490987501472,13.39413750128578,11794.7802734375,91.91999816894531,214.86392605709895,13.437500302872197,11850.9599609375,55825600,25725500,511316000,3511060000
2020-09-02,90.22000122070312,220.7140655517578,14.301267623901367,12056.4404296875,94.27999877929688,221.86694924784757,14.680318719031057,12074.0595703125,88.73999786376953,216.61707521022916,13.856174608412418,11836.1796875,94.01000213623047,217.207801074862,14.65739052033488,12047.259765625,50366900,34080800,874012000,3982360000
2020-09-03,82.54000091552734,207.04151916503906,12.974465370178223,11458.099609375,88.47000122070312,218.4845356074586,13.840725107880663,11894.400390625,81.58999633789062,204.81199137013098,12.838146289033148,11361.3603515625,87.83999633789062,218.4464303584892,13.785150980513366,11861.900390625,87462700,58400300,945128000,4465010000
2020-09-04,82.01000213623047,204.13551330566406,12.582704544067383,11313.1298828125,84.38999938964844,208.05148569437216,13.133462408954491,11531.1796875,76.33000183105469,195.5032274145481,11.667847643821455,10875.8701171875,81.44999694824219,204.94539163590494,12.743445322871539,11396.240234375,82267800,59664100,1463684000,4284440000
2020-09-08,78.69000244140625,193.09266662597656,11.875441551208496,10847.6904296875,81.87999725341797,200.11473306475375,12.510433341431117,11131.5,78.0,192.65437628036617,11.667349913206706,10837.2001953125,78.05000305175781,196.75138131717694,11.69750413983094,10900.7001953125,54955700,52924300,795728000,3905420000
2020-09-09,81.91000366210938,201.31521606445312,12.674911499023438,11141.5595703125,82.44000244140625,204.69762722495835,12.76886406789316,11217.6904296875,79.27999877929688,196.9419086014435,12.193184504037099,10970.4501953125,81.4000015258789,197.79942927592472,12.360904118495581,11064.759765625,54163900,45679000,736200000,3550660000
2020-09-10,78.9800033569336,195.67471313476562,12.272936820983887,10919.58984375,83.30999755859375,204.60237606499447,13.024061348194675,11299.5302734375,78.37999725341797,194.47420152382745,12.128642561522312,10875.01953125,83.06999969482422,203.32562487927262,12.948300730170063,11235.5302734375,51499400,35461500,698684000,3840010000
2020-09-11,76.33999633789062,194.3979949951172,12.126147270202637,10853.5498046875,79.98999786376953,198.78084050234108,12.612608590860168,11033.0400390625,75.04000091552734,191.73971383980165,11.858244411196186,10728.0302734375,79.81999969482422,197.4183414729298,12.446135301009607,11010.0703125,54763000,33620100,636928000,3630250000
2020-09-14,77.9000015258789,195.71279907226562,12.83166790008545,11056.650390625,78.81999969482422,199.32387049658774,13.273022041293633,11118.2900390625,76.26000213623047,194.39794286500464,12.591428464582796,10982.259765625,76.80000305175781,194.5980353681065,13.039760506816634,11010.1396484375,47448700,30375800,1201744000,3737610000
2020-09-15,78.93000030517578,198.92373657226562,12.950040817260742,11190.3203125,80.33000183105469,199.87652772915487,13.256820260509723,11244.4599609375,75.97000122070312,197.16106711664477,12.787305559031369,11127.98046875,77.66000366210938,198.58073117424792,13.238129187299958,11193.9599609375,57874400,21823900,727556000,3786110000
2020-09-16,76.66000366210938,195.36984252929688,12.475045204162598,11050.4697265625,79.72000122070312,200.70546463715695,13.051472087075725,11245.419921875,76.54000091552734,194.97919463994998,12.474297979375853,11046.4296875,79.3499984741211,200.67688206363792,12.916399323525857,11222.080078125,38393500,26328100,556384000,3678020000
2020-09-17,76.55000305175781,193.33084106445312,12.42420482635498,10910.2802734375,76.62999725341797,194.6838026501684,12.550057048769823,10974.4501953125,74.19999694824219,190.5201102929385,11.99680656074234,10783.8095703125,74.87999725341797,190.60585800070598,12.093999008494725,10796.0498046875,55619100,34011300,792512000,3740110000
2020-09-18,74.93000030517578,190.92979431152344,12.150818824768066,10793.2802734375,77.4000015258789,194.03588784185274,12.592671016823958,10977.6796875,73.8499984741211,186.98524002077554,11.950951439901562,10639.9501953125,77.0,193.22602418775512,12.554043494899407,10973.4501953125,51082900,55225300,698460000,5759090000
2020-09-21,77.94000244140625,192.9783172607422,12.477787017822266,10778.7998046875,77.9800033569336,193.140304553541,12.483020443369432,10782.740234375,73.87999725341797,187.109134700145,11.866968777052533,10519.490234375,74.2300033569336,187.88089322203805,11.88740432937985,10610.1396484375,61312000,39839700,721044000,3900970000
2020-09-22,77.69999694824219,197.62789916992188,12.597905158996582,10963.6396484375,78.79000091552734,198.27580458268034,12.608122933885662,10979.650390625,75.2699966430664,192.5399989329697,12.11717634274842,10737.51953125,78.36000061035156,195.37931192288303,12.535353135164089,10873.2998046875,56044700,33517100,646452000,3515440000
2020-09-23,74.7300033569336,191.12037658691406,12.085526466369629,10632.990234375,77.91000366210938,198.27584755147745,12.686875066180855,10962.0302734375,74.33999633789062,190.58681585985815,12.04116736498731,10612.91015625,77.38999938964844,198.08527768743798,12.535852009546938,10950.8203125,42327500,30803800,647012000,4097320000
2020-09-24,75.81999969482422,193.59762573242188,12.309069633483887,10672.26953125,77.25,195.8652732003476,12.529871698718129,10799.5498046875,73.9000015258789,189.79598401356498,11.976123011187333,10520.2197265625,74.54000091552734,190.4153069509795,12.034189790419692,10551.01953125,57540900,31202500,731240000,4086360000
2020-09-25,78.05999755859375,198.00904846191406,12.833162307739258,10913.5595703125,78.19999694824219,199.17144019967697,12.842881933702188,10939.5498046875,74.66999816894531,192.97829820351433,12.207142912715822,10639.98046875,76.3499984741211,193.94062649521072,12.408256652197235,10680.4599609375,48206200,29437300,588016000,3785270000
2020-09-28,79.4800033569336,199.55259704589844,12.993904113769531,11117.5302734375,79.56999969482422,202.5348382407548,13.010601640307375,11120.7900390625,77.5199966430664,198.2377404994357,12.709802791708746,11019.1396484375,79.12000274658203,200.9246187398699,12.999137539161858,11084.3798828125,48005500,32004900,573808000,3591740000
2020-09-29,81.7699966430664,197.4755096435547,13.184050559997559,11085.25,82.55000305175781,200.15286527380047,13.400366389247864,11153.23046875,79.30000305175781,197.04675648786915,12.892473238294206,11065.6298828125,79.30000305175781,199.46685440932734,12.896709412588681,11109.0,61568900,24221900,621460000,3389040000
2020-09-30,81.98999786376953,200.4005584716797,13.487842559814453,11167.509765625,82.94000244140625,201.97265800789293,13.579552517363965,11277.9599609375,80.66000366210938,196.78947197711074,13.108791403649274,11092.900390625,81.75,197.9232957386492,13.116018379126281,11092.900390625,51533700,33829100,689184000,4260630000
2020-10-01,84.86000061035156,202.4300079345703,13.571578025817871,11326.509765625,85.25,203.88777718640915,13.71936026989289,11344.1298828125,82.86000061035156,201.34382663832886,13.418312330469947,11240.5302734375,83.05999755859375,203.41138162597977,13.714625944764755,11291.990234375,52177100,27158400,525004000,4005900000
2020-10-02,81.80000305175781,196.45599365234375,13.021068572998047,11075.01953125,84.6500015258789,201.02939371006642,13.476876636179565,11244.8701171875,81.66000366210938,195.8366707318804,13.009853546705289,11033.6904296875,82.58000183105469,198.18054316818606,13.18330571184835,11082.5302734375,52855100,33154800,552496000,3731510000
2020-10-05,86.1500015258789,200.44821166992188,13.599489212036133,11332.490234375,86.27999877929688,200.47679424204267,13.601233687205514,11335.2099609375,82.55000305175781,197.2087129579813,13.181062344978049,11162.51953125,82.55000305175781,197.4373880733873,13.194270921546652,11169.1103515625,47056500,21331600,479820000,3623920000
2020-10-06,84.4800033569336,196.18922424316406,13.693191528320312,11154.599609375,87.25,200.25763188349316,14.09741348387712,11392.41015625,83.54000091552734,195.1506854050532,13.621917127514193,11124.4501953125,86.20999908447266,198.9618499090392,13.786396879631232,11314.5302734375,52725400,28554300,784420000,4390960000
2020-10-07,86.69000244140625,199.9241485595703,13.919975280761719,11364.599609375,87.79000091552734,200.1909288915541,14.074736369831703,11380.5595703125,85.6500015258789,196.96096780077255,13.819792021827784,11258.349609375,86.0999984741211,197.2849132698332,13.955612959185514,11271.6796875,43045700,25681100,418084000,3910770000
2020-10-08,86.51000213623047,200.63876342773438,13.795119285583496,11420.98046875,88.72000122070312,201.21996661458442,14.040094914623563,11448.23046875,85.94999694824219,198.48546064844754,13.714624359696066,11384.330078125,88.11000061035156,200.57206106834602,14.03062436412646,11443.349609375,54240700,19925800,378900000,3507570000
2020-10-09,83.0999984741211,205.62184143066406,13.71935749053955,11579.9404296875,85.75,205.66948389253287,13.780664136525914,11581.23046875,82.3499984741211,201.25805652305527,13.617679798335953,11476.66015625,84.73999786376953,201.25805652305527,13.723594615604076,11487.599609375,80354400,26458000,346892000,3504230000
2020-10-12,84.29000091552734,210.94793701171875,14.18114948272705,11876.259765625,85.12999725341797,213.2918094400436,14.301768294691879,11965.5400390625,83.12000274658203,206.57462949111385,13.868638402637721,11704.1298828125,83.6500015258789,208.4611517383171,13.945395309887523,11732.330078125,47669700,40461400,434744000,3885030000
2020-10-13,85.27999877929688,212.33901977539062,14.203329086303711,11863.900390625,86.08999633789062,214.57808461932888,14.303263268238275,11946.98046875,83.97000122070312,210.02372990076108,13.974552820948032,11821.830078125,84.86000061035156,212.20562960629036,14.251427164697901,11901.759765625,42764100,28950800,344604000,3634130000
2020-10-14,84.20999908447266,210.43344116210938,14.050811767578125,11768.73046875,85.95999908447266,213.634819812789,14.297530937265298,11939.919921875,83.45999908447266,208.78511664370075,13.915988081551372,11714.349609375,85.86000061035156,212.47241351746592,14.24544575809428,11889.0703125,40403000,23421700,276100000,3410410000
2020-10-15,83.12999725341797,209.2900848388672,13.925955772399902,11713.8701171875,84.72000122070312,209.95703566397012,13.961592497317445,11740.6796875,82.41999816894531,205.81238879482586,13.72434294529411,11559.099609375,83.4000015258789,206.85094208509787,13.767207595825163,11559.8798828125,33696400,22733100,267224000,3325270000
2020-10-16,83.16999816894531,209.2900848388672,13.76795482635498,11671.5595703125,83.98999786376953,211.795915405928,14.076977879491116,11827.419921875,82.41000366210938,208.96613937216543,13.749014676143386,11648.5302734375,83.54000091552734,209.75694314722043,13.992494903591206,11761.830078125,31474300,26057900,242392000,3166980000
2020-10-19,82.0,204.1068878173828,13.455193519592285,11478.8798828125,84.6500015258789,211.80544079048374,13.939411256075054,11778.1103515625,81.52999877929688,203.6304923205704,13.364479876319214,11454.5703125,83.62000274658203,210.01418907016932,13.859165412616278,11732.33984375,36689100,27625800,298068000,3477410000
2020-10-20,81.55999755859375,204.51658630371094,13.602478981018066,11516.490234375,82.69000244140625,207.10817903708136,13.75624280985995,11632.8896484375,80.58000183105469,203.03023464101497,13.464415427510037,11471.23046875,82.16000366210938,205.61230469803786,13.54067417932236,11531.830078125,38219400,22753500,229212000,3510040000
2020-10-21,79.19999694824219,204.65957641601562,13.482110023498535,11484.6904296875,81.93000030517578,206.6794893421019,13.748019370402716,11613.7900390625,79.19000244140625,203.05887945428486,13.43500919480444,11476.080078125,81.72000122070312,203.05887945428486,13.58204420681316,11530.3896484375,36426400,22724900,219596000,3467310000
2020-10-22,79.41999816894531,204.7452850341797,13.318873405456543,11506.009765625,80.81999969482422,205.86004890997927,13.568832390858473,11548.76953125,78.41999816894531,201.70587900793112,13.190030400350476,11369.2900390625,79.6500015258789,203.8305991538514,13.479864180122386,11526.9697265625,38006800,22351500,290480000,3434040000
2020-10-23,81.95999908447266,206.02203369140625,13.547405242919922,11548.2802734375,81.98999786376953,206.0696761583048,13.550396043668407,11548.849609375,79.33000183105469,203.09697231586392,13.249348086572756,11434.8603515625,80.93000030517578,204.87868717803974,13.407597191275125,11536.009765625,46557700,18879600,233484000,3145570000
2020-10-26,82.2300033569336,200.162353515625,13.09981632232666,11358.9404296875,84.97000122070312,206.12682049278558,13.649577805301476,11545.6298828125,80.86000061035156,198.27583123211025,12.997390459978721,11221.0595703125,82.55000305175781,203.75437998821897,13.384665762754866,11440.6396484375,69423700,37111600,336896000,3205100000
2020-10-27,78.87999725341797,203.18270874023438,13.354512214660645,11431.349609375,82.37000274658203,204.5356704020045,13.399619486373137,11465.0595703125,77.56999969482422,200.400560381581,13.149908603860732,11361.8603515625,82.0,201.60107197312493,13.264047645682204,11409.33984375,156669500,36700300,250520000,3104770000
2020-10-28,76.4000015258789,193.11170959472656,12.587188720703125,11004.8701171875,78.95999908447266,198.9809067591582,13.218193334409735,11249.9501953125,75.76000213623047,192.5591035035503,12.56924582198825,10999.0703125,78.7300033569336,197.8661428219542,13.156388537797922,11230.900390625,76529900,51195600,376520000,3930690000
2020-10-29,78.0199966430664,195.05540466308594,12.982938766479492,11185.58984375,79.18000030517578,197.57077270816046,13.15115654997992,11287.6298828125,76.29000091552734,193.7691308000109,12.70980245234301,11030.1904296875,76.75,194.43609623327302,12.798023456887062,11064.4697265625,52784100,31432600,320080000,3244190000
2020-10-30,75.29000091552734,192.91163635253906,12.494482040405273,10911.58984375,77.69999694824219,194.64570878486924,12.895712202598007,11129.8095703125,74.2300033569336,190.19617560413607,12.26121961191501,10822.5703125,77.08999633789062,193.89301013017186,12.809485711152558,11103.4697265625,51349000,36953700,416820000,3671600000
2020-11-02,74.69999694824219,192.7782745361328,12.54108715057373,10957.6103515625,76.33999633789062,195.5890060955772,12.796279626218718,11071.080078125,73.76000213623047,190.67259926723062,12.355922756739838,10830.9501953125,75.8499984741211,194.64573743039514,12.617844058143817,11010.4501953125,45760700,30842200,299652000,3209000000
2020-11-03,76.58000183105469,196.68467712402344,12.978452682495117,11160.5703125,77.08000183105469,198.29489655104663,13.063682887469264,11213.919921875,74.5999984741211,193.53094063130447,12.563016632474788,11004.83984375,74.93000030517578,194.2645939137079,12.668433313890562,11038.66015625,41231800,27512000,272900000,3216580000
2020-11-04,81.3499984741211,206.1744842529297,13.75075912475586,11590.7802734375,81.8499984741211,208.01337880275392,13.783905100563205,11663.3095703125,78.97000122070312,202.39190207967457,13.294951096689376,11394.2099609375,80.25,203.91637379335975,13.347036272004377,11443.76953125,66579700,42311800,410228000,3620760000
2020-11-05,83.0,212.7487335205078,14.115357398986816,11890.9296875,83.5,213.5395519346152,14.293792964075415,11924.2802734375,81.8499984741211,210.7097610023845,13.946890534905274,11784.150390625,83.2699966430664,211.55774456042553,14.117850049572407,11816.330078125,46542300,36080100,319028000,3848160000
2020-11-06,85.87999725341797,213.158447265625,14.516090393066406,11895.23046875,86.08999633789062,213.7682330487648,14.542755669985283,11920.5400390625,82.66999816894531,207.73706304101447,13.851193438556013,11737.1298828125,83.5199966430664,211.7673657242911,14.065265730682986,11869.900390625,53829900,25231900,383348000,4183220000
2020-11-09,83.12000274658203,208.08004760742188,13.587775230407715,11713.7802734375,87.05000305175781,217.35070093341986,14.6451809486513,12108.0703125,82.7699966430664,207.59412938058674,13.567838779939635,11703.490234375,84.23999786376953,213.84443666623005,14.506619243028116,12046.66015625,58580700,44395000,582976000,5863900000
2020-11-10,77.98999786376953,201.04843139648438,12.729738235473633,11553.8603515625,82.12999725341797,206.27925942118705,13.56360007172124,11665.8701171875,77.62999725341797,199.81933735619901,12.588434820948699,11424.6103515625,81.93000030517578,204.37367734801214,13.56360007172124,11622.4404296875,67137200,44045100,644068000,4736560000
2020-11-11,81.27999877929688,206.32691955566406,13.37569808959961,11786.4296875,81.47000122070312,207.74656901719345,13.392644692449075,11793.5703125,78.97000122070312,202.1822723760831,12.907428639416796,11638.900390625,79.38999938964844,202.36330501469286,13.012596256393248,11656.650390625,44611300,29440800,404744000,3854680000
2020-11-12,81.83999633789062,205.26931762695312,13.414322853088379,11709.58984375,83.0,208.76605923155117,13.722597713712116,11847.83984375,80.30000305175781,204.33558641645527,13.27401668464067,11666.3701171875,81.31999969482422,206.95576195060497,13.436502877183004,11802.5,37242600,21593900,365812000,3886670000
2020-11-13,81.43000030517578,206.288818359375,13.255078315734863,11829.2900390625,83.11000061035156,207.15586184430438,13.625656173241703,11849.7900390625,80.69999694824219,204.04976775287432,13.018077819853307,11715.51953125,82.7300033569336,206.1459054941405,13.584286919539194,11794.9404296875,30423200,18621100,346312000,3654230000
2020-11-16,83.7300033569336,206.97482299804688,13.472640991210938,11924.1298828125,83.77999877929688,207.4607558021883,13.606467432541349,11937.7197265625,80.4800033569336,204.3927670537816,13.114523521877004,11814.8896484375,81.20999908447266,204.72623524216695,13.130971023574494,11847.1103515625,38640800,24953300,413776000,4172570000
2020-11-17,83.36000061035156,204.33560180664062,13.37993335723877,11899.33984375,84.80999755859375,207.4035760150649,13.553384573065271,11950.1796875,82.91000366210938,203.97353650780587,13.261807196529444,11852.41015625,83.93000030517578,205.89817875225006,13.509772694181835,11913.349609375,29473500,24154100,312028000,4145030000
2020-11-18,82.54000091552734,201.6416778564453,13.386411666870117,11801.599609375,83.95999908447266,205.54879230047052,13.562853664158515,11942.490234375,82.22000122070312,201.49837627647196,13.143430545915464,11799.9599609375,83.01000213623047,204.0967541671124,13.422796566288316,11896.0595703125,29968000,28372800,510924000,4731420000
2020-11-19,85.54000091552734,202.92173767089844,13.397875785827637,11904.7099609375,85.63999938964844,203.50446239032152,13.44497661001742,11912.6298828125,81.72000122070312,200.5430716044339,13.058698515613026,11760.98046875,82.38999938964844,201.92824719633262,13.171093089061117,11779.0400390625,50116800,24792700,565936000,5385190000
2020-11-20,84.63999938964844,200.98255920410156,13.046485900878906,11854.9697265625,86.0999984741211,203.75288192230383,13.451953179863478,11935.4697265625,84.47000122070312,200.60999836163293,13.023806777843802,11852.509765625,85.27999877929688,202.71162400059706,13.411581184645012,11892.7001953125,35008400,22843100,341088000,5350970000
2020-11-23,85.30999755859375,200.71507263183594,13.098570823669434,11880.6298828125,87.54000091552734,202.79758839493735,13.340305591351534,11949.330078125,84.62000274658203,198.8522684913318,12.97446308983627,11796.5302734375,85.5199966430664,201.5175090959758,13.129722294563242,11916.759765625,46505000,25683500,361356000,5473250000
2020-11-24,85.06999969482422,204.29739379882812,12.916898727416992,12036.7900390625,86.11000061035156,204.66995462675723,13.120504177239319,12049.8798828125,83.31999969482422,199.5209654528128,12.844377993357543,11863.4501953125,85.72000122070312,200.21831990991032,13.101065874983098,11939.330078125,36839200,33979700,346500000,6339580000
2020-11-25,86.70999908447266,204.3069305419922,13.193022727966309,12094.400390625,87.83999633789062,205.66343437093508,13.22766315151968,12114.76953125,85.5199966430664,202.95998889819435,12.978950462304862,12020.9501953125,85.76000213623047,205.49148995634454,12.991410861654828,12053.8896484375,41349700,21012900,259916000,4448640000
2020-11-27,87.19000244140625,205.60614013671875,13.219439506530762,12205.849609375,88.0,206.59964544209117,13.365229132389386,12236.23046875,86.36000061035156,204.46934780485185,13.128975881494377,12154.5703125,87.98999786376953,205.24314147743166,13.332831332124405,12159.1796875,22717600,14512200,167276000,3401830000
2020-11-30,92.66000366210938,204.49798583984375,13.359249114990234,12198.740234375,92.73999786376953,205.1571206288047,13.370215066759313,12244.650390625,86.52999877929688,201.4124030008416,12.931352638422043,12027.16015625,87.33000183105469,204.52664324038548,13.22318004895571,12224.25,84483000,33064800,286952000,7760390000
2020-12-01,92.62999725341797,206.5423126220703,13.347784996032715,12355.1103515625,93.9000015258789,207.6026802551805,13.48609762777796,12405.7900390625,90.77999877929688,203.8101951352775,13.186544162676142,12263.9296875,92.25,204.91831538871995,13.449712726033608,12313.3603515625,58583600,30904500,296948000,6512420000
2020-12-02,93.73999786376953,205.73989868164062,13.50179672241211,12349.3701171875,96.37000274658203,205.8354330925211,13.630389717182007,12360.0595703125,92.52999877929688,203.28482174826178,13.192524609305062,12217.349609375,92.88999938964844,205.27181796723818,13.308408129801464,12285.75,57988800,23724500,283360000,5194960000
2020-12-03,92.30999755859375,204.66041564941406,13.357709884643555,12377.1796875,94.69999694824219,206.7047264846699,13.620955227906979,12439.01953125,92.01000213623047,204.09678600267054,13.290901954891696,12356.990234375,94.05999755859375,205.01386669744562,13.548662227713455,12369.259765625,35859700,25120900,199520000,5209980000
2020-12-04,94.04000091552734,204.7750244140625,13.519497871398926,12464.23046875,94.58000183105469,205.74941981992606,13.521242861894294,12464.23046875,90.62999725341797,203.6477798118867,13.350481990906417,12376.4404296875,92.58000183105469,204.64128501141468,13.410060816255628,12399.3203125,45570300,24666000,202244000,5086900000
2020-12-07,94.06999969482422,204.70811462402344,13.56785774230957,12519.9501953125,95.0,205.90222144794012,13.692002161308737,12536.23046875,92.97000122070312,203.46625518834955,13.46141332691698,12460.5498046875,94.94999694824219,204.78453920993402,13.562373622565351,12461.0,39815700,24620000,223244000,4771820000
2020-12-08,92.91999816894531,206.3512420654297,13.311843872070312,12582.76953125,94.73999786376953,207.24921288280584,13.559882637157383,12594.5400390625,91.9000015258789,203.3707555877573,13.243539139085321,12453.2099609375,94.05000305175781,204.40246580922124,13.546171860855974,12503.169921875,33907500,23284100,271920000,4809480000
2020-12-09,89.83000183105469,202.32949829101562,12.893789291381836,12338.9501953125,94.69999694824219,205.60612098805632,13.375657659277737,12607.1396484375,89.16000366210938,201.76588327062407,12.831467938222275,12290.7802734375,92.76000213623047,205.53925857408703,13.262482439496566,12591.6904296875,52170400,32440600,401300000,5168450000
2020-12-10,91.66000366210938,201.10671997070312,12.935173034667969,12405.8095703125,92.08999633789062,203.55224866960762,13.031397616453376,12431.5595703125,89.02999877929688,200.9538707828964,12.812773594068839,12214.740234375,89.55000305175781,202.3008269195042,12.832218590000648,12247.5498046875,33804400,26733300,207764000,4518580000
2020-12-11,91.6500015258789,203.72422790527344,12.976053237915039,12377.8701171875,92.33000183105469,203.7815572928785,12.98278405020142,12383.5,90.16000366210938,199.75979798803561,12.786346653479503,12246.76953125,91.54000091552734,200.65776889930476,12.930184245172232,12336.7900390625,28368100,30979400,209264000,4292680000
2020-12-14,94.77999877929688,204.62220764160156,13.270712852478027,12440.0400390625,95.41000366210938,206.54234135534176,13.350484131039204,12543.0,91.8499984741211,203.36123801346994,13.040123970669978,12432.7099609375,92.20999908447266,203.57140204757587,13.050593915320558,12447.4404296875,48026400,28798400,270156000,4491930000
2020-12-15,97.12000274658203,204.55526733398438,13.322312355041504,12595.0595703125,97.9800033569336,205.7875790861293,13.425515937821444,12596.1298828125,95.44999694824219,202.74977851133113,13.149059056353826,12465.419921875,95.93000030517578,205.54875773616726,13.401335220553591,12543.259765625,57232700,27000600,193016000,4423650000
2020-12-16,96.8499984741211,209.47503662109375,13.204648971557617,12658.1904296875,97.2699966430664,210.26792546149707,13.39884214592736,12687.3203125,95.45999908447266,205.1189363798678,13.174734036543057,12566.3798828125,97.04000091552734,205.1475937833099,13.38413382690294,12611.0400390625,34909000,35023300,223116000,4592700000
2020-12-17,96.83999633789062,209.6087646484375,13.303115844726562,12764.75,97.91999816894531,211.01303564686324,13.34125648065479,12765.25,96.25,208.17583624812565,13.140830805209069,12696.349609375,97.55000305175781,210.03864025323077,13.328542301379823,12730.7802734375,32023700,32515800,231384000,5029830000
2020-12-18,95.91999816894531,208.81585693359375,13.234064102172852,12755.6396484375,97.68000030517578,209.8666768292249,13.366683361556884,12809.599609375,93.55999755859375,206.3607807432557,13.033140123420997,12654.599609375,97.2699966430664,208.81585693359375,13.340757656203472,12804.9296875,51823100,63354900,342064000,7125800000
2020-12-21,93.2300033569336,212.63699340820312,13.294142723083496,12742.51953125,95.27999877929688,213.9839494454833,13.331785067544075,12751.26953125,91.08000183105469,207.56442979599882,12.930435361494242,12525.2197265625,94.25,207.82236095933965,13.03737902706712,12596.1396484375,47093900,37181900,302332000,5192860000
2020-12-22,93.16000366210938,213.92665100097656,13.240297317504883,12807.919921875,93.55000305175781,215.54108593235114,13.29912869656647,12840.5703125,90.52999877929688,211.93010767555515,13.01668843755986,12695.3095703125,93.36000061035156,212.73254404895405,13.281180494833558,12785.2197265625,35673700,22612200,185580000,5811850000
2020-12-23,91.55000305175781,211.1372528076172,12.972064971923828,12771.1103515625,93.12999725341797,213.5636721100201,13.237055302531518,12841.919921875,91.45999908447266,210.9270887842,12.967827545846838,12758.669921875,93.08000183105469,213.13379645357705,13.218109557528855,12834.9404296875,25993300,18699600,179144000,7100250000
2020-12-24,91.80999755859375,212.78985595703125,12.956608772277832,12804.73046875,92.51000213623047,213.6114021119119,13.094962250561007,12833.5498046875,91.30999755859375,211.3091604413567,12.901766628858566,12767.6396484375,91.80000305175781,211.51932442817505,12.999984380257285,12791.5400390625,16705900,10550600,97884000,3305960000
2020-12-28,91.5999984741211,214.90106201171875,12.863125801086426,12899.419921875,93.13999938964844,215.92321005733746,13.025161685689636,12930.8896484375,90.81999969482422,213.04780555492192,12.726767422475538,12827.4501953125,92.93000030517578,214.413857010838,13.025161685689636,12914.6396484375,30627300,17933500,212564000,5109140000
2020-12-29,90.62000274658203,214.12725830078125,12.906255722045898,12850.2197265625,92.45999908447266,217.02177246063968,13.035136828772556,12973.330078125,89.43000030517578,213.58275309646694,12.805544564367517,12821.9599609375,91.66000366210938,216.19067866518566,12.888058370495152,12965.3896484375,31748200,17403200,170372000,4726920000
2020-12-30,92.29000091552734,211.7677001953125,13.108176231384277,12870.0,92.8499984741211,215.54108989426393,13.175981710757751,12924.9296875,90.19000244140625,211.5670983865259,12.859888338350087,12857.759765625,90.77999877929688,215.1589669166923,12.953120278145812,12906.509765625,25845000,20272300,225396000,5343010000
2020-12-31,91.70999908447266,212.474609375,13.017684936523438,12888.2802734375,92.30000305175781,213.02867674081537,13.113410256321384,12902.0703125,90.87000274658203,209.8571217316309,12.87808475898394,12821.23046875,92.0999984741211,211.78680261581542,13.098952036695424,12877.08984375,24930700,20942100,192424000,4815840000
2021-01-04,92.30000305175781,207.9561309814453,13.076017379760742,12698.4501953125,96.05999755859375,213.02869534095603,13.613477268003745,12958.7197265625,90.91999816894531,205.2049037044896,12.925448959611947,12543.240234375,92.11000061035156,212.57970992905,13.066794130908479,12958.51953125,51802600,37130100,560640000,6636170000
2021-01-05,92.7699966430664,208.15672302246094,13.366435050964355,12818.9599609375,93.20999908447266,208.7490099968448,13.405073987470002,12828.26953125,91.41000366210938,206.055097651957,13.049593299152141,12665.650390625,92.0999984741211,207.54534083146888,13.062306528679214,12665.650390625,34208000,23823000,322760000,6971860000
2021-01-06,90.33000183105469,202.75938415527344,12.578444480895996,12740.7900390625,92.27999877929688,206.8098006575534,13.207142186008463,12909.6298828125,89.45999908447266,202.46324792879471,12.55002633699992,12649.990234375,91.62000274658203,202.68295955223013,13.184706458898969,12666.150390625,51911700,35930700,580424000,7689880000
2021-01-07,95.16000366210938,208.52928161621094,13.305858612060547,13067.48046875,95.51000213623047,209.53233438460273,13.339512676724356,13090.91015625,91.19999694824219,204.15408651290377,12.849666782088335,12867.33984375,91.33000183105469,204.4693179251259,12.930434635384632,12867.33984375,42897200,27694500,461480000,6841480000
2021-01-08,94.58000183105469,209.79983520507812,13.238800048828125,13201.98046875,96.4000015258789,210.71691586641606,13.382637648539365,13208.08984375,93.2699966430664,207.32564880606074,13.00472125127349,13036.5498046875,95.9800033569336,208.90186433865418,13.324305523719442,13160.2197265625,39816400,22956200,292528000,7289390000
2021-01-11,97.25,207.76507568359375,13.582568168640137,13036.4296875,99.2300033569336,209.12157952096553,13.92109826379757,13138.26953125,93.76000213623047,207.03904928013995,13.324308596029095,12999.509765625,94.02999877929688,208.701251514019,13.380397446544206,13048.7802734375,48600200,23031300,518344000,6960470000
2021-01-12,95.36000061035156,205.31951904296875,13.446206092834473,13072.4296875,98.97000122070312,207.392501541839,13.715185654983586,13105.0400390625,94.06999969482422,203.78152328009872,13.306856014425799,12963.919921875,97.86000061035156,206.81932437348303,13.713190565215053,13062.0595703125,67672300,23249300,291476000,7264070000
2021-01-13,91.77999877929688,206.66648864746094,13.493073463439941,13128.9501953125,93.88999938964844,207.0677068608454,13.586057211439117,13171.150390625,90.83999633789062,204.3642467924793,13.3467434043827,13051.0595703125,93.01000213623047,204.45023357688456,13.45144283836418,13088.009765625,60712900,20087100,210028000,7104810000
2021-01-14,90.79000091552734,203.49496459960938,13.162520408630371,13112.6396484375,92.36000061035156,207.73643545452734,13.5608784418514,13220.16015625,90.44999694824219,203.22748576880403,13.142827216100367,13098.41015625,91.7699966430664,206.25573969910283,13.536199426324881,13174.75,53408200,29480800,283120000,6734100000
2021-01-15,88.20999908447266,203.1414794921875,12.822744369506836,12998.5,91.58999633789062,204.91831131296394,13.28716288467263,13139.830078125,87.86000061035156,202.54920707742923,12.811776129686693,12949.759765625,90.75,203.97258788636626,13.190190863914939,13099.900390625,49340300,31746500,277780000,6458360000
2021-01-19,89.44999694824219,206.76202392578125,12.988021850585938,13197.1796875,89.58000183105469,207.2778717519121,13.05657477975122,13206.8603515625,87.23999786376953,203.12238801060246,12.807289326171569,13078.7001953125,89.55999755859375,204.19230325087497,12.979046798283063,13132.73046875,45115100,30480900,226188000,6297860000
2021-01-20,88.75,214.3087615966797,13.327545166015625,13457.25,90.77999877929688,215.6939227599558,13.392109800780052,13486.1298828125,88.5999984741211,207.57399540278436,13.01942840763839,13329.76953125,90.55000305175781,207.96566598543168,13.074270546993267,13342.5498046875,35185800,37777300,258572000,6820990000
2021-01-21,91.52999877929688,214.9105987548828,13.827862739562988,13530.91015625,92.06999969482422,216.18113032934212,13.959236264193995,13560.349609375,88.43000030517578,212.47461760314508,13.21511912323299,13454.0703125,89.33999633789062,214.65266756607497,13.380145761603893,13521.48046875,54221900,30709400,337780000,7258640000
2021-01-22,92.79000091552734,215.8467559814453,13.67330551147461,13543.0595703125,95.94999694824219,219.7825421565969,13.802186604239331,13567.1396484375,91.87999725341797,215.70346898693128,13.588299278392899,13463.66015625,94.41999816894531,216.9262332617842,13.700727061039379,13474.8095703125,71294700,30172700,246820000,5972750000
2021-01-25,94.12999725341797,219.26669311523438,13.614226341247559,13635.990234375,95.73999786376953,219.5055145049017,13.788975499046002,13728.98046875,91.4000015258789,214.19412913094075,13.19866753200428,13368.6796875,94.13999938964844,218.87502253781977,13.74235905033523,13681.2099609375,55086900,33152100,251112000,7193710000
2021-01-26,94.70999908447266,221.94151306152344,13.396848678588867,13626.0595703125,95.72000122070312,223.70878273824454,13.605749231505072,13702.6904296875,93.62999725341797,219.79212038536122,13.349234689420664,13603.1904296875,94.91000366210938,221.49252764749383,13.541682883107807,13681.7197265625,59449100,49169600,163980000,6849600000
2021-01-27,88.83999633789062,222.48602294921875,12.880827903747559,13270.599609375,91.87999725341797,229.6888849420293,13.19492712938978,13538.419921875,86.22000122070312,219.84943979215547,12.757181781831777,13192.91015625,91.0999984741211,227.35798561441428,13.192184594045496,13486.580078125,73341200,69870600,371272000,11621190000
2021-01-28,87.5199966430664,228.24636840820312,13.013694763183594,13337.16015625,89.87999725341797,231.79048419595736,13.301620049021917,13507.6396484375,87.30000305175781,224.5780754115442,12.92345356941751,13316.51953125,89.83000183105469,225.0748279766649,12.959101769876003,13323.2900390625,47048400,49111200,228316000,9959270000
2021-01-29,85.63999938964844,221.5880584716797,12.952622413635254,13070.6904296875,88.33000183105469,227.377086987308,13.296636595811426,13322.0,85.0199966430664,221.00533366135892,12.874596137407885,12985.0498046875,87.55999755859375,225.437858347954,13.037628651929008,13284.7197265625,56735800,42503100,271552000,7872250000
2021-02-01,87.66000366210938,228.9341583251953,13.199164390563965,13403.3896484375,87.94999694824219,231.6567277604019,13.232817502593113,13431.4599609375,84.66000366210938,222.03699602740483,12.865869347591303,13132.4697265625,86.83000183105469,224.54940149192532,13.01593946153721,13226.1796875,42359300,33314200,217204000,7092520000
2021-02-02,88.86000061035156,228.8004608154297,13.5180025100708,13612.7802734375,89.27999877929688,231.47526355109804,13.533208177107893,13652.7001953125,86.94999694824219,228.0171341621031,13.247527071774433,13535.8603515625,88.48999786376953,230.51043029200613,13.360454111923822,13543.099609375,33850000,25916300,220440000,7325270000
2021-02-03,87.88999938964844,232.1343994140625,13.491827011108398,13610.5400390625,89.4800033569336,234.13094280778196,13.89193002868741,13723.830078125,87.33999633789062,228.5616260438529,13.477867087311907,13585.33984375,88.5999984741211,228.85777682234598,13.597024736589539,13718.3095703125,32312900,27158100,245408000,7546940000
2021-02-04,87.83999633789062,231.18870544433594,13.625195503234863,13777.740234375,88.5999984741211,232.36371744411298,13.634418753169928,13778.419921875,87.05999755859375,229.62203735447068,13.299628759470641,13631.6201171875,88.22000122070312,231.80964994475156,13.492326119723447,13674.0595703125,30791600,25296100,201340000,7295370000
2021-02-05,87.9000015258789,231.37017822265625,13.55215072631836,13856.2998046875,88.36000061035156,232.40188845915685,13.697983404125509,13878.16015625,86.87999725341797,229.66977095597062,13.507030130989914,13761.66015625,88.1500015258789,231.39883562562832,13.685768473106418,13824.8798828125,30268700,18054800,169152000,6792910000
2021-02-08,91.47000122070312,231.6280975341797,14.397480964660645,13987.6396484375,91.98999786376953,232.78398493204895,14.432380774378426,13987.740234375,87.9800033569336,230.04231996079577,13.688014429574338,13894.150390625,88.30999755859375,232.27768473686635,13.688014429574338,13937.0595703125,47639900,22211900,434624000,8564530000
2021-02-09,90.91000366210938,232.8699493408203,14.222482681274414,14007.7001953125,93.30000305175781,233.81567265249217,14.541567742930555,14044.9501953125,90.55000305175781,230.58681758942583,14.181848652102182,13966.5498046875,91.38999938964844,231.05489815330387,14.299760559735732,13966.8203125,37596400,23565000,287560000,8766770000
2021-02-10,92.3499984741211,231.96246337890625,14.722050666809082,13972.5302734375,93.2699966430664,234.92384008224641,14.862398307109832,14109.1201171875,90.45999908447266,230.11875453556536,14.300509448878522,13845.4697265625,91.5,234.04497905294213,14.421911341669587,14093.349609375,42441300,22186700,485352000,10785930000
2021-02-11,92.66000366210938,233.55776977539062,15.207158088684082,14025.76953125,93.6500015258789,234.1882471613524,15.228597220621056,14058.91015625,91.33000183105469,231.32239050634175,14.882339786927213,13916.849609375,92.9000015258789,233.83479617171466,14.937432032198304,14045.2099609375,35571000,15751100,450828000,10916780000
2021-02-12,93.7699966430664,234.03546142578125,14.918486595153809,14095.4697265625,94.22000122070312,234.3315976764022,15.247543280777698,14102.0400390625,91.9000015258789,231.87650629918292,14.732768268450995,13937.7099609375,92.75,233.02284628528176,15.006982807103192,13979.2099609375,38538400,16561100,374756000,7416940000
2021-02-16,91.45999908447266,232.80308532714844,15.286431312561035,14047.5,94.0,235.12443679051168,15.328561180758324,14175.1201171875,90.75,232.05796376520485,14.907268204475995,13995.4501953125,93.9000015258789,234.0736168562319,15.021191826127696,14152.2099609375,35105900,26728500,321960000,7722100000
2021-02-17,89.94000244140625,233.81802368164062,14.863394737243652,13965.490234375,90.95999908447266,233.92334770145064,15.17998735005581,13976.4296875,88.56999969482422,230.69662531011264,14.737754476290354,13804.259765625,90.55999755859375,231.0604745803787,15.127636686605337,13911.650390625,32245500,21653500,274756000,7280500000
2021-02-18,88.63999938964844,233.42544555664062,14.786614418029785,13865.3603515625,89.5999984741211,233.5594929778077,14.830737473228302,13905.9599609375,87.30999755859375,230.62001931004644,14.533339769901213,13714.349609375,89.08999633789062,231.5200582564853,14.686899869828187,13814.669921875,35624900,16925600,233868000,6499420000
2021-02-19,89.58000183105469,230.7253875732422,14.88383674621582,13874.4599609375,90.41999816894531,233.4925213487546,15.133620482317376,13985.580078125,88.69000244140625,229.96896550082693,14.804314630283326,13842.599609375,89.75,233.38719731120597,14.981556212316738,13929.2001953125,29548300,25262600,271724000,6737820000
2021-02-22,85.37000274658203,224.5399627685547,14.314716339111328,13533.0498046875,88.30000305175781,227.81456205861232,15.089994124865994,13757.0595703125,85.20999908447266,222.51966738845243,14.284053959471905,13530.9599609375,88.1500015258789,227.32624961880384,14.732518363727369,13714.2001953125,36930200,36446900,325884000,6483740000
2021-02-23,84.73999786376953,223.3527069091797,14.101579666137695,13465.2001953125,85.11000061035156,224.84638235438035,14.198053394853817,13526.08984375,79.36000061035156,219.00571338525143,13.35122992204336,13003.98046875,83.4000015258789,220.5376964424216,14.035019925437572,13262.6103515625,49720900,30228700,391780000,7516510000
2021-02-24,86.94000244140625,224.57827758789062,14.45755672454834,13597.9697265625,87.08999633789062,225.20063745920083,14.465285082228274,13607.3603515625,82.80999755859375,219.26422894259488,13.716680430519219,13286.58984375,84.33000183105469,220.23128425603434,14.082382854481477,13400.25,40821200,26339700,448320000,5886230000
2021-02-25,82.41999816894531,219.2546844482422,13.269464492797852,13119.4296875,87.08999633789062,224.6165963051779,14.333664338191792,13602.8603515625,81.91999816894531,218.1918745974985,13.178475835369932,13066.3798828125,86.16999816894531,222.21331214271885,14.005355063249329,13512.6396484375,54625100,39542200,824436000,6390380000
2021-02-26,84.51000213623047,222.5005340576172,13.675300598144531,13192.349609375,85.58999633789062,225.3634069812622,13.814899830880389,13368.0595703125,82.91000366210938,219.7812635364305,13.322810633589587,13024.5302734375,83.56999969482422,221.6866653597495,13.713191139209655,13232.900390625,48962900,37819200,500932000,5906110000
2021-03-01,86.38999938964844,226.86671447753906,13.802184104919434,13588.830078125,86.5,227.37418084242998,13.88519618406514,13596.58984375,83.97000122070312,223.23783468700705,13.514508936973362,13362.66015625,85.37000274658203,225.87092094675552,13.835338916698193,13406.16015625,32746200,25324000,353184000,5079530000
2021-03-02,84.12999725341797,223.92721557617188,13.367929458618164,13358.7900390625,86.94999694824219,227.2113997050835,13.880709324156625,13601.330078125,84.04000091552734,223.5250732642781,13.357708666016107,13352.0,86.91999816894531,226.9337206213468,13.86026773895251,13599.4501953125,34828200,22812500,264116000,4948140000
2021-03-03,80.86000061035156,217.88548278808594,12.768152236938477,12997.75,84.37999725341797,223.6495518308172,13.41305321076399,13372.51953125,80.8499984741211,217.59823410434785,12.76216886866683,12995.0703125,84.27999877929688,222.28992364520352,13.38787589697503,13336.25,43541000,34029500,377592000,5529980000
2021-03-04,77.75,217.0906982421875,12.334891319274902,12723.4697265625,81.80999755859375,222.60582445161947,12.937913367179982,13068.7099609375,76.77999877929688,214.72570772586488,12.049210257649234,12553.9599609375,80.2300033569336,217.10028244829044,12.764160832619908,12953.990234375,60549400,44727800,573344000,7864380000
2021-03-05,78.5199966430664,221.75372314453125,12.425881385803223,12920.150390625,79.4800033569336,223.35272272073442,12.514128448535434,12941.2099609375,74.19999694824219,216.8322465833186,11.645866892554002,12397.0498046875,79.0,219.7621508732522,12.514128448535434,12860.0400390625,58548900,41872800,542840000,7725200000
2021-03-08,73.95999908447266,217.72265625,11.560111999511719,12609.16015625,79.0,223.44841621155584,12.435601622284906,13001.0,73.86000061035156,217.47371524647886,11.53343789904695,12599.23046875,78.02999877929688,221.53344495658067,12.414412591748151,12904.259765625,54563900,35267400,543112000,6010230000
2021-03-09,78.52999877929688,223.84104919433594,12.488774299621582,13073.8203125,79.22000122070312,225.3730324555147,12.585031142216502,13151.5400390625,75.7699966430664,221.82075339106805,12.028932816334903,12882.490234375,76.7300033569336,222.97931774121983,12.09975442063535,12923.0703125,45088300,33080500,521824000,6345560000
2021-03-10,77.5199966430664,222.53883361816406,12.436903953552246,13068.830078125,80.04000091552734,226.92412005427826,12.94736663668477,13277.1103515625,77.41000366210938,222.17498436226296,12.426181162680194,13035.4404296875,79.75,226.92412005427826,12.808217687288016,13234.73046875,45416600,29746800,384376000,6023880000
2021-03-11,81.2300033569336,227.04859924316406,12.960831642150879,13398.669921875,81.88999938964844,229.0018637332939,13.013449604669338,13433.6201171875,79.37000274658203,224.3484824311404,12.70248299212782,13246.330078125,79.4000015258789,224.97085693103975,12.917441062642364,13273.3095703125,43583700,29907600,299916000,6008850000
2021-03-12,81.05000305175781,225.72731018066406,12.823678970336914,13319.8603515625,81.19000244140625,225.79434120924878,12.85634676368248,13324.6904296875,79.2300033569336,223.31444152290632,12.558347920345986,13158.7197265625,79.7300033569336,224.06127938672344,12.61645095024476,13222.8095703125,32938000,22653700,243964000,5497210000
2021-03-15,82.5,224.8272247314453,13.158085823059082,13459.7099609375,83.38999938964844,225.19107398861252,13.17354692311485,13460.349609375,81.19999694824219,221.9547675055726,12.735152011430825,13272.5,81.91000366210938,224.97085635878273,12.832406735192682,13323.4697265625,39086800,26034900,221988000,5972370000
2021-03-16,82.75,227.60394287109375,13.257833480834961,13471.5703125,84.75,229.8540256057872,13.478526797408927,13620.7099609375,82.26000213623047,225.9091890116329,13.083771743024755,13397.080078125,83.66000366210938,226.23473065851354,13.322918874295542,13523.169921875,42971600,28092200,272128000,5493890000
2021-03-17,82.62999725341797,226.96243286132812,13.307707786560059,13525.2001953125,83.25,228.40824580326876,13.419425708592238,13595.0,80.41000366210938,223.31441421643075,12.956841785124572,13272.6904296875,81.75,226.11027106399007,13.006965499615356,13336.91015625,43320600,29562100,243864000,5536110000
2021-03-18,78.12000274658203,220.91110229492188,12.690512657165527,13116.169921875,81.62000274658203,224.23357884907625,13.150852511092397,13384.4599609375,78.01000213623047,220.53768345561124,12.685026645201525,13101.919921875,81.05999755859375,222.6728724798709,13.103472279101572,13349.2001953125,51036500,34833000,293896000,5739720000
2021-03-19,79.05999755859375,220.55690002441406,12.81345272064209,13215.240234375,79.33999633789062,222.58676561470907,12.889012617997281,13252.3701171875,77.58999633789062,219.59941405011241,12.580789498998723,13039.4501953125,78.48999786376953,221.19841387398696,12.717943602495817,13119.900390625,42283400,46430700,299208000,7630590000
2021-03-22,80.30000305175781,225.95709228515625,13.153097152709961,13377.5400390625,81.2699966430664,226.82839330995083,13.360823620782522,13455.6396484375,79.22000122070312,220.35579418679632,12.874299857877881,13278.7802734375,79.98999786376953,220.48027202322757,12.880285290303775,13278.7802734375,39648600,30127000,297804000,5321760000
2021-03-23,78.37999725341797,227.47947692871094,13.037888526916504,13227.7001953125,80.33999633789062,230.8019538061581,13.310949633938653,13405.150390625,77.94999694824219,226.99116443288878,12.988512512674987,13202.4296875,80.12999725341797,227.39330671357888,13.220926519947097,13381.4296875,40466600,31638400,222048000,5675010000
2021-03-24,76.4800033569336,225.4495849609375,12.611211776733398,12961.8896484375,78.80000305175781,227.8815921631546,13.126164395394726,13292.919921875,76.4000015258789,225.3155375499503,12.604978061665847,12961.349609375,77.55000305175781,227.73797515497975,13.118184136627491,13289.240234375,43753600,25620100,245840000,6248650000
2021-03-25,76.22000122070312,222.46226501464844,12.503734588623047,12977.6796875,76.94999694824219,226.8667058900846,12.682783882467008,13021.8603515625,74.95999908447266,221.72501140908014,12.241147031908534,12786.8095703125,75.8499984741211,225.2964296372037,12.46807503156729,12844.580078125,44735100,34061900,295144000,5634290000
2021-03-26,77.41000366210938,226.42626953125,12.806970596313477,13138.73046875,77.5,226.64650181527577,12.823928054668183,13149.5498046875,75.02999877929688,221.705870890514,12.342391791953444,12878.7197265625,76.62000274658203,221.705870890514,12.522936498340556,12996.0302734375,49148700,25479900,363968000,5224360000
2021-03-29,77.13999938964844,225.2389678955078,12.915698051452637,13059.650390625,78.0199966430664,226.73264342608155,13.029661010785414,13143.41015625,76.26000213623047,222.02181497962823,12.668072141761849,12968.16015625,77.02999877929688,226.53156497693166,12.788019583374783,13103.9697265625,37144300,25227500,273520000,4965090000
2021-03-30,76.0,221.99307250976562,12.839390754699707,13045.3896484375,76.55999755859375,223.908043971191,12.942630924656342,13075.75,74.8499984741211,221.27495821173113,12.673060003954117,12922.5703125,76.47000122070312,223.60164152452802,12.809715674519502,13008.7998046875,39169300,24792000,200204000,4721950000
2021-03-31,78.5,225.74639892578125,13.314691543579102,13246.8701171875,79.12999725341797,228.9348279377608,13.436633799038589,13325.5400390625,76.5199966430664,222.51009270862264,12.949860763887894,13118.3798828125,76.56999969482422,223.0079893443559,12.982777790954895,13122.5703125,43659500,43623500,314776000,5004720000
2021-04-01,81.08999633789062,232.04669189453125,13.77702522277832,13480.1103515625,81.30999755859375,232.51585059097783,13.835128246846539,13487.080078125,79.4800033569336,227.92949998956965,13.477279865489436,13404.1796875,80.16000366210938,228.33164227655556,13.53812732257779,13414.3203125,40182400,30338000,308276000,4576480000
2021-04-05,81.43000030517578,238.48097229003906,13.952333450317383,13705.58984375,81.9000015258789,239.33313398570488,13.97876657407877,13720.580078125,80.38999938964844,232.38177839559694,13.698472914587166,13582.759765625,81.73999786376953,232.4392252004619,13.832635263043771,13594.900390625,32610600,36910600,255672000,4459000000
2021-04-06,81.44000244140625,237.3224334716797,13.826650619506836,13698.3798828125,82.45999908447266,238.7969551907756,14.018916004314782,13776.7099609375,80.87999725341797,236.38410146861867,13.738872514596373,13674.2802734375,81.20999908447266,237.08306201915883,13.964553395548302,13681.669921875,29327900,22931900,191744000,4073710000
2021-04-07,82.19999694824219,239.2756805419922,14.107941627502441,13688.83984375,83.0999984741211,240.26188968522158,14.207689643014694,13733.0302734375,80.3499984741211,236.68090236866658,13.677027574965955,13653.58984375,81.31999969482422,237.27453885214405,13.845851593018876,13675.2998046875,35590900,22719800,251284000,4098740000
2021-04-08,83.3499984741211,242.4832305908203,14.281004905700684,13829.3095703125,83.79000091552734,243.33539219881956,14.435116472853124,13830.1396484375,82.44000244140625,241.28637357901962,14.213175078323518,13758.7099609375,83.31999969482422,242.0236415891087,14.21691644922942,13796.8896484375,41925300,23625200,244416000,4153600000
2021-04-09,82.76000213623047,244.97276306152344,14.363799095153809,13900.1904296875,83.58999633789062,245.1068104974857,14.371779356651926,13905.41015625,82.16000366210938,241.70773277335192,14.139365299112661,13748.349609375,82.80000305175781,242.1194446802093,14.17826681463346,13787.01953125,32759900,24326800,195172000,3926110000
2021-04-12,78.58000183105469,245.03016662597656,15.170762062072754,13850.0,82.18000030517578,246.7153507921409,15.313901610057965,13877.0,78.02999877929688,243.79500190327002,14.103701731984685,13783.9501953125,82.05999755859375,243.88118671909228,14.253823650541044,13854.4404296875,62098800,27148700,869324000,4250900000
2021-04-13,80.19000244140625,247.50051879882812,15.640080451965332,13996.099609375,80.72000122070312,248.17077061108847,15.660529096417902,14011.509765625,78.9800033569336,245.91108871216403,15.087722573627937,13902.4501953125,79.66999816894531,246.32282985291565,15.193206795688422,13902.4501953125,37767300,23837500,676212000,4219360000
2021-04-14,78.55000305175781,244.72377014160156,15.238592147827148,13857.83984375,80.12999725341797,247.8260145046008,15.6809766998769,14033.6298828125,77.94000244140625,244.312058297405,15.189216132761569,13839.0400390625,79.87999725341797,246.53343216678118,15.585716806366602,14004.080078125,34263800,23070900,385500000,4120770000
2021-04-15,83.01000213623047,248.46759033203125,16.0966796875,14038.759765625,83.94999694824219,248.87930225500537,16.17348576432492,14049.1298828125,79.97000122070312,246.7728508131826,15.592200556342737,13970.419921875,80.31999969482422,246.96433046053886,15.623122755169474,13983.23046875,68942800,25627500,598480000,4406880000
2021-04-16,82.1500015258789,249.65480041503906,15.872493743896484,14052.33984375,83.58999633789062,249.90375603586548,16.125107153595632,14062.5,81.52999877929688,246.64831065184072,15.825361792350446,13977.0498046875,83.30000305175781,248.43880415204717,16.012639621052436,14059.1103515625,47280600,24878600,335208000,4427780000
2021-04-19,81.11000061035156,247.73983764648438,15.323126792907715,13914.76953125,83.18000030517578,250.36336830219003,15.767756314158476,14041.7900390625,80.38999938964844,246.85896717650718,15.194700651254927,13842.5703125,82.12999725341797,249.12820358261177,15.497437759770289,13984.580078125,39115500,23209300,404420000,4379610000
2021-04-20,79.2699966430664,247.28030395507812,15.133110046386719,13786.26953125,81.11000061035156,249.13782883405526,15.458040514541521,13927.669921875,78.51000213623047,245.92066119680084,14.925383538117353,13698.669921875,80.81999969482422,246.8590078451978,15.28472739555049,13894.4599609375,34977800,19722900,334132000,4245120000
2021-04-21,81.61000061035156,249.5016326904297,15.321882247924805,13950.2197265625,81.66000366210938,249.59738711284092,15.323877075097695,13951.349609375,78.86000061035156,246.3132178871805,15.064281282601483,13706.8603515625,78.98999786376953,247.93137119944473,15.080739320235335,13745.76953125,35069000,24030400,216776000,3999620000
2021-04-22,79.05999755859375,246.2366180419922,14.812915802001953,13818.41015625,81.79000091552734,250.65061323164073,15.399687065149584,14015.8701171875,78.58999633789062,244.7716514338191,14.746333090501135,13771.0400390625,81.61000061035156,249.1473536226995,15.33634630471237,13952.5703125,38846100,25606200,277788000,4420820000
2021-04-23,82.76000213623047,250.04737854003906,15.226869583129883,14016.8095703125,83.30000305175781,250.39208857800716,15.296444046916058,14062.740234375,79.95999908447266,246.3323294404998,14.862787511909959,13856.830078125,80.20999908447266,246.91641089756044,14.896701471936769,13861.3701171875,49194000,21462600,227500000,4355100000
2021-04-26,85.41000366210938,250.43040466308594,15.439087867736816,14138.7802734375,85.9000015258789,251.282581069,15.44008575706988,14154.0302734375,82.69999694824219,249.10909877572388,15.086975624680411,14019.5,83.3499984741211,250.53574329781782,15.146825202745054,14052.3798828125,57594500,19763300,197796000,4506210000
2021-04-27,85.20999908447266,250.83255004882812,15.34307861328125,14090.2197265625,87.1500015258789,252.00068386501204,15.631102358075223,14171.240234375,85.12999725341797,249.06119551820086,15.315896833735502,14064.2802734375,85.66999816894531,250.4591165703072,15.53933364907408,14170.91015625,61909900,31014200,164572000,4691460000
2021-04-28,84.0199966430664,243.73757934570312,15.238341331481934,14051.0302734375,89.19999694824219,245.63341172122958,15.49319975361543,14133.650390625,83.91999816894531,242.19602664584554,15.177245590486669,14034.7001953125,88.8499984741211,245.19294722116507,15.325871147226541,14082.7802734375,108920300,46903100,209416000,4559710000
2021-04-29,83.91000366210938,241.77474975585938,15.286222457885742,14082.5498046875,85.2699966430664,245.21213510412278,15.397691160532714,14211.5703125,82.62999725341797,238.41397963984036,15.033609024260754,13952.7998046875,84.69999694824219,244.59934473684103,15.361282946905519,14204.509765625,51294500,40589000,173196000,4928030000
2021-04-30,81.62000274658203,241.45875549316406,14.971762657165527,13962.6796875,84.0999984741211,242.32050145587482,15.326369079550142,14084.759765625,81.41999816894531,238.9884550529176,14.959294274928283,13941.6298828125,82.97000122070312,239.12250247688505,15.136348727292862,13970.73046875,46601900,30945100,201912000,4792460000
2021-05-03,78.55000305175781,241.15235900878906,14.799450874328613,13895.1201171875,82.0,243.5365037605011,15.208419994100598,14042.1201171875,78.45999908447266,240.44381430171563,14.750325037459865,13881.509765625,81.97000122070312,242.62688061963894,15.086976191807661,14031.76953125,66323300,19626600,203912000,4761430000
2021-05-04,78.61000061035156,237.25540161132812,14.315167427062988,13633.5,78.66999816894531,240.53001592707363,14.600697844369819,13795.5703125,77.04000091552734,235.31170659255298,13.97502517344769,13485.58984375,77.94999694824219,240.30021407384137,14.600448609909842,13774.509765625,59194300,32756100,405324000,5879730000
2021-05-05,77.83000183105469,235.99151611328125,14.422147750854492,13582.419921875,79.30000305175781,238.89269679330795,14.776255689857118,13753.0498046875,77.36000061035156,235.36915621416165,14.351326163053967,13553.9296875,79.05000305175781,238.47140072187236,14.672017659441423,13731.1298828125,42310200,21901300,292024000,4535690000
2021-05-06,77.88999938964844,239.11289978027344,14.486488342285156,13632.83984375,78.05999755859375,239.23737759650186,14.534617237657999,13635.73046875,76.47000122070312,234.28717828050156,14.182255771749805,13439.3896484375,77.62999725341797,235.97234785294665,14.4588080917108,13557.830078125,38661300,26491100,193380000,5021400000
2021-05-07,78.80999755859375,241.72686767578125,14.775010108947754,13752.240234375,79.56999969482422,243.4886380135176,14.933111336631207,13828.6201171875,78.22000122070312,240.49170283166248,14.634863276725753,13690.75,78.75,241.43003481001085,14.771020454684466,13723.08984375,36954200,27032900,229328000,4391100000
2021-05-10,75.98999786376953,236.67132568359375,14.229884147644043,13401.8603515625,78.30000305175781,241.027888860357,14.768775720170076,13687.9296875,75.91999816894531,236.61387887498904,14.21417381349999,13401.740234375,78.19999694824219,240.20445051351808,14.750072669633822,13687.58984375,45134500,29299900,268904000,4818670000
2021-05-11,76.83000183105469,235.76168823242188,14.270283699035645,13389.4296875,76.93000030517578,236.1159678588581,14.318661830890395,13423.3095703125,72.75,232.25730184631848,13.715432492355607,13107.669921875,73.56999969482422,234.15311934831823,13.790243752058554,13115.849609375,51008200,33641600,285584000,4738390000
2021-05-12,74.63999938964844,228.83914184570312,13.723908424377441,13031.6796875,76.12999725341797,233.99042092732867,14.224396914953214,13288.6103515625,74.16000366210938,227.94868692583464,13.674782598990006,13002.5400390625,75.08999633789062,231.87437055128427,13.974276811259632,13215.490234375,42531400,36684400,303408000,4752930000
2021-05-13,73.08999633789062,232.69776916503906,13.630892753601074,13124.990234375,75.69999694824219,235.1585146453804,14.04534874580516,13247.8701171875,72.5,231.15621646675106,13.425161115583645,13007.240234375,75.20999908447266,231.5200657402829,13.998466030075901,13150.9404296875,48646800,29624300,285404000,4698110000
2021-05-14,74.58999633789062,237.60009765625,14.207194328308105,13429.98046875,75.02999877929688,238.58630687070132,14.2919806835198,13460.8798828125,72.72000122070312,235.05319650799913,13.713937299835631,13242.9697265625,74.0199966430664,235.13936672439027,13.85508205258928,13255.650390625,38355800,23901100,258616000,4022610000
2021-05-17,74.6500015258789,234.75633239746094,14.12988567352295,13379.0498046875,75.5199966430664,236.10639071490897,14.133626093303139,13399.169921875,73.41000366210938,233.16691726968943,13.818670761725361,13265.400390625,74.22000122070312,236.0680977160774,14.12140694475875,13368.7998046875,40779200,24970200,216980000,3997780000
2021-05-18,74.44000244140625,232.7456817626953,13.980511665344238,13303.6396484375,75.7699966430664,235.934111664792,14.368035115402556,13485.33984375,74.23999786376953,232.57332669794846,13.968790986386999,13299.9296875,74.73999786376953,235.80006421891147,14.231130241326667,13416.900390625,31982500,20168000,186256000,4301300000
2021-05-19,76.2300033569336,233.32144165039062,14.030386924743652,13299.740234375,76.97000122070312,233.42700886618988,14.04410243148695,13304.6103515625,72.76000213623047,228.9836233956415,13.509200522328285,13072.23046875,73.16000366210938,229.6649998072297,13.532391695784717,13078.1904296875,73966200,25739800,344000000,4333520000
2021-05-20,78.05999755859375,236.54603576660156,14.575763702392578,13535.740234375,78.2699966430664,237.95679107071055,14.646834538609415,13563.51953125,76.25,234.0316351278429,14.234623498296415,13355.7099609375,76.80999755859375,234.12761065425127,14.266542637893258,13356.6298828125,49135000,21800700,321592000,3990760000
2021-05-21,77.16999816894531,235.28883361816406,14.954059600830078,13470.990234375,78.80999755859375,238.32147864585824,15.183731096129877,13616.580078125,77.04000091552734,234.8761710741965,14.832117340430838,13463.259765625,78.55000305175781,237.59211443977617,15.125627113969413,13616.1904296875,40201100,21863100,672992000,3733940000
2021-05-24,77.44000244140625,240.6727294921875,15.572748184204102,13661.169921875,78.01000213623047,241.0374189124444,15.705413212204942,13708.849609375,76.80000305175781,237.53451728413617,15.137843569967584,13551.009765625,77.26000213623047,237.80323117996468,15.174251777458451,13557.2099609375,33194300,21411500,554816000,3509470000
2021-05-25,77.86000061035156,241.57485961914062,15.60841178894043,13657.169921875,78.7699966430664,242.56334606960098,15.778732192206977,13751.1396484375,76.83999633789062,240.7111384283455,15.443577398975853,13631.7998046875,77.33000183105469,241.62284738392032,15.726364404401615,13721.5400390625,47353100,17704300,435408000,4128990000
2021-05-26,78.33999633789062,241.35409545898438,15.660531997680664,13738.0,78.58999633789062,242.7456525555577,15.7540463220513,13750.16015625,77.58999633789062,240.6439147260083,15.547068445441612,13679.58984375,77.83000183105469,241.29650136403427,15.694696156264719,13693.9404296875,30354000,17771600,370440000,4264500000
2021-05-27,78.41999816894531,239.26199340820312,15.44905948638916,13736.2802734375,78.43000030517578,241.3445335898177,15.710400841238286,13776.51953125,77.47000122070312,239.20441394645133,15.421130006657025,13701.6298828125,78.11000061035156,241.04702994155994,15.66027712813999,13742.58984375,35883200,24426200,581476000,5087180000
2021-05-28,80.08000183105469,239.61703491210938,16.203659057617188,13748.740234375,81.08999633789062,241.92031548892075,16.236577036281336,13820.8701171875,78.66000366210938,239.50187600860147,15.46202947906416,13747.6103515625,78.66000366210938,240.8838414259268,15.46202947906416,13792.0498046875,40952700,18270200,644536000,4447940000
2021-06-01,80.80999755859375,237.428955078125,16.223608016967773,13736.48046875,82.91000366210938,241.1621746137941,16.347047573880385,13836.169921875,80.66000366210938,237.0067008356278,15.863266335432474,13678.76953125,81.01000213623047,241.1045951554449,16.229094980518518,13829.0595703125,43433000,23213300,472804000,4186280000
2021-06-02,81.97000122070312,237.33299255371094,16.736064910888672,13756.330078125,82.5999984741211,239.2235961900808,16.87621267756659,13775.8896484375,80.66000366210938,235.93182895373278,16.194680117402555,13689.740234375,81.0,238.12954255758635,16.211388338449286,13743.240234375,35203200,19406700,594168000,5097630000
2021-06-03,80.27999877929688,235.80709838867188,16.92708969116211,13614.509765625,81.88999938964844,236.41169739236216,17.215613878178374,13684.1298828125,80.26000213623047,233.20631371426092,16.54131266131784,13548.9296875,81.12999725341797,235.33684170241455,16.65876682044273,13655.75,29812000,25307700,580008000,5396250000
2021-06-04,81.58000183105469,240.68231201171875,17.5340576171875,13814.490234375,82.19000244140625,241.50765170138789,17.6165979934895,13826.8203125,80.80999755859375,237.53450822875004,17.052521354002085,13692.009765625,80.91999816894531,237.77443238686539,17.069476909819976,13697.25,26387800,25281100,617120000,4360710000
2021-06-07,81.3499984741211,243.58062744140625,17.574705123901367,13881.7197265625,81.68000030517578,243.84934135732763,17.76771918028066,13889.1103515625,80.37999725341797,239.74184047817525,17.149528167001655,13784.8896484375,81.4000015258789,239.90498716685534,17.52707659864361,13802.8203125,29006800,23079200,575756000,4639210000
2021-06-08,80.88999938964844,242.390625,17.413116455078125,13924.91015625,82.6500015258789,245.6919842968053,17.577202211430077,13981.7197265625,80.44999694824219,242.33303089186523,17.20763302961536,13831.98046875,81.87000274658203,244.876236168721,17.483189415739016,13946.3203125,26956600,22455000,323848000,5958410000
2021-06-09,79.95999908447266,243.36949157714844,17.318574905395508,13911.75,81.68000030517578,245.23130558654012,17.53483058843353,14003.5,79.80000305175781,243.00481677554484,17.216310173340066,13906.4501953125,81.08999633789062,243.58062603040793,17.475716134562592,13980.23046875,28454600,17937600,381656000,5640490000
2021-06-10,81.55999755859375,246.8723907470703,17.38517951965332,14020.330078125,81.70999908447266,247.08352521054456,17.452027750538555,14031.1904296875,79.69999694824219,243.44628085125785,17.136749890941907,13904.400390625,80.0199966430664,244.04128816987938,17.310352051917093,13933.8798828125,28606400,24563600,287772000,4919880000
2021-06-11,81.30999755859375,247.49620056152344,17.784513473510742,14069.419921875,82.33000183105469,248.0719951619915,17.898253261934265,14069.419921875,80.69999694824219,246.26776064687272,17.40388509556701,14006.58984375,81.61000061035156,247.5921468031884,17.439552830587203,14030.849609375,24310900,18999700,416308000,4157580000
2021-06-14,81.55000305175781,249.4155731201172,17.977563858032227,14174.1396484375,81.55000305175781,249.47315257534447,17.9982664755166,14175.4501953125,80.19999694824219,246.45008473782653,17.622378570506847,14056.669921875,81.51000213623047,247.50575689635525,17.865072468441838,14083.4697265625,27830200,19150500,321376000,4415160000
2021-06-15,80.47000122070312,247.9471893310547,17.747844696044922,14072.8603515625,81.68000030517578,249.5114994108037,17.97507495598846,14171.01953125,80.22000122070312,247.29460269889398,17.68748377402905,14052.16015625,81.58999633789062,249.3003649959735,17.8740566646082,14166.6396484375,26194300,18038900,243032000,4554580000
2021-06-16,80.11000061035156,247.00672912597656,17.769546508789062,14039.6796875,81.44999694824219,250.07774084164856,17.913717005111053,14129.6904296875,78.95999908447266,244.16602059107635,17.5443124591101,13903.73046875,80.75,248.94530582063734,17.75009224553801,14085.5498046875,29598300,27220000,307124000,4683030000
2021-06-17,84.55999755859375,250.38482666015625,18.61461067199707,14161.349609375,85.37000274658203,251.2005745937238,18.79195408152908,14196.2099609375,80.56999969482422,245.69192571105955,17.715670721948143,13998.9296875,80.7699966430664,245.7495051616535,17.73387852672111,13999.1298828125,77822800,27565500,809656000,4558280000
2021-06-18,84.6500015258789,248.97409057617188,18.59615707397461,14030.3798828125,85.7699966430664,251.7284152280359,19.33072452999481,14129.2197265625,83.4800033569336,248.32150389448208,18.54153174638972,14009.0400390625,84.27999877929688,249.1660416179004,18.741075470475984,14096.9296875,58736800,37202200,968856000,6126070000
2021-06-21,82.58999633789062,252.045166015625,18.3851318359375,14141.48046875,84.19000244140625,252.8992809067008,18.49413314969242,14150.7802734375,82.20999908447266,247.52500245412696,17.782013688431867,13960.0400390625,83.48999786376953,249.34842044965174,18.39311297230315,14047.419921875,44417100,26696100,672384000,4562010000
2021-06-22,83.58000183105469,254.80911254882812,18.843585968017578,14253.26953125,84.04000091552734,255.077826487449,18.920411562226604,14269.76953125,82.4800033569336,251.82444020322416,18.34398078046078,14121.0,82.9000015258789,252.13155021525452,18.429286096445225,14138.2900390625,32107700,24694100,580144000,4433140000
2021-06-23,83.81999969482422,254.57875061035156,19.013696670532227,14271.73046875,84.48999786376953,256.0758752225199,19.10897936391846,14317.66015625,83.16000366210938,253.77260884130868,18.864538436254087,14246.2998046875,83.83000183105469,255.26973345347702,18.96431028230056,14263.3798828125,25992400,19518700,332356000,4417470000
2021-06-24,86.0999984741211,255.94143676757812,19.161603927612305,14369.7099609375,87.13999938964844,257.054688112653,19.375614096798248,14414.4599609375,84.37000274658203,254.77060598117262,19.044621470468723,14333.7001953125,84.38999938964844,255.43279884408452,19.183804200008918,14357.26953125,42217700,21446900,320924000,4324620000
2021-06-25,85.62000274658203,254.33880615234375,18.987506866455078,14360.3896484375,86.36000061035156,256.47894031384675,19.30128891794506,14409.080078125,85.0999984741211,254.08930492861072,18.851319416019447,14337.650390625,86.33999633789062,255.50006023392783,19.236436935503985,14400.8095703125,27804500,25611100,278364000,7468090000
2021-06-28,87.08000183105469,257.8897399902344,19.939327239990234,14500.509765625,88.0,258.0624783950666,20.03286298538225,14505.1904296875,86.1500015258789,255.19299417128897,19.27484893935136,14417.2001953125,86.37999725341797,255.46170811912478,19.31700206223911,14417.8095703125,30262000,19590000,495436000,4283000000
2021-06-29,89.5199966430664,260.4616394042969,19.980985641479492,14528.330078125,90.30000305175781,260.70156354326315,20.05281970722413,14535.9697265625,86.66000366210938,257.179493584302,19.612079616021386,14471.3798828125,87.41000366210938,258.03360828946245,19.83706441232295,14509.1904296875,46181000,19937800,367632000,4901300000
2021-06-30,93.93000030517578,259.9818115234375,19.956787109375,14503.9501953125,94.33999633789062,260.42326377323786,20.116421295455844,14526.8095703125,90.5999984741211,258.7342176179776,19.81835413049353,14478.0595703125,90.81999969482422,259.7802834314268,19.95354441508654,14509.849609375,70721500,21656500,326568000,5293810000
2021-07-01,93.30999755859375,260.6535949707031,20.16580581665039,14522.3798828125,94.18000030517578,260.8839127760859,20.40924764246024,14533.5498046875,91.69999694824219,258.7342018255398,19.973246122217304,14439.400390625,94.04000091552734,258.7437788756873,20.079004759784198,14493.6904296875,58059000,16725300,480136000,4410470000
2021-07-02,94.69999694824219,266.459716796875,20.440174102783203,14639.330078125,95.2699966430664,266.7956164160723,20.458383806119546,14649.1103515625,92.20999908447266,261.51728587546654,20.241380242470996,14555.33984375,93.27999877929688,261.82439577231037,20.393531838306902,14582.98046875,51316700,26458000,342764000,3751420000
2021-07-06,94.47000122070312,266.4694519042969,20.651193618774414,14663.6396484375,95.41000366210938,268.1105254467081,20.794365027841287,14687.0,93.31999969482422,263.2448550043804,20.30374010137351,14529.7998046875,94.87999725341797,266.8245350807856,20.690104043459606,14661.5498046875,44930100,31565600,446708000,4489540000
2021-07-07,90.54000091552734,268.6478576660156,20.325191497802734,14665.0595703125,95.44000244140625,269.3772364417186,20.827291472702445,14755.330078125,90.30999755859375,265.9799023346366,20.28553319651976,14580.7900390625,95.0199966430664,268.1392196481216,20.80584097500275,14753.41015625,51498500,23260000,418428000,4605630000
2021-07-08,89.73999786376953,266.2391052246094,19.85725975036621,14559.7802734375,90.33999633789062,267.4963057183195,20.086982890992743,14610.0595703125,87.44999694824219,263.79186075613046,19.655721781967447,14371.58984375,87.86000061035156,265.74004413313054,19.81111606957633,14409.2001953125,45673500,24618600,503300000,4575010000
2021-07-09,90.9000015258789,266.73809814453125,20.004425048828125,14701.919921875,91.26000213623047,266.84365072149694,20.03435717009147,14710.2001953125,88.52999877929688,264.2236975236495,19.709102017056413,14552.259765625,90.04000091552734,264.60757033893503,19.91687611559388,14578.4296875,35278400,23916700,296624000,3826500000
2021-07-12,90.80999755859375,266.14312744140625,20.465618133544922,14733.240234375,91.9000015258789,268.4943670627255,20.4858202675907,14761.080078125,89.6500015258789,265.432931883586,20.141609472181255,14672.6298828125,91.22000122070312,267.9089660643457,20.193739960128703,14743.8603515625,28526600,18931700,321984000,3897090000
2021-07-13,90.26000213623047,269.6556396484375,20.203716278076172,14677.650390625,91.41000366210938,271.4502681264369,20.414483746196098,14803.6796875,89.83000183105469,266.210331366787,20.06802744154041,14660.1904296875,90.4800033569336,266.33506735947253,20.353871638255328,14715.1298828125,30367600,26120100,290708000,4583460000
2021-07-14,89.05000305175781,271.1239929199219,19.796154022216797,14644.9501953125,91.4000015258789,272.2276385475832,20.37108714983475,14790.5498046875,88.94000244140625,269.24296582329544,19.707607915100564,14632.9501953125,90.76000213623047,270.9704378944242,20.311224805292404,14780.900390625,28108500,23113700,380100000,4496220000
2021-07-15,86.93000030517578,269.70355224609375,18.92290496826172,14543.1298828125,89.77999877929688,271.1239138520069,19.801642801831328,14650.3701171875,86.18000030517578,268.5519045345298,18.815401275503216,14451.7998046875,89.77999877929688,270.6344591814496,19.76647364963509,14635.7802734375,38944700,22604200,550564000,4512550000
2021-07-16,85.88999938964844,269.43487548828125,18.11949348449707,14427.240234375,88.02999877929688,272.6498656125402,19.11321747883699,14623.01953125,85.68000030517578,268.1968584208553,18.03169525755164,14413.3203125,87.31999969482422,270.70168228808353,18.98700740866609,14597.509765625,35860700,26186800,688224000,4069530000
2021-07-19,86.58000183105469,265.8456115722656,18.736831665039062,14274.98046875,87.2300033569336,269.0701786607104,18.99848131527796,14313.599609375,84.23999786376953,263.3887901846065,17.82466976343855,14178.66015625,84.98999786376953,267.68821296919947,17.874307343819012,14235.98046875,39244800,32935600,749060000,4537130000
2021-07-20,87.11000061035156,268.0624694824219,18.569461822509766,14498.8798828125,87.7699966430664,269.64596306299137,18.794945132479892,14555.75,85.16999816894531,265.1258001402408,18.122485771322793,14271.23046875,87.08999633789062,266.8244526302893,18.687192164183777,14330.4599609375,28089000,26259700,434687000,4652450000
2021-07-21,89.41000366210938,270.0586853027344,19.365636825561523,14631.9501953125,89.48999786376953,270.1738442376785,19.482369991726237,14633.1396484375,86.9000015258789,266.1143453427813,18.699164320803426,14498.650390625,87.25,267.65944319932055,18.838843731264284,14508.75,29469900,24364300,371017000,4098520000
2021-07-22,91.20999908447266,274.6076354980469,19.54921531677246,14684.599609375,91.36000061035156,274.8763494100788,19.84154489775066,14694.1904296875,89.08000183105469,271.9972592293282,19.23194135404066,14617.8701171875,89.4000015258789,272.4003154535662,19.597105941674148,14652.7197265625,33730100,23384100,323826000,3597540000
2021-07-23,92.1500015258789,277.99530029296875,19.513301849365234,14836.990234375,92.37000274658203,278.3023809168699,19.654977514226925,14846.0595703125,90.19000244140625,274.95304947678056,19.206005202834984,14698.76953125,91.3499984741211,275.78798075252445,19.611077449582748,14753.0595703125,31708900,22768100,195672000,3997250000
2021-07-26,91.81999969482422,277.40032958984375,19.24990463256836,14840.7099609375,92.75,278.01454955841905,19.397565194519427,14863.650390625,91.12000274658203,275.08748623115633,18.87077204812226,14790.490234375,92.01000213623047,277.3523564681326,19.266865977371694,14821.0302734375,27668500,23176100,203943000,4437090000
2021-07-27,91.02999877929688,274.99151611328125,19.164098739624023,14660.580078125,94.0999984741211,277.9089731585834,19.577152067527226,14811.080078125,89.0999984741211,271.54620828066527,18.698165146922616,14503.759765625,92.94000244140625,277.76502450299625,19.220967669853962,14807.9501953125,69427000,33604100,248863000,4329230000
2021-07-28,97.93000030517578,274.6844177246094,19.458425521850586,14762.580078125,98.70999908447266,278.4560190983951,19.601098340577916,14798.8798828125,89.6500015258789,272.3907283274344,18.951587150781002,14645.6298828125,93.44000244140625,277.34276730213355,19.274846044574673,14715.66015625,140561000,33566900,202191000,4268210000
2021-07-29,102.94999694824219,274.9530944824219,19.617063522338867,14778.259765625,105.73999786376953,276.9876467259065,19.80762698019667,14833.740234375,96.58000183105469,274.5500089966287,19.283825335460097,14761.3798828125,96.58000183105469,274.7035639775205,19.4743887933179,14771.169921875,164091800,18168300,190781000,3928640000
2021-07-30,106.19000244140625,273.42718505859375,19.45444107055664,14672.6796875,106.97000122070312,275.1066542513288,19.58514032154322,14728.7802734375,101.37999725341797,272.46748837703086,19.218980321250843,14615.849609375,101.5999984741211,273.676715567838,19.373624894454107,14615.849609375,125632000,20944800,183497000,3645050000
2021-08-02,108.62999725341797,273.3408203125,19.704862594604492,14681.0703125,110.33000183105469,275.2122112993794,19.915380808627756,14770.41015625,103.83000183105469,272.3043314785068,19.316751690978577,14665.669921875,105.93000030517578,274.8187321390319,19.654977627712686,14758.599609375,115581900,16267400,217444000,3746130000
2021-08-03,112.55999755859375,275.54803466796875,19.769712448120117,14761.2900390625,114.8499984741211,275.653616504969,20.175781820042896,14762.599609375,107.66000366210938,272.55378648833994,19.176071129798512,14584.08984375,108.1500015258789,273.9165683073304,19.6948831028393,14713.990234375,157723100,17879000,301811000,4141370000
2021-08-04,118.7699966430664,274.9626770019531,20.227664947509766,14780.5302734375,122.48999786376953,275.99913642366494,20.271565011875875,14812.3701171875,114.16000366210938,273.17762613038536,19.782683207905936,14734.1201171875,114.36000061035156,274.6843567927207,19.944313619581152,14747.2099609375,225368700,16191300,231309000,4337330000
2021-08-05,112.3499984741211,277.851318359375,20.589834213256836,14895.1201171875,117.68000030517578,277.95690020325844,20.685615479502886,14896.4697265625,111.58999633789062,274.56917275143024,20.295508346135612,14776.0302734375,116.62999725341797,275.31773484513803,20.45314818824978,14794.080078125,137860900,13900200,211435000,4107300000
2021-08-06,110.11000061035156,277.79376220703125,20.31945037841797,14835.759765625,116.26000213623047,277.832158270537,20.52298458479839,14890.1796875,109.69999694824219,276.0279240247651,20.163806797419902,14788.58984375,110.55000305175781,276.88206803398026,20.477090195052455,14864.2197265625,143899000,16589300,178497000,4173090000
2021-08-09,107.58000183105469,276.7093200683594,20.248615264892578,14860.1796875,112.33000183105469,279.7995444289697,20.461127792585444,14883.8095703125,107.05999755859375,276.2102883577603,20.096962239032255,14802.6904296875,111.30999755859375,278.0721021873737,20.399269221353503,14855.759765625,115749900,16117600,146443000,4111640000
2021-08-10,106.4800033569336,274.8955383300781,19.89043617248535,14788.08984375,109.16999816894531,277.5922838439448,20.383306595035517,14894.6103515625,104.36000061035156,273.70552373680465,19.78966527712816,14754.48046875,107.9000015258789,277.16040859309794,20.27555363193905,14887.75,113012300,18616600,179238000,3991770000
2021-08-11,107.68000030517578,275.38494873046875,19.653982162475586,14765.1396484375,109.79000091552734,277.0260217019049,20.00318270372501,14842.5,105.62000274658203,274.33885367231096,19.38559779435754,14692.41015625,107.5999984741211,275.6344499287566,19.997195897643458,14834.3798828125,91788300,13955900,185925000,4002340000
2021-08-12,106.5,278.1297302246094,19.859508514404297,14816.259765625,108.44000244140625,278.283285228758,19.983223761879053,14824.3095703125,105.86000061035156,274.79958112166787,19.57516002402308,14698.9404296875,107.38999938964844,275.0779013971637,19.824588657900602,14751.3603515625,60578700,14561300,151652000,4049000000
2021-08-13,110.55000305175781,281.04718017578125,20.141860961914062,14822.900390625,111.70999908447266,281.0951532950036,20.167802514416586,14850.6103515625,106.56999969482422,277.64023937005385,19.80563126679169,14797.2197265625,107.16999816894531,277.81300703201526,19.859508704764945,14825.0703125,100135700,18249000,183063000,4061070000
2021-08-16,107.4800033569336,282.7265930175781,19.904403686523438,14793.759765625,111.58000183105469,282.93772741778326,20.240633343657066,14794.6796875,105.87000274658203,278.33116667356506,19.408537969464135,14610.01953125,110.19999694824219,281.37341744639224,20.08898032367069,14771.5302734375,73325400,22507600,210876000,3973920000
2021-08-17,107.55999755859375,281.26788330078125,19.413528442382812,14656.1796875,108.69999694824219,281.6037829881996,19.72481563269579,14716.9501953125,105.3499984741211,279.34848998709674,19.222964992831216,14550.8798828125,106.63999938964844,280.60571955216835,19.640008912743852,14670.5595703125,74053900,20075300,204585000,4168880000
2021-08-18,103.44000244140625,279.5467834472656,18.996482849121094,14525.91015625,108.06999969482422,283.4794538884407,19.58912505820869,14697.25,103.2699966430664,279.1044566907851,18.95657336019115,14516.2998046875,107.3499984741211,280.8063906085156,19.45543055388039,14636.240234375,79387900,21813000,285913000,3841840000
2021-08-19,103.69999694824219,285.3544006347656,19.75275230407715,14541.7900390625,106.18000030517578,286.02748609208663,20.44815982346293,14610.759765625,101.9800033569336,277.5371547943832,18.719118863786036,14423.16015625,103.31999969482422,277.5852197511838,19.449446238959755,14423.16015625,71117500,29850500,766555000,4191490000
2021-08-20,104.6500015258789,292.6524963378906,20.768428802490234,14714.66015625,105.9800033569336,294.07557732948726,20.8173166087668,14722.16015625,103.98999786376953,286.5948434162002,19.887447316911796,14571.5302734375,104.31999969482422,288.19099349843,19.945313428755227,14571.5302734375,55227600,40817600,675741000,3886340000
2021-08-23,108.7699966430664,292.93133544921875,21.907812118530273,14942.650390625,109.0199966430664,293.6524859694501,21.946722537110478,14963.4697265625,104.86000061035156,290.23905191116444,20.902116621288442,14776.98046875,105.30000305175781,291.5851936801916,20.9230685315231,14776.98046875,68835300,22830200,575807000,3906780000
2021-08-24,107.6500015258789,290.9794006347656,21.743192672729492,15019.7998046875,109.61000061035156,293.892847343343,21.90881365504365,15034.8896484375,107.27999877929688,290.38325427792677,21.48578289478911,14965.5400390625,109.44999694824219,293.28707625697854,21.70328507988881,14978.1396484375,51239300,18175800,297299000,3809750000
2021-08-25,108.30000305175781,290.39288330078125,22.162235260009766,15041.8603515625,109.91000366210938,292.8736280290071,22.41864789917261,15059.4296875,107.44999694824219,288.86404781166596,21.672358134566363,15011.580078125,108.12999725341797,292.5947749618287,21.68732324562584,15039.0302734375,45485500,20006100,347701000,3654150000
2021-08-26,107.2699966430664,287.5851745605469,22.017568588256836,14945.8095703125,109.2300033569336,290.79669430920046,22.288946344750357,15059.6298828125,106.83999633789062,287.4505750714238,21.740204026005294,14939.5595703125,108.56999969482422,289.4120831267804,22.14926689699483,15025.169921875,51442500,17666100,237940000,3630900000
2021-08-27,111.4000015258789,288.19097900390625,22.58426284790039,15129.5,111.77999877929688,289.29673726337023,22.670066727828846,15144.48046875,107.80000305175781,285.4121315880625,22.116334931124943,14966.51953125,108.01000213623047,287.4890486022759,22.13329627384273,14969.76953125,61030000,22605700,304722000,4048610000
2021-08-30,111.31999969482422,291.91217041015625,22.636144638061523,15265.8896484375,114.48999786376953,292.5179416639169,22.990332802808872,15288.080078125,111.26000213623047,289.4794900066241,22.499458629372022,15165.1201171875,112.61000061035156,289.53717971234454,22.777820284558313,15165.9404296875,56130500,16348100,262580000,4061760000
2021-08-31,110.72000122070312,290.2679138183594,22.337778091430664,15259.240234375,111.26000213623047,292.7871284221074,22.64712359993544,15278.9599609375,109.02999877929688,289.9025261716433,22.073337729589888,15202.669921875,111.26000213623047,292.7102186066526,22.64712359993544,15262.8798828125,49339000,26285300,259850000,4188020000
2021-09-01,109.98999786376953,290.2197570800781,22.393661499023438,15309.3798828125,111.8499984741211,293.450526164361,22.64912199389681,15379.5,109.8499984741211,289.89283908325706,22.30983905945331,15302.1103515625,111.30000305175781,291.21976052803296,22.437569306889998,15308.98046875,38579600,18983800,201767000,4271690000
2021-09-02,109.19999694824219,289.56597900390625,22.3487548828125,15331.1796875,110.87999725341797,291.69096108011354,22.545339807951134,15380.0703125,108.7699966430664,288.6332897832502,22.24796811279879,15285.349609375,110.31999969482422,290.5756073825475,22.47049726134416,15358.4697265625,40090500,16285600,187834000,4050510000
2021-09-03,109.91999816894531,289.55633544921875,22.79481315612793,15363.51953125,111.16999816894531,290.96016674016533,22.937511147751092,15375.5595703125,108.5,288.7101809142856,22.153169913333517,15283.669921875,108.8499984741211,289.4120818879158,22.27790622612633,15313.41015625,42605800,14747900,280532000,3706990000
2021-09-07,109.1500015258789,288.6332092285156,22.61419677734375,15374.330078125,110.58000183105469,289.50820850832446,22.85069635544666,15403.4404296875,108.66000366210938,286.7293910832392,22.474490803126553,15343.2802734375,109.95999908447266,289.4312987154951,22.7848355929797,15375.98046875,28815200,17180400,198107000,4014250000
2021-09-08,106.16999816894531,288.662109375,22.291872024536133,15286.6396484375,109.30000305175781,289.04671710020153,22.562300203414004,15360.349609375,105.5199966430664,286.0275156464967,21.9306343212819,15206.6103515625,108.87999725341797,288.2486568040006,22.465504722881544,15360.349609375,43067900,15046800,254434000,4131560000
2021-09-09,106.1500015258789,285.8159484863281,22.130218505859375,15248.25,107.30000305175781,290.51786328819594,22.490457050966747,15352.3798828125,105.83999633789062,285.5755650140941,22.084316013138185,15245.169921875,106.55999755859375,289.2486315123154,22.26493395688202,15296.0595703125,31857900,19927000,196856000,4031140000
2021-09-10,105.19999694824219,284.33514404296875,22.43058204650879,15115.490234375,106.98999786376953,288.38322235824313,22.578268644590512,15349.4697265625,104.9800033569336,284.017850808825,22.22302065137504,15111.3095703125,106.98999786376953,286.9409216974985,22.30085522288771,15332.919921875,32602300,19633400,248376000,4587150000
2021-09-13,104.80000305175781,285.5659484863281,22.105268478393555,15105.580078125,105.27999877929688,287.0563436631931,22.91555575401909,15215.4404296875,102.62999725341797,282.76788126792405,21.811888077680894,15030.849609375,105.26000213623047,286.1044051321014,22.63614575794394,15211.4296875,37767800,23652900,297500000,4723370000
2021-09-14,105.7300033569336,288.25823974609375,22.195079803466797,15037.759765625,106.81999969482422,289.79669976756344,22.36272466695094,15181.1904296875,104.41999816894531,286.63324519977493,22.039408757377963,15008.2998046875,105.5199966430664,288.0370763979121,22.22800922879762,15168.4501953125,40629500,21853400,199755000,4593140000
2021-09-15,105.5999984741211,293.0948486328125,22.293867111206055,15161.5302734375,106.31999969482422,293.5756157110724,22.31981323387467,15174.3798828125,104.02999877929688,290.2102461632535,21.919658243422088,14984.6796875,106.0,291.5948576961373,22.261935032273296,15071.33984375,37998900,28356300,166538000,4465140000
2021-09-16,106.22000122070312,293.4794006347656,22.195079803466797,15181.919921875,106.75,293.5659351711585,22.23000581669266,15205.5,103.76000213623047,289.19096732817496,21.88074378110906,15047.1396484375,104.91999816894531,292.0755692493566,22.136204252125346,15120.08984375,38150300,19550800,156033000,3701500000
2021-09-17,103.87999725341797,288.3351745605469,21.85379981994629,15043.9697265625,105.9800033569336,292.7870813462865,22.273911214791905,15166.5595703125,103.70999908447266,288.0082565459675,21.78394779506993,14998.73046875,105.55999755859375,292.4697880609758,22.252955607329,15163.3603515625,44528300,41372500,294503000,6709540000
2021-09-20,101.55000305175781,282.97943115234375,21.068462371826172,14713.900390625,102.51000213623047,287.2294241436648,21.38778701785786,14841.8203125,99.51000213623047,278.3833000222743,20.61841355645307,14530.0703125,101.58000183105469,284.9313439067863,21.10139179807724,14758.1396484375,45228400,38278700,349440000,4879490000
2021-09-21,102.81999969482422,283.460205078125,21.201181411743164,14746.400390625,103.43000030517578,286.09482813249366,21.379802756895952,14847.0302734375,101.18000030517578,282.7583040538949,20.905806301905702,14696.4697265625,102.1500015258789,284.3159844038209,21.371820211672656,14803.3603515625,35481500,22364100,204688000,4083010000
2021-09-22,104.37999725341797,287.0948181152344,21.89472198486328,14896.849609375,104.55999755859375,288.6717480113228,21.91368101165659,14950.1201171875,102.20999908447266,283.18139690958066,21.151292502850204,14767.009765625,102.81999969482422,285.3160036325235,21.320934014652313,14800.58984375,34126300,26626300,268726000,4252490000
2021-09-23,106.1500015258789,288.0371398925781,22.434574127197266,15052.240234375,106.86000061035156,289.32559200827507,22.487461820172715,15085.4404296875,103.88999938964844,286.08522692976766,21.843822003613315,14932.509765625,104.88999938964844,287.3544589280449,22.09329462367587,14960.0,32816700,18604600,248555000,4196130000
2021-09-24,105.80000305175781,287.83514404296875,22.034421920776367,15047.7001953125,106.05000305175781,288.26781663945985,22.102279273995517,15067.5595703125,104.68000030517578,285.5082193750034,21.814886671916373,14946.5703125,105.19000244140625,286.7582309001255,22.02344544383216,14961.6103515625,26482600,14999000,217655000,3992150000
2021-09-27,108.16000366210938,282.85443115234375,21.614307403564453,14969.9697265625,108.44000244140625,285.0659473135494,21.753014117831665,15003.16015625,103.44000244140625,281.67173392975803,21.28001501008737,14864.9599609375,105.06999969482422,284.7486540480037,21.66420116567819,14954.1796875,51944300,23571700,245215000,4650790000
2021-09-28,101.5199966430664,272.6141052246094,20.65533447265625,14546.6796875,107.6500015258789,279.59485135493725,21.373816837113832,14817.740234375,101.41999816894531,271.87373461890644,20.607435394582403,14539.8798828125,106.83999633789062,278.6525374846611,21.169249364639114,14787.2099609375,74469000,43186200,343069000,4989510000
2021-09-29,100.3499984741211,273.07562255859375,20.473718643188477,14512.4404296875,102.66000366210938,275.73906084869554,20.972663870201263,14676.6201171875,99.80999755859375,272.123713405147,20.423822978492204,14493.669921875,102.30000305175781,274.1333156978042,20.895826640226495,14614.8798828125,52224700,26353700,218394000,5294600000
2021-09-30,102.9000015258789,271.07562255859375,20.672298431396484,14448.580078125,104.44000244140625,276.7582615099041,21.02156047404019,14632.3603515625,101.98999786376953,270.7871448115844,20.64435762025099,14444.2998046875,102.08000183105469,274.71981454324316,20.72418878114169,14582.599609375,57636700,32343600,221009000,5950950000
2021-10-01,102.44999694824219,277.9794616699219,20.698246002197266,14566.7001953125,103.0,278.8256162130786,20.814997869776846,14606.8203125,100.63999938964844,270.46988411493584,20.16038154346578,14324.009765625,102.5999984741211,271.2679443559621,20.706228547845832,14494.9296875,41491600,30086300,240978000,4710720000
2021-10-04,100.33999633789062,272.2198791503906,19.69037437438965,14255.48046875,101.8499984741211,276.6814110362589,20.49866509219777,14499.740234375,99.81999969482422,269.4699059701531,19.51374772206686,14181.6904296875,101.73999786376953,276.3448682644361,20.460745149157145,14493.1201171875,41967100,31350700,345635000,4557110000
2021-10-05,101.80999755859375,277.6525573730469,20.407855987548828,14433.830078125,102.87000274658203,279.22945781834716,20.604440891158657,14508.650390625,100.61000061035156,273.12371126636924,19.81211532017334,14299.7802734375,100.91999816894531,273.12371126636924,19.907913464807024,14312.8603515625,31455200,24993000,279282000,4176390000
2021-10-06,103.63999938964844,281.8351135253906,20.656333923339844,14501.91015625,103.72000122070312,282.33512980238464,20.67629028663116,14509.5498046875,100.3499984741211,274.52748127436445,20.03764098150744,14259.0703125,100.44999694824219,274.78708479564176,20.077557514740203,14289.4501953125,39071700,28002600,297202000,4465910000
2021-10-07,106.44999694824219,283.50830078125,21.030540466308594,14654.01953125,107.94999694824219,285.22945482720434,21.27701913068914,14755.7197265625,104.45999908447266,282.6140812194665,20.92775711791302,14615.1396484375,104.5999984741211,283.825594084445,21.04750289734636,14631.7998046875,41543100,20430500,256919000,3984180000
2021-10-08,105.05999755859375,283.50830078125,20.78705406188965,14579.5400390625,107.27999877929688,285.22945482720434,21.161262957637216,14699.91015625,104.88999938964844,282.46023226093035,20.73117244375026,14569.6796875,106.55000305175781,284.82559764308587,21.056484923625863,14694.7197265625,30623000,17685700,151258000,3571380000
2021-10-11,104.68000030517578,282.91217041015625,20.651342391967773,14486.2001953125,107.19999694824219,286.50829832033395,21.0185661050647,14665.990234375,104.0199966430664,281.489089470964,20.46773053541931,14482.6201171875,104.62000274658203,281.6525631685585,20.53159660479376,14540.080078125,31284400,19298600,163388000,3539540000
2021-10-12,105.04000091552734,281.61407470703125,20.627395629882812,14465.919921875,106.04000091552734,284.0755993304145,21.012581072561225,14552.7099609375,104.33999633789062,281.10446287508915,20.48469762768922,14441.599609375,105.16999816894531,283.9794400643769,20.784064039237663,14539.08984375,34039900,17974100,162134000,4063830000
2021-10-13,109.16000366210938,284.9122009277344,20.894826889038086,14571.6396484375,109.87999725341797,285.84489029012576,20.94571989479939,14589.2802734375,106.25,282.2006673986754,20.669303819377614,14471.8798828125,106.27999877929688,283.5660588953385,20.873871281370185,14537.169921875,55631900,23416300,180652000,4053580000
2021-10-14,111.98999786376953,291.10430908203125,21.700124740600586,14823.4296875,112.22000122070312,291.60429601037214,21.709104627354822,14827.5595703125,109.62999725341797,286.3735506689679,21.07744058821198,14699.51953125,110.5,287.7004717852056,21.243090758622078,14717.5,46900200,27262900,243589000,4262400000
2021-10-15,112.12000274658203,292.50823974609375,21.815879821777344,14897.33984375,112.83999633789062,292.7390278517721,21.88473450421562,14904.98046875,111.11000061035156,288.9601770620516,21.616302880257262,14847.9599609375,112.51000213623047,290.71017592364666,21.763989474383635,14891.240234375,34203000,25384800,226994000,4494440000
2021-10-18,116.43000030517578,295.46978759765625,22.17512321472168,15021.8095703125,116.87999725341797,296.3543824347761,22.243977904095235,15026.6796875,111.37000274658203,291.04672538099135,21.598341475085665,14833.2802734375,111.9000015258789,291.89287998601975,21.70312142601179,14839.740234375,47537800,22729300,189494000,4167740000
2021-10-19,116.33000183105469,296.3735656738281,22.24298095703125,15129.08984375,117.16999816894531,297.40238451063647,22.331792011817765,15137.849609375,114.47000122070312,295.40240717227346,21.990514392616486,15049.73046875,116.16000366210938,296.48894503169953,22.229008647111023,15073.1298828125,39593900,17682100,161473000,4483400000
2021-10-20,116.38999938964844,295.585205078125,22.05637550354004,15121.6796875,118.30000305175781,297.7871264122316,22.38567930946501,15178.3896484375,115.41999816894531,294.3351931255189,21.93563045748002,15071.150390625,116.29000091552734,297.3159547433428,22.257949059996356,15160.0,34244800,16537100,146276000,4117050000
2021-10-21,119.33000183105469,298.80633544921875,22.644126892089844,15215.7001953125,119.68000030517578,299.0563143524255,22.66308781338826,15222.25,116.26000213623047,294.5755620879851,22.036412424885217,15094.1396484375,116.5,295.3544316768825,22.05038282865257,15104.7998046875,34794900,16918100,187590000,4961860000
2021-10-22,119.81999969482422,297.267822265625,22.67805290222168,15090.2001953125,121.55999755859375,299.1235756390308,23.08119987988695,15193.009765625,118.37000274658203,295.960120910737,22.51340200615871,15021.01953125,120.83000183105469,298.46011490450775,22.77484837507565,15158.0703125,38992700,17449300,249384000,5775770000
2021-10-25,122.36000061035156,296.2774963378906,23.11712646484375,15226.7099609375,123.45999908447266,297.49863403751334,23.30572690449076,15259.6298828125,118.5999984741211,294.6717215370627,22.72196200749555,15070.75,120.5199966430664,297.4601644586546,22.924532850079377,15142.919921875,47834100,17554500,230235000,5750200000
2021-10-26,122.93000030517578,298.1812438964844,24.66486167907715,15235.7099609375,127.19999694824219,300.3831645978906,25.205720119420043,15384.0,122.58000183105469,296.729347757345,23.87353514288528,15198.23046875,122.98999786376953,299.03702309577824,23.938398566559716,15317.5,59458900,28107300,485898000,7173230000
2021-10-27,122.27999877929688,310.73895263671875,24.3994197845459,15235.83984375,128.0800018310547,313.55624018654,25.0370717258524,15364.5400390625,121.05000305175781,303.8447410132644,24.230775672972076,15235.83984375,121.62999725341797,303.8447410132644,24.422371980713933,15276.0,98245300,52588700,245990000,6130110000
2021-10-28,121.16000366210938,311.87359619140625,24.888385772705078,15448.1201171875,123.5,312.37358336767323,24.897367563338552,15452.2998046875,120.26000213623047,308.9985892327168,24.471268294233596,15290.3095703125,122.86000061035156,311.8543467291355,24.82551894824574,15304.740234375,58002500,26297900,234204000,5714890000
2021-10-29,120.2300033569336,318.86383056640625,25.51306915283203,15498.3896484375,122.56999969482422,319.22921810139104,25.654769820121263,15504.1201171875,119.87999725341797,311.44078853801216,24.947265729471905,15323.2900390625,120.94999694824219,311.66195187331414,24.948263071943387,15323.2900390625,43320100,34766000,292503000,5338290000
2021-11-01,125.2300033569336,316.7004699707031,25.77251434326172,15595.919921875,125.66999816894531,318.7389174914313,25.839372434906895,15598.9501953125,118.12999725341797,313.81586777864834,25.173779738453483,15470.8203125,119.44999694824219,318.6139133681184,25.59489035924364,15541.259765625,54559800,27073200,265740000,5273950000
2021-11-02,127.62999725341797,320.31585693359375,26.345304489135742,15649.599609375,128.4600067138672,320.6235548856837,26.62172056643218,15656.599609375,124.19999694824219,317.30625052903974,25.74557250420256,15569.26953125,124.9800033569336,317.6043237502232,25.767527357616604,15583.98046875,53491900,26487100,294112000,5129370000
2021-11-03,130.52999877929688,321.1523742675781,26.541889190673828,15811.580078125,130.60000610351562,322.017749048064,26.727497632609634,15821.5703125,126.79000091552734,317.93122931561726,26.17965600054016,15616.4404296875,127.75,321.05621499337065,26.613737804003005,15658.51953125,59537800,21500100,239910000,5325110000
2021-11-04,137.5,323.49847412109375,29.738130569458008,15940.3095703125,139.0,323.59463338175044,31.298830236529806,15966.08984375,130.77000427246094,316.83505110356475,27.06079022806004,15827.66015625,132.00999450683594,320.08504044542997,27.171556116532418,15849.740234375,84825200,23992200,1153631000,5297250000
2021-11-05,136.33999633789062,323.1330871582031,29.689237594604492,15971.58984375,141.22000122070312,325.75808532637757,31.33375987513204,16053.3896484375,134.4199981689453,321.5561867864097,29.347958100058552,15900.7802734375,139.19000244140625,325.48885700223303,30.123319409166225,16003.5595703125,64920600,22570100,851260000,5566400000
2021-11-08,150.16000366210938,324.02728271484375,30.7390193939209,15982.3603515625,153.60000610351562,324.6618985770728,31.03439450585306,16038.23046875,137.6999969482422,321.57538313486805,29.843910363865678,15961.8095703125,137.6999969482422,324.3253558608429,30.085400440170883,15995.7197265625,141493800,20897000,503101000,5723650000
2021-11-09,148.9199981689453,323.0274353027344,30.59232521057129,15886.5400390625,155.64999389648438,325.6908745478318,32.24183980327339,16035.2099609375,143.88999938964844,321.6620437891487,29.90078828330195,15836.6796875,154.00999450683594,324.1427891836179,32.21389899422513,16024.1298828125,98442600,21307400,646746000,5574660000
2021-11-10,139.8699951171875,318.0754699707031,29.3968563079834,15622.7099609375,146.3000030517578,321.7581620227062,30.784922760075833,15867.240234375,138.52000427246094,317.2293446076053,28.717293111078096,15543.6796875,143.92999267578125,321.7004723239425,29.294074848774112,15753.83984375,82989200,25500900,636206000,5369110000
2021-11-11,146.00999450683594,319.64276123046875,30.325889587402344,15704.2802734375,146.47000122070312,320.93121335247633,30.52546843492164,15768.0302734375,140.83999633789062,317.79663226365136,29.714183788640867,15695.76953125,142.9600067138672,318.50815807964443,30.40372606119835,15752.080078125,67934800,16849800,332172000,4570460000
2021-11-12,147.88999938964844,323.7677307128906,30.325889587402344,15860.9599609375,148.58999633789062,324.2581224444753,30.615278725972825,15874.5703125,144.25,320.95044312615977,29.567492631483955,15705.3798828125,146.02999877929688,321.07544724155895,29.946692061105622,15752.6201171875,52162100,23831000,413054000,5446540000
2021-11-15,146.49000549316406,323.1427307128906,29.961660385131836,15853.849609375,148.97999572753906,324.88310486387337,30.57935405607118,15918.4501953125,142.86000061035156,321.1811931834564,29.18530173672682,15778.3095703125,148.0,324.5561868329157,30.48754907870644,15894.8203125,52271300,16723000,384909000,5020180000
2021-11-16,152.4499969482422,326.45037841796875,30.1392822265625,15973.8603515625,153.0800018310547,327.5657612448941,30.325888001469504,15989.6103515625,145.33999633789062,322.60424288113046,29.64333096717068,15825.0,145.92999267578125,322.7676872089823,29.69622055809208,15840.3203125,53100800,20886800,264484000,5533020000
2021-11-17,151.33999633789062,326.6719970703125,29.19927215576172,15921.5703125,154.66000366210938,329.6293143564149,30.444640534447622,15998.5703125,149.69000244140625,325.59311335095464,28.739244216455628,15909.3896484375,151.97999572753906,326.49861134342495,30.353830996008032,15973.6201171875,54527500,19053400,428508000,5049320000
2021-11-18,155.02000427246094,328.7430419921875,31.60818099975586,15993.7099609375,158.88999938964844,329.87975024868393,32.690891284605854,16010.8798828125,152.55999755859375,324.74538130798175,31.254927669456258,15848.830078125,157.07000732421875,325.76646969293915,32.29872256948904,15973.3896484375,60612700,22463500,781711000,5391360000
2021-11-19,155.41000366210938,330.5155334472656,32.91541290283203,16057.4404296875,156.9199981689453,332.4325070081749,33.018196245585706,16121.1201171875,153.4499969482422,329.63896245799737,31.83769143046511,16017.23046875,155.75999450683594,330.0628138404935,32.174977704788965,16042.16015625,41668900,21963400,533867000,4875310000
2021-11-22,152.52000427246094,327.3559265136719,31.88858413696289,15854.759765625,161.8800048828125,336.83475779834544,34.57390711561954,16212.23046875,152.38999938964844,327.08620558426253,31.832702519697552,15851.0400390625,157.13999938964844,331.9701093321085,33.446289928208735,16120.919921875,58674100,31031100,754335000,5567830000
2021-11-23,149.9199981689453,325.28485107421875,31.679031372070312,15775.1396484375,152.66000366210938,326.9898989068096,32.29173644470543,15895.8603515625,145.3000030517578,321.31608766747587,30.814857092221995,15601.4599609375,150.41000366210938,324.67797163532214,31.46847603985242,15809.5,62852700,30427600,532163000,5434380000
2021-11-24,157.8000030517578,325.5063781738281,32.605072021484375,15845.23046875,157.92999267578125,325.7472014512142,32.78568994748824,15848.5595703125,147.19000244140625,321.65320573565054,30.862755024040684,15591.3603515625,149.4600067138672,323.9362057016911,31.39463157257882,15677.8798828125,60677100,21661300,435162000,4197090000
2021-11-26,154.80999755859375,317.5784606933594,31.436540603637695,15491.66015625,158.10000610351562,325.5256287318422,32.64099310849513,15731.5400390625,152.80999755859375,316.0757258160542,31.283863498749785,15456.08984375,155.8000030517578,322.07705238453224,32.53122455866597,15664.3798828125,36245100,24217200,283069000,3502170000
2021-11-29,161.91000366210938,324.27337646484375,33.30559539794922,15782.830078125,162.50999450683594,326.585274135935,33.34151875834948,15833.1103515625,156.10000610351562,322.4527383080336,31.968421870569852,15644.6103515625,157.5,322.64540869619697,32.29772758864819,15719.419921875,57438900,28563500,454964000,4836230000
2021-11-30,158.3699951171875,318.4551086425781,32.60707092285156,15537.6904296875,164.4600067138672,325.3811893890692,33.28264478706327,15828.2001953125,155.67999267578125,316.9138335793029,31.79678541007752,15451.3896484375,163.27999877929688,323.0114962502423,33.09903100381717,15716.5,75182500,42885600,622066000,6631470000
2021-12-01,149.11000061035156,317.9637756347656,31.372528076171875,15254.0498046875,160.8800048828125,326.8260839728482,33.222845580609224,15816.8203125,148.9199981689453,317.2991304369134,31.31763707417919,15243.9296875,160.3699951171875,322.82842346064837,33.15298499754876,15752.26953125,64039100,33337600,484368000,6320260000
2021-12-02,150.67999267578125,317.3954162597656,32.062156677246094,15381.3203125,152.52999877929688,321.2485884430419,32.413458348891545,15444.5400390625,146.47000122070312,315.76744866054173,30.963344820067583,15150.1201171875,147.67999267578125,318.1756812750894,31.151970308797033,15181.8203125,56161200,30766000,472890000,5418340000
2021-12-03,144.00999450683594,311.1533203125,30.632003784179688,15085.4697265625,152.3800048828125,320.48763300351385,32.06515080587632,15470.3603515625,140.72000122070312,306.3561099885442,30.070121019469727,14931.0595703125,151.64999389648438,319.8036737217345,31.936405556758363,15428.7099609375,65910000,41779300,544325000,5900290000
2021-12-06,139.05999755859375,314.2165832519531,29.97730827331543,15225.150390625,141.30999755859375,315.43034198292435,30.180901433648863,15281.990234375,134.1999969482422,307.512071408828,27.98228032790173,14931.6103515625,141.13999938964844,312.05881608344686,29.820618786249153,15117.6298828125,66776500,30032600,658938000,5115230000
2021-12-07,144.85000610351562,322.6261901855469,32.362548828125,15686.919921875,145.75999450683594,323.47386355690173,32.384508270203064,15720.08984375,141.0,317.98310963695894,30.590079592743436,15507.66015625,143.89999389648438,319.46658948224007,30.89547307149783,15510.91015625,53359400,31021900,593053000,5116490000
2021-12-08,145.24000549316406,322.67431640625,31.76275062561035,15786.990234375,147.0399932861328,323.18486061373886,32.22582919300085,15792.6396484375,142.6999969482422,318.657370926668,31.358554819452596,15618.8798828125,144.9600067138672,323.0018325584716,31.935407148072855,15690.650390625,40977500,24761000,475551000,4615390000
2021-12-09,138.10000610351562,320.87286376953125,30.42940330505371,15517.3701171875,146.69000244140625,324.1384113416441,32.14099693386837,15796.0498046875,137.8000030517578,319.92882616536804,30.367526251043838,15511.1201171875,145.16000366210938,322.1347750888197,31.6709304355526,15720.5400390625,53019900,22214200,488507000,4515600000
2021-12-10,138.5500030517578,329.9664306640625,30.137985229492188,15630.599609375,141.3699951171875,330.4095372641144,31.24278555655399,15677.599609375,135.82000732421875,322.5009090494943,29.801655081182673,15477.849609375,141.2899932861328,322.68393709248,31.088092914267587,15629.58984375,42224300,38095700,488825000,4426210000
2021-12-13,133.8000030517578,326.9416809082031,28.10503387451172,15413.2802734375,139.39999389648438,331.1705518397965,30.233796207467403,15637.0595703125,133.4199981689453,326.6334200526802,28.060123228578693,15408.25,138.25,328.17469493292174,30.188885561534377,15621.26953125,42174000,28899400,598344000,4573920000
2021-12-14,135.60000610351562,316.28765869140625,28.280685424804688,15237.6396484375,137.24000549316406,322.3564229704473,28.621007355370885,15317.5498046875,130.60000610351562,312.2129182210804,27.195845739872162,15097.349609375,131.6699981689453,320.9885338086704,27.6439528427401,15215.9599609375,50754600,44438700,667035000,4865990000
2021-12-15,146.5,322.36602783203125,30.398466110229492,15565.580078125,146.69000244140625,322.8862143337398,30.439384993244534,15575.759765625,133.80999755859375,312.5886088133381,27.782674736715105,15055.23046875,135.11000061035156,316.54772931653724,28.343558104801343,15230.7099609375,72425800,35381100,698297000,5343920000
2021-12-16,138.63999938964844,312.9739074707031,28.330583572387695,15180.4296875,147.92999267578125,324.39857838163,31.09807330257781,15633.1904296875,137.02000427246094,311.1629118249928,28.037169139263874,15119.490234375,147.0,323.3871030361662,31.090089780244078,15629.080078125,63369600,35034800,707366000,4906480000
2021-12-17,137.75,311.9143371582031,27.745750427246094,15169.6796875,142.0399932861328,312.9932502732076,28.864522903312924,15288.7802734375,136.11000061035156,305.6047782395522,27.704831542890716,14960.3701171875,136.3000030517578,309.1015373797269,27.929384771071867,15036.76953125,55642100,47750300,713758000,7668770000
2021-12-20,135.8000030517578,308.1671447753906,27.663908004760742,14980.9404296875,138.25999450683594,310.95104695993683,28.088062550537476,15007.2998046875,133.52000427246094,305.9130421153367,27.091049430829106,14860.0400390625,135.97000122070312,308.301990542722,27.25073127654913,14933.0,38195400,28326500,461847000,4602640000
2021-12-21,144.25,315.2762145996094,29.01721954345703,15341.08984375,144.5,315.7000659257097,29.062130190371207,15349.0595703125,135.14999389648438,308.06112911488344,27.346544620384616,15015.0302734375,138.19000244140625,311.42304210587787,28.31761243890149,15140.4296875,57785200,24740600,524385000,4581720000
2021-12-22,143.8800048828125,320.96923828125,29.341569900512695,15521.8896484375,144.5,321.3641625402389,29.49626253795648,15525.9697265625,140.27000427246094,313.7926936963985,28.39245970985011,15303.0595703125,142.64999389648438,316.24907907920306,28.833582616767877,15319.16015625,46923700,24831500,395184000,4107900000
2021-12-23,146.13999938964844,322.404541015625,29.581090927124023,15653.3701171875,149.02000427246094,324.0421508973986,29.999258803639915,15697.98046875,143.85000610351562,320.5164949405719,29.37250667280015,15528.91015625,143.88999938964844,320.5357502177873,29.695862140217667,15544.7900390625,48653800,19617800,343022000,3935010000
2021-12-27,154.36000061035156,329.8797607421875,30.883502960205078,15871.259765625,154.88999938964844,329.908658361648,31.025220962783237,15871.400390625,147.25,323.1174238146764,29.58109607103307,15696.830078125,147.50999450683594,323.14632143413695,29.60105678205719,15696.830078125,53296400,19947000,403686000,3743920000
2021-12-28,153.14999389648438,328.7237243652344,30.26173973083496,15781.7197265625,156.72999572753906,331.1897520042874,31.267735891884268,15901.4697265625,151.3800048828125,327.82786896299206,29.952354442300354,15757.0703125,155.8800048828125,330.55397511958915,31.249772014643753,15895.2001953125,58699100,15661500,420591000,3648500000
2021-12-29,148.25999450683594,329.3980712890625,29.941373825073242,15766.2197265625,154.33999633789062,331.6617864461058,30.487287570635146,15821.8095703125,147.2899932861328,327.2113772440582,29.307635630343704,15679.849609375,152.82000732421875,328.77190728660776,30.212834501373155,15794.919921875,51300200,15042000,343139000,3714380000
2021-12-30,145.14999389648438,326.8646545410156,29.52720069885254,15741.5595703125,148.85000610351562,330.53479926844375,30.39646994729714,15868.08984375,144.85000610351562,326.38300794269304,29.481292592153306,15729.16015625,147.44000244140625,329.3595803926416,29.7677209545132,15758.98046875,44358000,15994500,308864000,3750920000
2021-12-31,143.89999389648438,323.9747314453125,29.35255241394043,15644.9697265625,148.61000061035156,326.90312120375734,29.97032369459482,15777.4296875,143.5500030517578,323.5219825277928,29.272711469744927,15643.9404296875,146.16000366210938,326.08434561446063,29.61503025561197,15722.91015625,49448100,18000800,266530000,3392580000
2022-01-03,150.24000549316406,322.46234130859375,30.061138153076172,15832.7998046875,151.64999389648438,325.5930436513956,30.64996574600368,15832.7998046875,145.02000427246094,317.6747737807834,29.725805474067663,15644.08984375,145.13999938964844,323.04032300520043,29.75574653768631,15732.5,59396600,28865100,391547000,4429960000
2022-01-04,144.4199981689453,316.93304443359375,29.23179054260254,15622.7197265625,152.4199981689453,322.89583055126775,30.40744890598463,15852.1396484375,140.6999969482422,314.1491135080895,28.29266068276136,15512.41015625,151.00999450683594,322.5393874417457,30.216828510864207,15852.1396484375,80200500,32674300,527154000,5131110000
2022-01-05,136.14999389648438,304.7666320800781,27.54913902282715,15100.169921875,143.75999450683594,314.10094323545275,29.357538070443287,15586.2998046875,135.2899932861328,304.38132077467725,27.478280983281813,15095.1796875,142.82000732421875,313.8986305472885,28.891465241719928,15547.16015625,65403200,40054300,498064000,5031850000
2022-01-06,136.22999572753906,302.35845947265625,28.121999740600586,15080.8603515625,138.0,307.0015395240339,28.381483256103156,15198.4501953125,131.77000427246094,300.0561747269668,27.01121270492406,14914.8701171875,136.19000244140625,301.65524488813156,27.58506883228335,15024.150390625,64802900,39646100,454186000,4790820000
2022-01-07,132.0,302.5125732421875,27.192846298217773,14935.900390625,137.44000244140625,304.88226603603744,28.36551212654154,15171.01953125,131.1300048828125,298.7075537396608,27.003223390433572,14877.6298828125,136.27999877929688,302.61852137240913,28.08507047729888,15095.7197265625,58441100,32720000,409939000,4238070000
2022-01-10,132.0,302.7341003417969,27.34554672241211,14942.830078125,132.4199981689453,303.16759397911807,27.41440984015935,14953.849609375,125.02999877929688,293.50576573261736,25.593035959641192,14530.23046875,129.0800018310547,298.1295606763108,26.528174103666952,14751.7802734375,84671300,44289500,594681000,5317180000
2022-01-11,137.30999755859375,303.4180603027344,27.76171875,15153.4501953125,138.99000549316406,304.98820330544083,28.009226996384303,15158.7099609375,131.58999633789062,298.5149021278563,26.785663592042308,14837.6298828125,133.4499969482422,301.87678551872176,27.268700993300914,14919.259765625,77153900,29386800,404089000,4390710000
2022-01-12,137.47000122070312,306.5872802734375,27.943359375,15188.3896484375,140.57000732421875,311.53862085227667,28.538173737078317,15319.0302734375,135.77000427246094,305.4409591479046,27.553135645796164,15117.2900390625,138.58999633789062,307.9359141133859,28.011223129932247,15263.099609375,69669600,34372200,383413000,4338530000
2022-01-13,132.74000549316406,293.61175537109375,26.522184371948242,14806.8095703125,141.25,309.1015264774925,28.42339706817921,15259.7099609375,131.80999755859375,292.8411325706475,26.445335836793394,14782.240234375,139.44000244140625,308.70657273811673,28.322597967784002,15245.0400390625,76618100,45366000,540171000,4302020000
2022-01-14,136.8800048828125,298.8134765625,26.88845443725586,14893.75,137.0,299.4107134713591,27.14294871181414,14897.6796875,131.42999267578125,292.60022544835357,26.157908876529852,14689.4296875,131.67999267578125,293.08187190999695,26.24773016124949,14708.01953125,71078400,39846400,395832000,4374020000
2022-01-18,131.92999267578125,291.5406494140625,25.851520538330078,14506.900390625,136.38999938964844,298.42818916600646,26.585060416480562,14740.5400390625,131.58999633789062,290.66404916965183,25.71878543976193,14482.9404296875,134.5,292.90853854423693,26.20781139067626,14681.830078125,56527400,42333200,424270000,5060790000
2022-01-19,128.27000427246094,292.1957092285156,25.017181396484375,14340.259765625,134.57000732421875,302.3873676008085,26.490247833386153,14658.8896484375,128.02000427246094,291.58885921501854,25.00221181655367,14331.650390625,133.5500030517578,295.0470782257124,26.02717118789245,14582.2197265625,69831800,45933900,488315000,4665340000
2022-01-20,121.88999938964844,290.5292053222656,24.10200309753418,14154.01953125,128.50999450683594,300.21028923440434,25.528163907695127,14642.0302734375,121.41000366210938,290.0860987267936,24.03014569021503,14140.7802734375,126.04000091552734,297.72500596711825,25.253710832650285,14462.849609375,91157300,35380700,435181000,5102050000
2022-01-21,118.80999755859375,285.1636657714844,23.327545166015625,13768.919921875,125.0199966430664,292.94706137271686,24.77366471205507,14171.7197265625,118.38999938964844,284.7590697196657,23.216765715499022,13764.240234375,120.13999938964844,291.5792015826187,23.46028025235357,14046.2197265625,95685300,57984400,718958000,5870830000
2022-01-24,116.52999877929688,285.4912109375,23.32554817199707,13855.1298828125,116.7699966430664,286.2040385232011,23.333531693411643,13876.6103515625,107.5,265.9170853754429,20.846485838339415,13094.650390625,115.4000015258789,281.47429461593225,22.28561931721603,13481.5,116210100,85731500,913982000,6998770000
2022-01-25,111.12999725341797,277.9004211425781,22.279638290405273,13539.2900390625,114.81999969482422,284.1618263856482,22.897409630925768,13781.6201171875,109.86000061035156,274.70231034504417,21.956282720611952,13414.1396484375,114.0999984741211,280.81919810306823,22.501197265141005,13610.8701171875,85102900,72848600,664616000,5019380000
2022-01-26,110.70999908447266,285.81866455078125,22.726743698120117,13542.1201171875,117.16000366210938,297.1758975203426,24.009189816429384,14002.650390625,108.62999725341797,282.2737532824066,22.25568159985635,13392.1904296875,114.55000305175781,296.68460867157836,23.19381403507695,13871.76953125,94752600,90428900,755959000,5771140000
2022-01-27,102.5999984741211,288.83380126953125,21.900386810302734,13352.7802734375,112.75,296.019959606394,23.94731106663501,13765.91015625,101.94000244140625,286.9939079100606,21.631920439455527,13322.66015625,111.95999908447266,291.55029488282537,23.521159678261036,13710.990234375,125954100,53481300,573353000,5177380000
2022-01-28,105.23999786376953,296.9447937011719,22.79460906982422,13770.5703125,105.4000015258789,297.15671939709773,22.81257294726287,13771.91015625,99.3499984741211,283.6417159546675,21.253676914429107,13236.5595703125,101.55000305175781,289.2095498959442,21.96825357562381,13436.7099609375,98749500,49743700,543774000,4971930000
2022-01-31,114.25,299.56488037109375,24.437334060668945,14239.8798828125,114.30999755859375,300.9134847485598,24.460289063835987,14242.900390625,106.9000015258789,295.1240841669652,23.00618412484713,13767.7099609375,107.93000030517578,297.60939667442534,23.135924911882224,13812.1904296875,97206000,46444500,564680000,5124940000
2022-02-01,116.77999877929688,297.4264221191406,24.589033126831055,14346.0,117.26000213623047,299.2277757254821,25.095025447548608,14358.6904296875,112.7300033569336,293.92966304924204,23.842518660207173,14070.76953125,116.75,299.01585004253747,25.054106568459677,14277.4296875,122467900,40950400,518925000,4671850000
2022-02-02,122.76000213623047,301.9538269042969,25.191831588745117,14417.5498046875,130.05999755859375,303.55289687211734,25.765687622380483,14504.8203125,120.63999938964844,297.5419577332225,24.50419990907991,14264.650390625,129.88999938964844,298.26442751039235,25.742734523169712,14494.4697265625,180065000,36636000,543419000,4673140000
2022-02-03,120.08000183105469,290.1920471191406,23.900407791137695,13878.8203125,125.37000274658203,299.8057228648471,25.0271638258228,14207.8896484375,118.81999969482422,288.9493907856898,23.73274239062806,13851.740234375,120.31999969482422,298.12957287633566,24.409394490116693,14045.830078125,103599500,43730000,410178000,4326300000
2022-02-04,123.5999984741211,294.7098693847656,24.27066993713379,14098.009765625,124.95999908447266,297.4648733158477,24.58604192006064,14222.759765625,118.58000183105469,288.95900886982764,23.58503497082933,13850.3896484375,120.33999633789062,289.1901897878569,23.924359424926656,13958.48046875,86212000,35096500,354829000,4121340000
2022-02-07,123.66999816894531,289.9030456542969,24.678857803344727,14015.669921875,127.62999725341797,296.54011926462067,25.13195412147848,14236.3095703125,122.79000091552734,288.8915703465275,24.153902167281217,13974.099609375,123.55999755859375,294.93143638637616,24.323564396360993,14118.7900390625,81672500,28533300,376868000,4268730000
2022-02-08,128.22999572753906,293.3804931640625,25.058101654052734,14194.4501953125,128.7100067138672,294.3437860965417,25.1798589396147,14226.48046875,122.05000305175781,288.9397268560699,23.93234311537428,13934.7802734375,122.37999725341797,290.1919959093459,24.310589623943148,13984.4296875,84902800,32421200,410359000,4293770000
2022-02-09,132.85000610351562,299.78643798828125,26.651926040649414,14490.3701171875,132.9600067138672,300.4800101974915,26.671886749229056,14490.7197265625,127.6500015258789,296.10668068130565,25.302613739727306,14330.8701171875,129.60000610351562,298.4956287595179,25.571078226959134,14368.16015625,92948900,31284700,524282000,4729730000
2022-02-10,125.7699966430664,291.28057861328125,25.772676467895508,14185.6396484375,131.75999450683594,297.77316484125447,26.871488159313945,14509.5595703125,124.61000061035156,289.66225322547234,25.549122622898047,14118.2001953125,128.83999633789062,292.8796487217257,25.943338051848187,14228.6796875,108939900,45386200,513200000,5212510000
2022-02-11,113.18000030517578,284.21002197265625,23.901405334472656,13791.150390625,127.16999816894531,293.12048369685596,26.10002831228232,14246.7001953125,111.80999755859375,283.4201145266006,23.725756410566216,13733.16015625,126.13999938964844,292.06085534207085,25.864497256375,14213.6201171875,164723200,39175600,605472000,5237320000
2022-02-14,114.2699966430664,284.1714782714844,24.218774795532227,13790.919921875,118.37000274658203,285.8668836168061,24.825566329350934,13921.7099609375,113.45999908447266,280.65546416556623,23.707791249016562,13664.759765625,115.51000213623047,282.9866171180097,23.886436378110282,13768.9697265625,135146400,36359500,440424000,4347350000
2022-02-15,121.47000122070312,289.4407653808594,26.442346572875977,14139.759765625,121.87999725341797,289.7586392639557,26.49224644503513,14142.490234375,114.36000061035156,286.1173914343104,24.734746450060985,13976.2900390625,117.19000244140625,288.9976586537799,24.89941755103267,13997.1796875,143975900,27058300,699869000,4416840000
2022-02-16,117.69000244140625,289.1027526855469,26.458311080932617,14124.08984375,119.54000091552734,290.4251879427911,26.52917102458829,14163.73046875,114.22000122070312,283.484788952386,25.50121738608982,13931.990234375,119.05000305175781,288.0119763177031,26.20681300824524,14038.919921875,119109600,29982100,732676000,4238560000
2022-02-17,112.37000274658203,280.63726806640625,24.45829200744629,13716.7197265625,116.9800033569336,286.4965245719969,25.733751844995112,14020.8203125,112.26000213623047,279.9325995384942,24.116972680791868,13704.7001953125,116.26000213623047,286.07179689190673,25.579059224109187,14004.1904296875,98179600,32461600,810595000,4278370000
2022-02-18,113.83000183105469,277.93450927734375,23.595014572143555,13548.0703125,115.63999938964844,283.65864238707985,24.936343397057144,13762.400390625,109.88999938964844,276.3707522552186,23.054091914566957,13465.5595703125,113.9000015258789,282.87676387601726,24.61897459185381,13735.400390625,114321200,34264000,761255000,4501940000
2022-02-22,115.6500015258789,277.73175048828125,23.343515396118164,13381.51953125,119.19999694824219,281.4191455825817,24.01617571252817,13618.7197265625,113.61000061035156,274.6235321794877,22.9542910697266,13249.650390625,115.2699966430664,275.106174591051,22.98922136037415,13424.3603515625,141648500,41736100,633422000,4849170000
2022-02-23,109.76000213623047,270.54034423828125,22.34250831604004,13037.490234375,118.6500015258789,281.5735712358109,24.106996233636202,13533.7802734375,109.04000091552734,270.3762623285836,22.25668069011676,13032.169921875,117.4000015258789,280.106319573653,23.754697128771827,13511.75,120299400,37811200,566511000,4639330000
2022-02-24,116.61000061035156,284.3633117675781,23.7007999420166,13473.58984375,116.95999908447266,284.9135313013762,23.752696637481108,13486.1103515625,104.26000213623047,262.0941791874867,20.8484804271266,12587.8798828125,104.55999755859375,263.0498313930732,20.973231989095634,12587.8798828125,142956600,56989700,735801000,6180200000
2022-02-25,121.05999755859375,286.9888000488281,24.108993530273438,13694.6201171875,121.2300033569336,287.29769823166265,24.168873762127337,13696.8603515625,116.04000091552734,281.5252849548205,23.334536567147147,13358.2900390625,117.16000366210938,284.89414868618945,23.673861053583,13485.259765625,127821000,32546700,528866000,4628720000
2022-02-28,123.33999633789062,288.41748046875,24.336536407470703,13751.400390625,124.61000061035156,288.7553360718081,24.615980608442836,13810.6396484375,119.19999694824219,282.8284727085798,23.659884397014633,13549.900390625,120.30999755859375,284.0929935575526,23.944317823201498,13570.830078125,124666100,34627500,477319000,5928130000
2022-03-01,113.83000183105469,284.7107849121094,23.430341720581055,13532.4599609375,122.43000030517578,289.5565043668673,24.328554607429982,13777.0400390625,112.80000305175781,282.00796959435814,23.086028049660978,13441.3203125,122.33000183105469,286.1104303022666,24.24272507991095,13716.7001953125,126552200,31217800,412056000,6131350000
2022-03-02,118.27999877929688,289.7689514160156,24.175981521606445,13752.01953125,119.4800033569336,291.00451522918104,24.364639111563292,13796.5498046875,113.30999755859375,283.5042602217041,23.372446139998853,13493.91015625,115.47000122070312,285.10660764686014,23.712826005452477,13597.5302734375,118354500,31873000,389642000,5246390000
2022-03-03,111.9800033569336,285.6470947265625,23.6709041595459,13537.9404296875,118.26000213623047,292.6067899776218,24.281791456450637,13837.58984375,111.05000305175781,283.8419873820218,23.426348571587415,13472.6396484375,118.12999725341797,292.37513104919077,24.217906685184186,13837.58984375,123916700,27314500,365095000,5092580000
2022-03-04,108.41000366210938,279.7974853515625,22.894317626953125,13313.4404296875,113.0,285.3961558141852,23.63696498590784,13486.7099609375,106.80999755859375,277.20089590151974,22.441142240714978,13224.98046875,112.0,284.07372012763096,23.341503399554565,13455.23046875,100609400,32356500,431415000,5343900000
2022-03-07,102.94999694824219,269.2276306152344,21.313199996948242,12830.9599609375,109.52999877929688,279.6334012626767,22.991147067317137,13353.2802734375,102.81999969482422,268.8608176186458,21.29124061343807,12828.01953125,108.52999877929688,278.5136671787281,22.775538058787895,13328.3603515625,92600000,43157200,450821000,6195370000
2022-03-08,105.52999877929688,266.27386474609375,21.474903106689453,12795.5498046875,109.9000015258789,274.10231170934804,22.332341322019484,13159.4404296875,100.08000183105469,260.6269417825075,20.61247291155514,12670.080078125,102.80999755859375,268.1561527618495,21.270275724010467,12800.0400390625,135348300,48159500,557467000,6683960000
2022-03-09,111.05000305175781,278.4847717285156,22.972177505493164,13255.5498046875,111.70999908447266,279.5465913078485,23.17780252535281,13301.16015625,106.8499984741211,271.03276903287826,22.206571146307404,13039.7900390625,108.41000366210938,273.6004311217502,22.34631612059236,13113.7001953125,102310300,35204500,492742000,5396550000
2022-03-10,106.45999908447266,275.67572021484375,22.616823196411133,13129.9599609375,109.06999969482422,276.65066742284495,22.746586101874037,13163.5,103.06999969482422,270.83963327856327,21.842232493155823,12946.2802734375,108.88999938964844,273.1949308694663,22.49005319391326,13098.349609375,102557400,30628000,428066000,5071250000
2022-03-11,104.29000091552734,270.3473205566406,22.05984115600586,12843.8095703125,108.19000244140625,279.4596114101484,23.102942300492145,13239.349609375,104.08000183105469,269.7295241457534,22.005938429678984,12830.3701171875,108.12999725341797,277.9634022977425,22.980164714473226,13229.76953125,87584400,27209300,367209000,5288210000
2022-03-14,102.25,266.8433837890625,21.291234970092773,12581.2197265625,105.23999786376953,275.49232901217977,22.221540369503135,12918.009765625,101.04000091552734,266.2449118112666,21.120546216146405,12555.349609375,102.98999786376953,270.60798934145595,21.829254954549043,12795.1201171875,89731700,30660700,385354000,5876710000
2022-03-15,109.33000183105469,277.181640625,22.931249618530273,12948.6201171875,109.69000244140625,277.82839467371207,22.996132023942444,12973.8798828125,101.79000091552734,269.0539556983797,21.28325099056678,12616.58984375,102.66000366210938,270.61771301661383,21.47889393725402,12685.23046875,112425500,34245100,491996000,5440100000
2022-03-16,115.37000274658203,284.1703186035156,24.451480865478516,13436.5498046875,115.41999816894531,284.34406286615354,24.552297138914387,13440.1201171875,109.88999938964844,273.3687750703698,23.12988771835892,12992.2001953125,111.5999984741211,279.07358456747613,23.457290722488487,13119.3701171875,113689800,37826300,671422000,6552210000
2022-03-17,111.69000244140625,284.971435546875,24.720989227294922,13614.7802734375,114.2699966430664,285.3478813742308,24.796849408752696,13620.7998046875,109.70999908447266,279.3245124712581,23.86255164423222,13317.1396484375,112.13999938964844,283.1084425886128,24.076163405788236,13360.7197265625,103201700,30816600,471941000,5612090000
2022-03-18,113.45999908447266,290.0005187988281,26.404926300048828,13893.83984375,114.93000030517578,290.5507382302181,26.52071662131349,13899.2802734375,110.55000305175781,282.5678431701578,24.579251558233064,13528.0595703125,111.27999877929688,285.1161798417101,24.753932770637824,13564.6298828125,105834800,43390600,730719000,8149290000
2022-03-21,115.91999816894531,288.774658203125,26.685415267944336,13838.4599609375,117.56999969482422,289.72064808863075,27.102656804840144,13945.8095703125,112.54000091552734,284.66253476098274,25.919808947289926,13682.5498046875,113.7300033569336,288.5140418634162,26.45882851334558,13860.3896484375,101905900,28351200,591727000,5673940000
2022-03-22,114.77999877929688,293.5045166015625,26.475801467895508,14108.8203125,117.94999694824219,294.4118867402999,27.188504706921723,14141.0703125,113.80999755859375,288.39815136686497,26.02462316522588,13857.2900390625,115.43000030517578,289.3923936093338,26.678431698352043,13866.4296875,101672600,27599700,547007000,5445100000
2022-03-23,113.91999816894531,289.0931701660156,25.587411880493164,13922.599609375,117.55000305175781,292.7033557846491,26.563633135603418,14152.1396484375,112.20999908447266,287.3846264690427,25.52851909569361,13921.650390625,114.29000091552734,290.0777796338965,26.078516362640386,13990.349609375,90579200,25715400,502120000,5024230000
2022-03-24,120.52999877929688,293.5432434082031,28.098840713500977,14191.83984375,120.55000305175781,293.6397778225319,28.268531837117266,14193.5498046875,113.70999908447266,287.9638959747384,25.859917039185778,13897.2001953125,114.95999908447266,288.75543693080044,26.11844711768974,14001.3203125,121961300,24484500,877379000,5149520000
2022-03-25,119.66999816894531,293.1376953125,27.641674041748047,14169.2998046875,121.4000015258789,294.89452080427003,28.306464068102645,14218.759765625,117.25,288.90011015175327,27.221439608204165,14010.7900390625,119.91999816894531,294.63390450047564,27.835321724179195,14194.7197265625,95852400,22566500,579016000,5585100000
2022-03-28,120.23999786376953,299.9140319824219,28.16771697998047,14354.900390625,120.41000366210938,300.0105369064653,28.198660780217054,14356.0,116.70999908447266,293.7651423882981,27.15655743522871,14101.33984375,117.69999694824219,293.7651423882981,27.705559052925192,14177.2099609375,92966100,29578200,425494000,5129500000
2022-03-29,123.2300033569336,304.4604797363281,28.603919982910156,14619.6396484375,123.70999908447266,304.8562500359702,28.89339193940493,14646.900390625,119.58999633789062,298.32125314184253,27.929147968750208,14419.400390625,122.27999877929688,303.01255254853436,28.642848661602688,14500.3896484375,94143000,30393400,488984000,6060890000
2022-03-30,119.22000122070312,302.96435546875,27.639677047729492,14442.26953125,125.66999816894531,304.9818271718414,28.44421198896582,14609.25,118.58999633789062,300.763506705358,27.45301662520504,14383.4501953125,123.04000091552734,302.86785052906407,28.252561491091658,14558.58984375,99476900,28163600,463487000,5479200000
2022-03-31,109.33999633789062,297.6070251464844,27.236413955688477,14220.51953125,116.37999725341797,304.1999383958244,28.19666565950048,14456.740234375,109.0199966430664,297.2016219305857,27.220444189167058,14217.7197265625,116.30999755859375,303.00296492746145,27.73151289162019,14444.7802734375,147004800,33422100,523440000,5453890000
2022-04-01,108.19000244140625,298.67852783203125,26.663454055786133,14261.5,111.41999816894531,299.3638720029751,27.446029626371523,14306.9404296875,106.0999984741211,294.93321694040014,26.219263094224697,14131.8095703125,110.4800033569336,298.6302459022579,27.32524923988458,14269.5302734375,111867100,27110500,517235000,5002790000
2022-04-04,110.52999877929688,304.035888671875,27.31027603149414,14532.5498046875,110.94000244140625,304.17101328520596,27.507916136883054,14534.3798828125,107.02999877929688,298.958478958834,26.564633902248794,14286.4501953125,109.97000122070312,299.32529205785227,26.679424670623536,14304.349609375,90123900,24289600,397120000,4630100000
2022-04-05,106.81999969482422,300.0877380371094,25.88387107849121,14204.169921875,110.4800033569336,303.9392148944746,27.269348924845236,14500.2900390625,106.05000305175781,299.11279097971965,25.773072756151578,14169.1201171875,109.69000244140625,302.3947533501223,27.204466526965444,14490.259765625,79532000,23156700,436615000,4727710000
2022-04-06,103.66999816894531,289.1027526855469,24.362646102905273,13888.8203125,105.73999786376953,296.342387560811,25.25402295327637,14032.83984375,101.70999908447266,286.4096002636667,23.95938093983907,13788.900390625,104.44999694824219,294.5952247008992,24.888688841537608,14002.580078125,105256600,40110400,703833000,5360420000
2022-04-07,103.72000122070312,290.90789794921875,24.16400718688965,13897.2998046875,105.23999786376953,293.1087462850132,24.67707303806538,13978.25,100.91000366210938,286.06217848359114,23.435334266714467,13689.23046875,103.91999816894531,286.36141443806906,24.396583559935085,13861.490234375,91895500,31411200,557992000,4856090000
2022-04-08,101.0,286.66064453125,23.076990127563477,13711.0,102.98999786376953,290.6665707873598,23.879530038373876,13866.0595703125,100.41999816894531,285.9945956247322,23.020094493834147,13693.6904296875,102.51000213623047,290.0101841560006,23.873540423070956,13830.4697265625,92746700,24361900,524781000,4574080000
2022-04-11,97.37000274658203,275.3572082519531,21.877164840698242,13411.9599609375,98.66999816894531,282.452029428348,22.27943225110598,13585.080078125,95.94000244140625,275.10622472559214,21.620631978381596,13401.3896484375,98.5999984741211,281.6605181173394,22.173625915365193,13547.2900390625,95527700,34569300,575207000,4946680000
2022-04-12,95.0999984741211,272.268310546875,21.464914321899414,13371.5703125,99.58999633789062,280.64697807098315,22.683695718460196,13685.9501953125,94.5999984741211,270.75280588328843,21.24331770434291,13317.740234375,98.77999877929688,279.1990504337595,22.496037698956496,13584.6904296875,89246400,30966700,662258000,4991720000
2022-04-13,97.73999786376953,277.63525390625,22.16265106201172,13643.58984375,98.33000183105469,278.5619192143064,22.45911222680707,13679.4296875,94.70999908447266,271.53464592371415,21.416011160562284,13353.66015625,95.30000305175781,272.91502579688114,21.68851577144071,13373.1201171875,77728400,21907200,516943000,4909720000
2022-04-14,93.05999755859375,270.1157531738281,21.2193660736084,13351.080078125,98.38999938964844,278.3013825359723,22.735606515539892,13662.9296875,92.91999816894531,269.6234777376728,21.124539407798157,13345.2197265625,98.37000274658203,278.0890186068691,22.464099572114247,13647.4296875,73354400,28221600,569097000,4642240000
2022-04-18,93.88999938964844,270.78173828125,21.7434139251709,13332.3603515625,95.16000366210938,272.65439354264834,22.047858038582817,13414.26953125,91.63999938964844,268.67742404587597,21.040692857198728,13222.0302734375,92.02999877929688,269.22764356722877,21.161473248993577,13319.3896484375,80605800,20778000,525701000,4365230000
2022-04-19,96.93000030517578,275.3957824707031,22.157655715942383,13619.66015625,97.06999969482422,276.2356051160154,22.33233689682969,13643.9697265625,92.83999633789062,268.7449845312876,21.275261584203733,13281.2197265625,93.38999938964844,269.6813121043786,21.680523827744366,13312.4404296875,77069500,22297700,512781000,4562840000
2022-04-20,94.0199966430664,276.4189758300781,21.442956924438477,13453.0703125,97.91000366210938,279.6430533893089,22.62879746631426,13678.5498046875,93.19999694824219,275.4633531849248,21.161469869244495,13426.1298828125,97.83999633789062,279.35345023812204,22.476075664885503,13665.3798828125,62489000,22906700,468974000,4678930000
2022-04-21,89.8499984741211,271.0616149902344,20.146320343017578,13174.650390625,96.2300033569336,283.11801238910374,22.351305380675164,13710.7001953125,89.23999786376953,270.3376514098414,19.963652360371036,13140.830078125,95.16000366210938,278.56186707817085,21.66954608901935,13623.7001953125,76680600,29454600,656209000,5233110000
2022-04-22,88.13999938964844,264.51702880859375,19.479534149169922,12839.2900390625,91.45999908447266,273.36870459899797,20.448770189585975,13212.599609375,87.94000244140625,263.8895994942571,19.46456201839812,12828.01953125,90.02999877929688,271.90145264874303,20.26610219786414,13168.7998046875,75017700,29405800,624713000,4475090000
2022-04-25,90.69000244140625,270.9748229980469,19.865833282470703,13004.849609375,91.37000274658203,271.3512688528921,19.908754409123173,13011.4501953125,88.61000061035156,261.3702248757031,19.061298239164504,12722.58984375,89.86000061035156,263.8027620781208,19.167104604165587,12749.169921875,93481000,35678900,641566000,4845160000
2022-04-26,85.16000366210938,260.8392333984375,18.753856658935547,12490.740234375,90.12000274658203,268.6966355558546,19.75203935812216,12918.0400390625,85.08000183105469,260.62686958563427,18.636071069969407,12490.740234375,89.73999786376953,267.8665048519019,19.682166873800284,12918.0400390625,89127400,46518400,653143000,5168160000
2022-04-27,84.91000366210938,273.38800048828125,18.38153648376465,12488.9296875,87.9000015258789,280.86895873505813,19.13216882446557,12703.7900390625,84.0199966430664,269.4689460085579,18.25676363846258,12430.900390625,84.25,272.30688607431046,18.56420258895358,12500.8798828125,83125100,63477700,499460000,4810720000
2022-04-28,89.63999938964844,279.5754089355469,19.746049880981445,12871.5302734375,90.58000183105469,280.8785491561486,20.000587537213033,12948.51953125,84.77999877929688,271.6890200719624,18.45639800746317,12487.8603515625,86.66999816894531,275.2895425636106,18.932530442416695,12712.8603515625,91495400,33646600,570327000,5067150000
2022-04-29,85.5199966430664,267.88592529296875,18.513296127319336,12334.6396484375,91.79000091552734,279.81686511286546,20.091422411814133,12861.830078125,85.37999725341797,266.90134504097585,18.48334995977803,12315.740234375,88.05000305175781,278.5909341142436,19.36674191148043,12710.419921875,82647700,37073900,500435000,4733070000
2022-05-02,89.83999633789062,274.59454345703125,19.497501373291016,12536.01953125,90.37000274658203,275.04822845042037,19.53842532093115,12542.5400390625,85.31999969482422,266.63094457560504,18.357576663441748,12202.41015625,85.66000366210938,268.0692093712177,18.507303670385827,12331.6904296875,98304100,35151100,572049000,4918240000
2022-05-03,91.12999725341797,271.9980163574219,19.566377639770508,12563.759765625,92.20999908447266,274.26644208441866,19.788973871458698,12645.830078125,89.01000213623047,270.4245970349058,19.09823006494358,12460.990234375,89.8499984741211,274.10233066665234,19.364745058425033,12511.4599609375,126381800,25978600,475751000,4547280000
2022-05-04,99.41999816894531,279.9132995605469,20.297048568725586,12964.8603515625,99.69000244140625,280.7820499971457,20.362928617902014,12985.009765625,91.69999694824219,267.1232758393873,18.716925022967168,12367.01953125,98.18000030517578,272.77983068105766,19.886796140998648,12574.73046875,225394100,33599300,648855000,5498050000
2022-05-05,93.87000274658203,267.72174072265625,18.809755325317383,12317.6904296875,97.83999633789062,276.40930377828715,19.88879023761166,12787.51953125,92.16999816894531,264.8162240963305,18.46638060148286,12183.5595703125,97.6500015258789,275.6274254599327,19.830896979302434,12787.51953125,153129800,43260400,626331000,5308920000
2022-05-06,95.33999633789062,265.19268798828125,18.641061782836914,12144.66015625,98.18000030517578,269.555764420702,19.47654062399215,12358.419921875,92.6500015258789,261.8527815684002,17.95730714361305,11990.150390625,94.33999633789062,265.2698978061163,18.70195175204548,12246.830078125,144286600,37780300,633297000,5324480000
2022-05-09,86.36000061035156,255.39508056640625,16.919193267822266,11623.25,93.73999786376953,262.904996341923,18.221819764176885,11990.6103515625,85.37999725341797,254.1788415540158,16.796415729990336,11574.9404296875,92.87000274658203,260.68485272752093,18.001222676719184,11923.0302734375,144523700,47726000,644455000,5939140000
2022-05-10,88.7300033569336,260.1442565917969,17.563020706176758,11737.669921875,90.7699966430664,264.24671703897735,18.16492540380209,11944.9404296875,85.41000366210938,255.86805194857527,16.994056975947228,11566.2802734375,89.18000030517578,262.258232684761,17.656849725721745,11900.33984375,137235500,39336400,761474000,6218260000
2022-05-11,87.91999816894531,251.5050048828125,16.59977912902832,11364.240234375,93.45999908447266,261.93973378756925,17.7207395102495,11844.509765625,86.52999877929688,250.2983985852397,16.537893425141622,11339.1796875,87.83999633789062,256.4569218413572,17.315477156303142,11645.5703125,136137900,48975900,670167000,6152370000
2022-05-12,87.05999755859375,246.4855194091797,16.145605087280273,11370.9599609375,88.55000305175781,250.8582590815856,16.75749197618236,11547.330078125,83.2699966430664,241.3405488261486,15.538711130202692,11108.759765625,86.5999984741211,248.7442826712676,16.189525752393525,11199.25,129214200,51033800,708728000,6679470000
2022-05-13,95.12000274658203,252.05528259277344,17.67382049560547,11805.0,96.56999969482422,253.90864325514752,17.895417154710085,11856.7099609375,88.22000122070312,246.4855972427658,16.562844297235856,11510.259765625,88.30000305175781,248.41616776441165,16.757489599664027,11555.9697265625,138068100,34925100,670437000,5894020000
2022-05-16,94.23999786376953,252.42198181152344,17.23262596130371,11662.7900390625,98.16999816894531,256.59201932670356,17.75567386028926,11804.58984375,93.08000183105469,246.90055143257808,17.074914055272394,11627.5302734375,93.86000061035156,250.9354349323041,17.477181558942796,11727.1396484375,131065700,32550900,521446000,4930250000
2022-05-17,102.47000122070312,257.55731201171875,18.143964767456055,11984.51953125,103.19999694824219,259.0148721108303,18.33761243130052,11988.4296875,97.54000091552734,253.34865472681068,17.60195235864929,11754.2802734375,97.87999725341797,256.87193855498094,18.041151322209387,11905.5703125,164227200,28828800,585830000,5093960000
2022-05-18,96.27999877929688,245.830810546875,16.9072208404541,11418.150390625,104.22000122070312,255.04172974493503,18.08507690816682,11826.2197265625,95.70999908447266,244.56334455457838,16.833355903559767,11381.6904296875,100.0,254.46120398258716,17.672827284467367,11790.6796875,142603200,31356000,545161000,5064120000
2022-05-19,96.66999816894531,244.92137145996094,17.09288215637207,11388.5,100.69000244140625,249.30431075685598,17.65485877694169,11562.8203125,95.08999633789062,243.70228485416828,16.70358958474404,11313.3095703125,96.69000244140625,245.65669143059023,16.906221705811088,11364.400390625,141506200,32692300,621310000,5154410000
2022-05-20,93.5,244.3601837158203,16.66366195678711,11354.6201171875,98.63999938964844,250.14604290717048,17.378360361940025,11552.2099609375,88.26000213623047,238.43888522978867,15.726368287812404,11035.6904296875,98.38999938964844,248.88823202551862,17.30050299605302,11542.669921875,164126800,39199300,739105000,5434370000
2022-05-23,95.06999969482422,252.18748474121094,16.86728858947754,11535.26953125,95.19000244140625,253.00989374286016,16.88425788996982,11552.0703125,90.91999816894531,245.20189490689577,16.149595509541346,11304.5595703125,91.66000366210938,247.19502540033727,16.244422161579827,11396.2802734375,128773000,33175400,639889000,4552200000
2022-05-24,91.16000366210938,251.19091796875,16.124645233154297,11264.4501953125,93.41999816894531,252.84539116572356,16.566841031680042,11351.6103515625,89.62000274658203,245.2696206096745,15.751325247533773,11092.48046875,92.54000091552734,249.51710474100852,16.47999922956967,11326.4404296875,123341400,29043900,588550000,4724430000
2022-05-25,92.6500015258789,253.99676513671875,16.94415283203125,11434.740234375,93.88999938964844,255.98988085349984,17.079905368342203,11511.900390625,89.5199966430664,248.78177736180598,15.97092425449637,11211.849609375,90.43000030517578,249.75899518887167,15.990888366746299,11225.0302734375,111771100,28547900,781132000,4519690000
2022-05-26,98.75,257.26702880859375,17.818559646606445,11740.650390625,100.33000183105469,258.43773551666885,18.059120906414734,11796.9697265625,90.73999786376953,252.94215494918038,15.992882971425454,11406.16015625,91.33999633789062,253.75487915760345,16.006857468643506,11409.83984375,128792700,25002100,996575000,4672620000
2022-05-27,102.26000213623047,264.3687744140625,18.776813507080078,12131.1298828125,102.4000015258789,264.4655336439164,18.846685983699807,12131.66015625,99.37999725341797,258.873192668912,18.06710524448989,11856.8203125,100.13999938964844,259.7633362460875,18.15294938885793,11869.6904296875,104348400,26910800,738379000,4793900000
2022-05-31,101.86000061035156,263.04327392578125,18.63806915283203,12081.3896484375,104.55000305175781,265.84911459447005,19.165109521892898,12190.080078125,100.04000091552734,260.1987236575402,18.316653805372184,11942.5,102.43000030517578,263.68184944791426,18.945508098862536,12137.5400390625,125102900,37827700,664100000,6045500000
2022-06-01,101.22000122070312,263.5754699707031,18.286706924438477,11994.4599609375,103.56999969482422,268.674360516744,19.018374652138892,12237.9404296875,99.55000305175781,261.27273568320817,18.089066793747712,11901.4296875,102.12999725341797,266.2652117248108,18.68997397259425,12176.8896484375,99351400,25292200,544514000,4719900000
2022-06-02,108.58999633789062,265.6652526855469,19.5563907623291,12316.900390625,109.5,265.73298709587516,19.583342116528346,12320.1201171875,100.77999877929688,253.10669066458044,18.164925244103703,11901.4501953125,100.77999877929688,255.86416618600398,18.258754262823782,11945.5703125,120953800,44008200,648656000,4445840000
2022-06-03,106.30000305175781,261.2532958984375,18.68597984313965,12012.73046875,109.38999938964844,264.5719571114333,19.296869084599603,12167.4404296875,104.6500015258789,259.6955816677973,18.488339710165604,11966.6201171875,105.80000305175781,261.5338887851949,19.047323404464223,12097.1201171875,110844700,28059000,598779000,4130040000
2022-06-06,105.6500015258789,260.0245666503906,18.75185775756836,12061.3701171875,109.56999969482422,265.27826522689224,19.301856968127392,12245.400390625,104.2300033569336,258.5442419264379,18.53026109692932,12004.2001953125,108.2699966430664,263.2270994161104,19.104216857601944,12200.330078125,96726900,22400300,422406000,4647010000
2022-06-07,105.27999877929688,263.6528015136719,18.8916072845459,12175.23046875,106.23999786376953,264.26235216439045,18.965472213893936,12194.8603515625,102.61000061035156,257.30578597515415,18.154947548277914,11888.6103515625,104.23999786376953,257.9830710374571,18.438431844745782,11925.8095703125,79022900,22860700,388914000,4411240000
2022-06-08,101.9000015258789,261.63067626953125,18.618045806884766,12086.26953125,105.8499984741211,264.1365839069745,19.14919082607967,12235.7802734375,100.41000366210938,260.8566319339603,18.50522645422863,12052.7001953125,104.56999969482422,262.88845771552224,18.768802321218942,12147.2802734375,97641900,17372300,363252000,4708980000
2022-06-09,98.80000305175781,256.1931457519531,18.019010543823242,11754.23046875,103.94000244140625,263.8559928027338,18.902589231705353,12115.0595703125,98.73999786376953,256.03833688377534,18.01202181811601,11751.98046875,101.56999969482422,259.08606081367157,18.451315596651252,12016.4697265625,95299000,26439700,395574000,5408460000
2022-06-10,94.81999969482422,244.7762451171875,16.946735382080078,11340.01953125,99.93000030517578,252.11980426463842,17.66857359163236,11569.150390625,94.25,244.33117332105226,16.841902597628902,11328.26953125,98.81999969482422,252.11980426463842,17.571729282063977,11543.8798828125,102135400,31422800,465248000,5152020000
2022-06-13,86.98999786376953,234.39456176757812,15.621866226196289,10809.23046875,92.02999877929688,240.9350949240482,16.28579798543527,11071.48046875,86.63999938964844,233.6882667435192,15.580931719685918,10775.1396484375,91.26000213623047,237.1520369876546,15.974298882999761,10986.849609375,98148800,46135800,604153000,5937320000
2022-06-14,86.98999786376953,236.5522003173828,15.810562133789062,10828.349609375,88.30000305175781,237.76161683238632,16.040192214090787,10926.8095703125,85.81999969482422,233.66894071597716,15.387242491326816,10733.0400390625,87.41000366210938,235.9426496695378,15.705730306415653,10897.4296875,84066600,28651500,469680000,4819890000
2022-06-15,89.30000305175781,243.58616638183594,16.500450134277344,11099.150390625,90.86000061035156,247.01124236384646,16.84090192856141,11244.259765625,86.19000244140625,238.41954235569622,15.900414844094753,10866.3896484375,87.9000015258789,240.24817961274056,16.069143021465198,10968.400390625,95774800,33111700,563936000,5368500000
2022-06-16,82.05000305175781,237.0166015625,15.57593822479248,10646.099609375,86.7300033569336,239.38705487358806,15.916390994919492,10831.0703125,80.63999938964844,235.12991483585378,15.376259697287871,10565.1396484375,86.62999725341797,237.99380474825406,15.834521989321626,10806.01953125,102433300,33169200,545749000,5696630000
2022-06-17,81.56999969482422,239.60958862304688,15.8544921875,10798.349609375,82.94000244140625,242.36706412018737,15.969307235334867,10884.7099609375,79.43000030517578,236.10712319916604,15.303378815321718,10638.7197265625,82.19000244140625,236.75536866492723,15.622864496998716,10697.5498046875,105212300,43084800,630334000,7452830000
2022-06-21,83.79000091552734,245.5018768310547,16.539392471313477,11069.2998046875,85.80999755859375,246.47908003768092,16.980681988476544,11164.990234375,82.5999984741211,241.4092008096241,16.380647453384604,10974.0498046875,84.16999816894531,242.1348507017861,16.4485390272336,10974.0498046875,87780600,29928300,483089000,5226260000
2022-06-22,83.75,244.91168212890625,16.333721160888672,11053.080078125,86.37999725341797,248.82052450027996,16.635236096967933,11216.76953125,83.30000305175781,242.24128106481916,16.15400999438934,10938.0595703125,84.4000015258789,243.7119356534914,16.19993563125689,10941.9501953125,86634700,25939900,437135000,5238180000
2022-06-23,82.43000030517578,250.4556121826172,16.19893455505371,11232.1904296875,84.41000366210938,250.94906352812058,16.55835491207933,11260.26953125,80.2300033569336,245.39543280330932,15.827531488223839,11046.2802734375,84.31999969482422,247.27244944007643,16.49246095779145,11137.6796875,100614600,25861400,463680000,5258200000
2022-06-24,87.08000183105469,259.0086669921875,17.09848976135254,11607.6201171875,87.52999877929688,259.2795751254641,17.112467212054863,11613.23046875,83.08000183105469,253.22280743470034,16.2838005267453,11337.7802734375,83.55999755859375,253.3098818853851,16.473495860765993,11351.3095703125,88553900,33923200,472153000,9468130000
2022-06-27,86.16000366210938,256.2898864746094,16.841903686523438,11524.5498046875,88.22000122070312,259.589148741076,17.302163648044232,11677.490234375,85.25,254.73214265073585,16.599293974290056,11487.0703125,87.36000061035156,259.50207429528484,17.28419291089453,11661.01953125,74663500,24615100,427968000,5047860000
2022-06-28,80.77999877929688,248.1529083251953,15.956328392028809,11181.5400390625,86.7300033569336,258.2442718055391,17.17436801500843,11635.849609375,80.43000030517578,247.99809948086303,15.91938717022095,11177.6796875,85.70999908447266,255.40940681520112,16.87285307326158,11542.240234375,95618600,27295500,461149000,5433220000
2022-06-29,77.98999786376953,251.81021118164062,15.517035484313965,11177.8896484375,79.75,253.46468475908262,15.79458882502246,11226.330078125,76.51000213623047,247.45629682631295,15.14563326818601,11072.1904296875,79.55000305175781,249.22688443197563,15.788598896697644,11160.2197265625,104140900,20069800,482352000,5650860000
2022-06-30,76.47000122070312,248.49151611328125,15.134650230407715,11028.740234375,78.91000366210938,251.10386732586358,15.541994845285537,11160.919921875,75.4800033569336,244.68911807030898,14.838127375234018,10850.009765625,77.7300033569336,248.7043745789492,15.336325419135894,11048.25,105368600,31730900,686070000,5654520000
2022-07-01,73.66999816894531,251.1522674560547,14.499670028686523,11127.849609375,75.44999694824219,251.33610113526663,15.038802535047681,11132.5498046875,72.69000244140625,246.34364079711162,14.368880901155025,10922.7099609375,75.19000244140625,248.06586356040017,14.875066426306015,11006.830078125,87734200,22837700,577610000,4865730000
2022-07-05,75.19999694824219,254.3161163330078,14.939962387084961,11322.240234375,75.20999908447266,254.44190037764724,14.946951112194402,11323.8896484375,71.5999984741211,246.46942121872016,14.032423111650445,10911.4501953125,71.9800033569336,247.84331663869565,14.152230235873315,10964.1796875,95589000,22941000,651397000,5053570000
2022-07-06,75.3499984741211,257.5670166015625,15.105696678161621,11361.849609375,76.27999877929688,259.28922459470346,15.294393215490263,11443.150390625,73.55000305175781,253.8807173042958,14.765243873049544,11250.3203125,75.16999816894531,255.18689308896802,14.985889549347426,11337.900390625,85458900,23824400,529066000,4851170000
2022-07-07,79.30000305175781,259.6858825683594,15.832527160644531,11621.349609375,79.98999786376953,260.324457968474,15.919387306256189,11644.4697265625,76.9000015258789,256.4156159102422,15.364280650557577,11412.8798828125,77.19000244140625,256.5123751272476,15.431173417202471,11422.599609375,83640900,20859900,492903000,4685050000
2022-07-08,79.3499984741211,258.96990966796875,15.81256103515625,11635.3095703125,80.47000122070312,259.395626588486,16.011241756015696,11689.7001953125,77.4000015258789,254.74179480110894,15.364281868500495,11479.76953125,78.30999755859375,256.1930944319359,15.405216379233813,11503.6103515625,83405900,19658800,467972000,4526570000
2022-07-11,76.94999694824219,255.9221954345703,15.127659797668457,11372.599609375,78.29000091552734,257.87660171050175,15.502057386380558,11541.099609375,75.83999633789062,253.66782672632655,15.013842610780163,11348.0595703125,77.8499984741211,257.0251678392389,15.501058589102321,11524.490234375,76150300,19455200,437321000,4362910000
2022-07-12,76.36000061035156,245.4341278076172,15.057772636413574,11264.73046875,77.44000244140625,257.3057634702687,15.406211993432294,11483.169921875,74.43000030517578,243.8570440782721,14.853102016672706,11207.080078125,76.9800033569336,257.2477138444937,15.243473723701138,11420.8896484375,77873200,35868500,458483000,4317860000
2022-07-13,77.5199966430664,244.51498413085938,15.139642715454102,11247.580078125,79.11000061035156,245.3180384343123,15.350304243121299,11325.669921875,74.4800033569336,240.05465562247608,14.4417660630257,11031.26953125,74.94000244140625,242.06712638955372,14.56656528451449,11056.5498046875,79355000,29497400,521918000,4433060000
2022-07-14,78.5999984741211,245.830810546875,15.347306251525879,11251.1904296875,79.25,246.85639326542395,15.44814383814876,11279.9697265625,76.0,237.95509174418504,14.704340715980594,11005.9296875,78.2300033569336,242.43477469827525,15.083730400494847,11151.2099609375,83493600,25102800,456235000,4481070000
2022-07-15,81.11000061035156,248.38511657714844,15.736680030822754,11452.419921875,81.19999694824219,251.91660674220472,15.756647407738981,11454.6904296875,77.9000015258789,246.49842984837338,15.420188870669334,11295.330078125,79.36000061035156,247.41758340717305,15.63384580216969,11379.3603515625,76050600,29774100,385935000,4369060000
2022-07-18,81.43000030517578,245.99530029296875,16.075138092041016,11360.0498046875,84.47000122070312,252.37134012804827,16.86985906904583,11629.0302734375,80.94000244140625,245.07614676470823,15.976298082766748,11322.83984375,82.20999908447266,251.3167325510271,16.275815455198785,11561.6396484375,90464300,20975000,670517000,5057920000
2022-07-19,85.87999725341797,251.1038818359375,16.964704513549805,11713.150390625,86.41000366210938,251.28771549994482,17.082514988008967,11721.2197265625,82.19000244140625,245.4438068994524,16.146022071859953,11448.9697265625,82.76000213623047,249.2171803481861,16.45951683745517,11515.0,85047500,25012600,702366000,5302740000
2022-07-20,89.43000030517578,253.7549285888672,17.778392791748047,11897.650390625,89.91999816894531,256.2705208821731,17.904191732344817,11939.9599609375,85.08000183105469,250.50403112190256,16.77401028715721,11703.3603515625,85.38999938964844,251.46187956720985,16.919775651092362,11726.08984375,88348600,22788300,760538000,5467080000
2022-07-21,91.08999633789062,256.24151611328125,18.021007537841797,12059.6103515625,91.58000183105469,256.2899104944366,18.114856419024587,12060.58984375,88.22000122070312,248.6850833881356,17.516819500864308,11812.7197265625,89.5999984741211,251.35548474975212,17.856273549154427,11914.150390625,90449300,22404700,557049000,4680930000
2022-07-22,88.0999984741211,251.90687561035156,17.291181564331055,11834.1103515625,90.69000244140625,256.7155157613963,17.93813952472273,12093.01953125,87.04000091552734,250.65877931001037,17.109472790103464,11767.1904296875,90.19999694824219,256.6284413353328,17.864258981512034,12025.3701171875,76989700,21881300,536671000,4721880000
2022-07-25,87.54000091552734,250.4266357421875,16.996654510498047,11782.669921875,87.5999984741211,253.00996269339953,17.096494261320483,11855.1103515625,85.12000274658203,248.47222906918483,16.622256873127547,11707.5302734375,86.56999969482422,252.52619603432996,16.991661475600253,11837.9599609375,70083000,21056000,480748000,4346520000
2022-07-26,85.25,243.7216033935547,16.50644302368164,11562.5703125,87.75,251.44252883940965,16.891822649479725,11711.3095703125,84.70999908447266,241.46726406430727,16.451531068699488,11533.3701171875,87.0,251.42315927857734,16.861870154684528,11701.5302734375,69180400,39348000,397865000,4349760000
2022-07-27,89.81999969482422,260.0148620605469,17.761425018310547,12032.419921875,90.62000274658203,261.28232818719346,17.9071904085924,12081.73046875,86.29000091552734,250.4459740907152,16.885832927058424,11718.3798828125,86.94000244140625,252.68097341491003,17.00464126060537,11756.1904296875,78301600,45994000,569776000,4588480000
2022-07-28,91.66999816894531,267.4358825683594,17.955108642578125,12162.58984375,92.22000122070312,268.8194480987204,18.11085817162906,12179.08984375,88.58999633789062,259.17313993208194,17.411983837534958,11886.669921875,90.41999816894531,260.9921072574556,17.946124228071746,12036.48046875,79009200,33459300,474646000,4924950000
2022-07-29,94.47000122070312,271.625244140625,18.133825302124023,12390.6904296875,94.80999755859375,272.8443453449876,18.214694569102246,12426.259765625,90.55999755859375,267.64869711004144,17.663581188162542,12181.1298828125,90.69999694824219,268.6839646557535,17.784387118127725,12239.6904296875,76630700,32152800,435460000,4907410000
2022-08-01,96.77999877929688,268.9839172363281,18.4113826751709,12368.98046875,98.38999938964844,272.14774020428075,18.815732907355017,12499.7197265625,93.95999908447266,266.8843571782586,17.961106793902616,12271.98046875,95.58999633789062,268.8000835642348,18.152797867160455,12317.9599609375,96477500,21539600,476469000,4396390000
2022-08-02,99.29000091552734,265.8974304199219,18.496238708496094,12348.759765625,100.91999816894531,268.86776386408434,18.907577522415323,12503.33984375,95.36000061035156,263.5366474998383,18.06293587544904,12260.48046875,95.70999908447266,267.03911229184763,18.092888368674423,12287.669921875,116734100,22754200,489527000,4792140000
2022-08-03,98.08999633789062,273.2991638183594,18.86264991760254,12668.16015625,98.7699966430664,274.29572205073544,18.93753019924968,12699.6396484375,93.62000274658203,267.62940267530934,18.107863838709722,12425.2099609375,94.83000183105469,267.77455630839756,18.154789221455992,12433.8701171875,131142000,23518900,418146000,5667990000
2022-08-04,103.91000366210938,274.4407653808594,19.184139251708984,12720.580078125,104.58999633789062,274.58588944445677,19.243044507997787,12736.1904296875,97.26000213623047,271.0737689983291,18.729870096019265,12600.7802734375,97.5,272.65082319177765,18.818727855336114,12675.0400390625,125855800,18098700,409652000,5451470000
2022-08-05,102.30999755859375,273.7248229980469,18.958498001098633,12657.5498046875,103.86000061035156,274.44078812230066,19.198112256942917,12720.4404296875,100.9800033569336,269.632146904856,18.636016886602366,12525.76953125,101.05000305175781,270.0868886929883,18.779784678395007,12538.7998046875,93859900,16774600,386068000,4911300000
2022-08-08,100.06999969482422,271.2189025878906,17.764419555664062,12644.4599609375,101.80000305175781,276.63709419104765,18.209704226677722,12855.150390625,97.98999786376953,270.25136942756865,17.214305900483794,12597.75,100.05999755859375,274.8277823787597,17.47388850828178,12703.7197265625,92606800,18739200,981859000,5238600000
2022-08-09,95.54000091552734,273.1346435546875,17.058555603027344,12493.9296875,98.05000305175781,273.8893183608111,17.41897579817991,12582.91015625,93.66999816894531,268.59690993620944,16.69713756258524,12438.8603515625,97.94999694824219,270.5610309152516,17.224289326765735,12557.490234375,89473700,23405200,668263000,5307340000
2022-08-10,99.05000305175781,279.7718505859375,18.06793212890625,12854.7998046875,99.3499984741211,280.4007411412907,18.088898306614105,12861.4404296875,95.61000061035156,277.62392610830153,17.289184304860864,12698.6103515625,98.44999694824219,278.8140023481959,17.669572848171974,12793.4404296875,83416100,24687800,597422000,5196210000
2022-08-11,98.12000274658203,277.70135498046875,17.91318130493164,12779.91015625,102.37000274658203,281.7553212542064,18.67695387002045,13026.240234375,98.0,277.20793315057733,17.84728732822926,12760.08984375,99.93000030517578,281.40702349193015,18.101878818020555,12944.8203125,77516900,20065900,509327000,5815960000
2022-08-12,100.83000183105469,282.4326171875,18.67894744873047,13047.1904296875,101.4000015258789,282.4326171875,18.687933769017686,13047.1904296875,98.4800033569336,277.62397604955174,17.92416129028976,12821.2197265625,99.19999694824219,279.1139854304459,18.130829518331936,12866.3095703125,72316300,22619700,478094000,4782610000
2022-08-15,101.01000213623047,283.94195556640625,19.00143051147461,13128.0498046875,101.8499984741211,284.62889583747915,19.133218463446653,13146.0595703125,99.80000305175781,280.6910288186994,18.58310478628588,12993.7802734375,100.51000213623047,281.55214749764076,18.670962786172225,12996.6298828125,61327100,18085700,457666000,4476040000
2022-08-16,100.19999694824219,283.2065734863281,18.848676681518555,13102.5498046875,101.44999694824219,284.4934088991559,19.111254744277208,13181.08984375,98.31999969482422,280.9909441965349,18.471283557711025,12979.240234375,100.83999633789062,282.50994855184035,18.88961119385509,13082.6396484375,60220700,18102900,451240000,5028410000
2022-08-17,98.2699966430664,282.4600830078125,18.30554962158203,12938.1201171875,99.63999938964844,284.4283433719824,18.657983276915708,13053.509765625,96.7300033569336,280.6663411966556,18.115856168463772,12863.009765625,99.26000213623047,280.9281190261752,18.49324928823037,12968.6298828125,63735600,18253400,446799000,5229520000
2022-08-18,100.44000244140625,281.3450622558594,18.742847442626953,12965.33984375,101.06999969482422,283.0321341039528,18.83469872730568,13002.66015625,96.7300033569336,280.28818642679033,18.153794950823045,12873.490234375,97.73999786376953,281.36444334293145,18.271605449183827,12937.7900390625,76059500,17186200,415447000,4724350000
2022-08-19,95.94999694824219,277.4472961425781,17.820329666137695,12705.2197265625,99.25,280.45302156557796,18.49025135099446,12859.009765625,94.58999633789062,276.87524340040335,17.74145609340944,12674.8701171875,98.66999816894531,280.1136602196925,18.37643415192169,12832.26953125,67221700,20570000,441588000,4628170000
2022-08-22,92.83999633789062,269.302734375,17.006635665893555,12381.5703125,95.0199966430664,273.8694799294029,17.529794039492458,12538.5498046875,92.36000061035156,268.7888545532896,16.938744114151103,12353.73046875,94.4000015258789,273.5010322101689,17.461902487750006,12523.16015625,61837300,25061100,409593000,4270980000
2022-08-23,92.48999786376953,268.0326232910156,17.15340232849121,12381.2998046875,94.44000244140625,270.37900717902073,17.436946542201706,12490.849609375,92.11000061035156,267.02424456116967,16.94274081093071,12352.0302734375,92.38999938964844,268.0326232910156,16.961711297149357,12380.3701171875,52927000,17527400,369986000,3836180000
2022-08-24,92.7300033569336,267.4023742675781,17.1943359375,12431.5302734375,93.37999725341797,268.79858174374715,17.37804038834426,12504.330078125,90.9000015258789,266.74303270034477,16.867861541977685,12350.16015625,92.20999908447266,267.0339265183886,16.98467227619529,12375.150390625,56520400,18137000,522661000,3917170000
2022-08-25,97.18000030517578,270.3692626953125,17.884225845336914,12639.26953125,97.56999969482422,270.5340758675693,17.918171626071466,12641.259765625,93.13999938964844,266.17093562909554,16.805960762250074,12471.98046875,93.13999938964844,268.8954719441874,16.816942772656006,12506.3701171875,61016200,16583400,770691000,4323470000
2022-08-26,91.18000030517578,259.9365234375,16.2338809967041,12141.7099609375,97.5999984741211,271.8139618186625,17.895207590473877,12655.83984375,91.12000274658203,259.8298830917029,16.210917226715885,12141.51953125,96.29000091552734,270.5922729736932,17.828315779513094,12630.580078125,65552500,27549300,769127000,4530000000
2022-08-29,88.48999786376953,257.1636047363281,15.775620460510254,12017.669921875,91.19000244140625,259.26759223501574,16.31175764711642,12124.8701171875,88.26000213623047,255.82556976472725,15.741675626533684,11981.419921875,90.05000305175781,257.76474402166747,15.99426952307639,12021.0498046875,61142500,20338500,496132000,4209850000
2022-08-30,86.94000244140625,254.97222900390625,15.443155288696289,11883.1396484375,90.1500015258789,258.92812992723435,16.01323727983435,12101.849609375,85.33999633789062,252.73248597704324,15.157614418315411,11790.01953125,90.05999755859375,258.55971181711374,15.934364651664499,12093.0595703125,69087100,22767100,530181000,4681520000
2022-08-31,84.87000274658203,253.51791381835938,15.069753646850586,11816.2001953125,86.72000122070312,258.9863691063418,15.515037314685223,12027.4296875,83.72000122070312,253.38215743556145,14.93497027531041,11814.169921875,86.27999877929688,257.31870787388976,15.359287767857783,11972.5595703125,64991700,24791800,573710000,4952010000
2022-09-01,82.33000183105469,252.4804229736328,13.9146146774292,11785.1298828125,82.76000213623047,252.95554067570222,14.356902971270143,11798.3701171875,78.5199966430664,247.64219380873456,13.248686195036969,11546.51953125,82.3499984741211,250.99695619943782,14.186177151435565,11707.4404296875,94854700,23263400,1178865000,4792890000
2022-09-02,80.23999786376953,248.2724151611328,13.625079154968262,11630.8603515625,83.6500015258789,256.68842221316766,14.148236669923433,11945.91015625,79.80999755859375,246.7307755662362,13.56916839929729,11573.509765625,83.31999969482422,253.74089939007345,14.07735157024542,11899.1396484375,84924400,22855400,743157000,4257410000
2022-09-06,78.72000122070312,245.54788208007812,13.44337272644043,11544.91015625,80.88999938964844,249.98857705648493,13.756868510463313,11679.4296875,78.37000274658203,244.27772561001785,13.329555512837128,11471.5,80.41000366210938,248.40817526683784,13.708945272705602,11643.0302734375,68727300,21328200,535751000,4622940000
2022-09-07,79.61000061035156,250.2406463623047,13.696041107177734,11791.900390625,80.25,250.95813110475615,13.819879276342737,11819.0703125,77.73999786376953,245.51876351834204,13.328522976950122,11555.080078125,79.23999786376953,246.953747797965,13.54523882056341,11559.3798828125,67891200,24126700,512657000,4445640000
2022-09-08,82.77999877929688,250.65757751464844,13.971678733825684,11862.1298828125,83.44999694824219,252.50949191714798,13.989655763301307,11896.73046875,79.23999786376953,247.041022768642,13.35149264648823,11660.5302734375,80.02999877929688,249.67831493374948,13.441373984164738,11679.8603515625,89089300,20319900,624873000,4329910000
2022-09-09,85.44999694824219,256.4169006347656,14.368156433105469,12112.3095703125,85.68000030517578,257.16350136081496,14.45504237650602,12132.669921875,83.83999633789062,252.37374050442193,14.107498602903812,11958.6103515625,84.02999877929688,252.57734543450854,14.138457184779977,11958.6103515625,68907700,22084700,486612000,4401590000
2022-09-12,84.63999938964844,258.54034423828125,14.486002922058105,12266.41015625,85.3499984741211,259.316031521762,14.527947731810595,12270.1904296875,83.45999908447266,257.09566920762467,14.179404839818012,12169.2802734375,84.88999938964844,257.6968083589195,14.350181361214242,12174.9404296875,71922500,18747700,484159000,4146680000
2022-09-13,77.02999877929688,244.32620239257812,13.113802909851074,11633.5703125,81.47000122070312,252.48041678186516,13.903767364016517,11957.9697265625,76.80000305175781,243.9383587650543,13.081845229225642,11604.4296875,80.95999908447266,250.96786362132625,13.783924633033108,11908.8095703125,80921200,33353300,714956000,5188380000
2022-09-14,77.44999694824219,244.5492401123047,13.110807418823242,11719.6796875,78.08000183105469,246.4981047023358,13.272594961389391,11746.830078125,75.87000274658203,242.26101414635113,12.896088837173366,11602.759765625,77.0999984741211,245.81939674521482,13.23664185667735,11680.41015625,71483000,23913000,588507000,4861530000
2022-09-15,76.66000366210938,237.91722106933594,12.912067413330078,11552.3603515625,77.97000122070312,243.75412313348235,13.215669180142505,11760.73046875,74.91000366210938,236.5985823888046,12.773249515880076,11497.1103515625,76.63999938964844,242.1737066610615,12.99795522520399,11633.240234375,81818000,31530900,523625000,4805910000
2022-09-16,76.51000213623047,237.2967071533203,13.180715560913086,11448.400390625,76.81999969482422,237.83967345913706,13.194697165247513,11460.4296875,74.68000030517578,234.69820652512584,12.600476123758247,11316.919921875,75.62000274658203,236.83129478142976,12.725312420987274,11401.2099609375,75300200,39791800,670751000,7451840000
2022-09-19,76.7699966430664,237.08340454101562,13.364474296569824,11535.01953125,77.33999633789062,237.6845437141437,13.445368542937578,11538.1298828125,75.3499984741211,233.5250222191205,12.99296174366855,11337.830078125,75.38999938964844,235.09574833973136,12.994958979609367,11338.5703125,64966900,26826900,569685000,4168670000
2022-09-20,75.25,235.07632446289062,13.158743858337402,11425.0498046875,76.58000183105469,236.10408413767027,13.46534195963584,11520.990234375,74.7300033569336,232.35178783208616,13.039900223317943,11343.7197265625,76.08000183105469,234.70789152713547,13.19769329297533,11440.1396484375,51129100,26660300,524818000,4028100000
2022-09-21,74.4800033569336,231.68276977539062,13.243633270263672,11220.1904296875,78.41000366210938,240.12787756364517,14.012625346801554,11613.5703125,74.44999694824219,231.634287475008,13.092830994775037,11218.990234375,75.44000244140625,236.84097880590735,13.195696747526322,11466.2099609375,82069700,28625600,807679000,4471000000
2022-09-22,69.5,233.65101623535156,12.544548034667969,11066.8095703125,74.29000091552734,236.44343087375472,13.131778195732636,11203.76953125,69.16999816894531,230.34473658595115,12.411722811191895,11024.6396484375,73.88999938964844,230.63560078185145,13.052881193995141,11167.3798828125,101436900,31061200,759162000,4916470000
2022-09-23,67.95999908447266,230.68411254882812,12.499608039855957,10867.9296875,69.08000183105469,233.79649299504186,12.594483888456596,10958.2900390625,66.81999969482422,228.0468350078117,12.240947418073999,10732.7197265625,68.0,232.2548385862269,12.40373404951629,10952.6904296875,87690000,34176000,663309000,5134350000
2022-09-26,66.30000305175781,230.2283935546875,12.211986541748047,10802.919921875,68.73999786376953,234.106740937524,12.642422835414386,11024.0,66.25,229.69511783060327,12.198004936367159,10789.0498046875,67.87000274658203,229.84056473429231,12.47464261841831,10833.3798828125,82898700,27694200,547343000,4697730000
2022-09-27,67.16999816894531,229.22003173828125,12.396742820739746,10829.5,68.77999877929688,234.44610429031408,12.719319742448128,11040.98046875,66.0,227.36811729613822,12.241946090666989,10741.01953125,67.9000015258789,232.68144911431068,12.490619571943231,10955.2900390625,94871800,27018700,553854000,4445050000
2022-09-28,68.36000061035156,233.7383270263672,12.719321250915527,11051.6396484375,68.80000305175781,234.96000122532365,12.806207210789621,11101.5,66.55999755859375,227.5911346801097,12.337821540927935,10776.33984375,67.11000061035156,229.60787725874428,12.393747960630728,10817.51953125,72389500,29029700,542414000,4556100000
2022-09-29,64.13999938964844,230.27688598632812,12.203995704650879,10737.509765625,67.19999694824219,232.6523709038743,12.483628721329582,10899.4697265625,62.83000183105469,227.28086605201818,11.930354395452484,10623.2197265625,67.1500015258789,231.6246111693645,12.431696780132437,10894.4404296875,102552400,27484200,532763000,4516630000
2022-09-30,63.36000061035156,225.8167724609375,12.123102188110352,10575.6201171875,65.91000366210938,233.224415436406,12.616455658995795,10883.0400390625,63.34000015258789,225.65194447106404,12.05918587570381,10572.330078125,63.619998931884766,231.0428450141116,12.07117024380662,10697.7099609375,81664100,35694800,565638000,4649710000
2022-10-03,66.11000061035156,233.41831970214844,12.495614051818848,10815.4296875,66.91000366210938,234.26185544099243,12.661397019747188,10875.4599609375,63.38999938964844,227.52323048220958,12.089146528346182,10577.8896484375,64.45999908447266,228.25042054527364,12.330830178093539,10659.009765625,83841600,28880400,547478000,4415440000
2022-10-04,67.9000015258789,241.310791015625,13.149754524230957,11176.41015625,69.18000030517578,242.74577547683293,13.202685557771737,11189.9599609375,67.33000183105469,237.52939325058418,12.862131621505267,11044.0400390625,68.2699966430664,237.6360484007584,12.862131621505267,11054.7197265625,77160500,34888400,584182000,5004780000
2022-10-05,67.94000244140625,241.62103271484375,13.191699981689453,11148.6396484375,68.69000244140625,242.95906726147314,13.30355376155447,11210.3203125,64.5199966430664,236.67614880702004,12.604470732780348,10910.759765625,66.58999633789062,238.50866730601555,12.894090885519283,11022.669921875,87127400,20347100,507131000,4091860000
2022-10-06,67.8499984741211,239.28436279296875,13.11280345916748,11073.3095703125,70.29000091552734,242.72639950945782,13.638114568042825,11230.4404296875,67.66000366210938,238.5959643265048,13.085838394985783,11051.26953125,67.81999969482422,240.3896913514899,13.202685736539443,11129.0400390625,98325900,20239900,644157000,4423320000
2022-10-07,58.439998626708984,227.11602783203125,12.060184478759766,10652.400390625,64.02999877929688,233.98070446797666,12.653406389776919,10891.9296875,58.220001220703125,226.07856280672056,12.006255300705963,10608.51953125,64.01000213623047,233.57346497384196,12.488622525605487,10877.2802734375,163786300,37769600,672478000,4634190000
2022-10-10,57.810001373291016,222.27777099609375,11.654719352722168,10542.099609375,58.790000915527344,227.42627446967683,12.108124404108743,10669.9296875,56.29999923706055,219.83440814949287,11.39306233228058,10449.0400390625,57.310001373291016,225.96220374690327,12.0212384287703,10659.9501953125,112241800,29743600,698699000,3989640000
2022-10-11,57.630001068115234,218.5546112060547,11.570826530456543,10426.1904296875,58.91999816894531,222.09359787031295,11.830485290733634,10608.83984375,56.04999923706055,217.29414513566007,11.26822291287926,10351.98046875,57.209999084472656,220.69739021047423,11.545858700912863,10484.3701171875,114054800,30474000,667482000,4738840000
2022-10-12,57.849998474121094,218.8842010498047,11.484939575195312,10417.099609375,58.31999969482422,220.93002961153846,11.719631475815296,10494.5302734375,56.31999969482422,217.1486473385325,11.330142830208745,10372.2099609375,57.45000076293945,218.5448397814522,11.563836589027906,10437.0,89264200,21903900,492590000,4091030000
2022-10-13,58.939998626708984,227.11602783203125,11.944336891174316,10649.150390625,60.13999938964844,228.91945995498912,12.062182385586972,10697.7099609375,54.56999969482422,212.46557001660585,10.798838721715281,10088.830078125,55.52000045776367,213.163673728378,10.956631792924158,10131.8203125,131159800,42551800,850103000,5300080000
2022-10-14,55.939998626708984,221.6087646484375,11.212296485900879,10321.3896484375,59.939998626708984,230.02478606979594,12.095138555665246,10766.6904296875,55.84000015258789,221.3954543611521,11.18932684468692,10308.8095703125,59.599998474121094,228.3764766144597,12.041209377307327,10742.8095703125,96959300,30198600,713432000,4393000000
2022-10-17,57.959999084472656,230.3059539794922,11.872428894042969,10675.7998046875,58.5099983215332,231.69247081215326,11.932350726428501,10696.58984375,57.099998474121094,227.98864209353195,11.501915484578577,10569.6904296875,57.349998474121094,228.64796881811276,11.502913626203627,10575.650390625,76977600,28142300,580774000,4439190000
2022-10-18,57.91999816894531,231.24647521972656,11.951327323913574,10772.400390625,60.4900016784668,236.51132497546385,12.475639372211802,10972.9697265625,56.400001525878906,228.2116634940623,11.602784417601008,10670.1201171875,59.90999984741211,235.84232244327512,12.327833437876679,10963.990234375,103064500,26329600,659362000,5047360000
2022-10-19,57.22999954223633,229.2879180908203,12.035216331481934,10680.509765625,59.040000915527344,232.32272998256715,12.33382546739314,10808.0400390625,56.56999969482422,227.16452030041103,11.81850053084603,10592.8798828125,57.33000183105469,229.8308844163688,11.86344167010799,10689.3095703125,75704800,19985700,523131000,4955090000
2022-10-20,57.77000045776367,228.9679412841797,12.178030967712402,10614.83984375,60.20000076293945,233.97101325567382,12.752277756580911,10837.2998046875,57.400001525878906,227.72687123159972,12.089146821227374,10574.5498046875,57.470001220703125,228.59950832135635,12.09713671776913,10657.41015625,79552600,21811000,652398000,4628010000
2022-10-21,58.81999969482422,234.75637817382812,12.44967269897461,10859.7197265625,58.90999984741211,235.60961938988035,12.481631329078258,10875.7197265625,55.709999084472656,227.3681306457899,11.871431503871706,10542.4296875,57.220001220703125,227.60083683054654,12.082154643546934,10576.0400390625,95366400,26299700,609494000,4706440000
2022-10-24,58.70000076293945,239.7303466796875,12.582500457763672,10952.6103515625,59.0,240.30239936572295,12.69335515427323,10983.51953125,56.65999984741211,233.96130792884753,12.048201240588062,10713.330078125,58.56999969482422,236.34648327507583,12.491620026626292,10867.0703125,76305400,24911200,517457000,4808710000
2022-10-25,61.470001220703125,243.03663635253906,13.243633270263672,11199.1201171875,61.97999954223633,243.40506928448784,13.282582706939756,11210.3798828125,58.689998626708984,238.35353022692632,12.647414970734918,10996.9697265625,58.77000045776367,239.74003228091627,12.677376368924335,10996.9697265625,85501900,34775500,505482000,5141760000
2022-10-26,59.72999954223633,224.2848663330078,12.879111289978027,10970.990234375,61.77000045776367,231.05257928125204,13.370466592779119,11205.83984375,59.150001525878906,223.06317727493428,12.691357769324208,10948.3798828125,59.689998626708984,224.13941940981076,12.852147174952409,10969.01953125,79761600,82543200,532953000,5224440000
2022-10-27,58.599998474121094,219.8538360595703,13.158743858337402,10792.669921875,62.720001220703125,226.58277171119522,13.819877533588544,10998.73046875,58.5099983215332,218.9133355552526,13.104814677814026,10780.5,61.599998474121094,224.01335747357737,13.61214975532052,10971.9501953125,83871400,40424600,583113000,4773520000
2022-10-28,62.0099983215332,228.69647216796875,13.81588363647461,11102.4501953125,62.349998474121094,229.40428130297192,13.831863430742688,11117.0400390625,58.91999816894531,219.17513588708474,13.043896137118422,10766.2001953125,59.099998474121094,219.35935977716164,13.08684004841616,10766.2001953125,78198600,40647700,521040000,4731940000
2022-10-31,60.060001373291016,225.0701904296875,13.479324340820312,10988.150390625,61.86000061035156,227.77533111378162,13.819878330285551,11047.9404296875,59.529998779296875,224.11998470584146,13.2795864472885,10914.009765625,60.75,226.65060686599685,13.759956486013305,11028.4296875,73274100,28357300,486341000,4753740000
2022-11-01,59.65999984741211,221.23062133789062,13.525264739990234,10890.849609375,61.9900016784668,228.57040061346953,13.906764454492945,11156.349609375,59.43000030517578,220.41617196573657,13.501296001998105,10881.1904296875,61.4900016784668,227.4650722384831,13.79291342524304,11154.740234375,83806700,30592300,432817000,4677520000
2022-11-02,58.630001068115234,213.4060516357422,13.201687812805176,10524.7998046875,63.93000030517578,224.2654203807508,14.191390140892414,10993.240234375,58.56999969482422,213.34786400262064,13.1936988689507,10522.900390625,63.0,222.48138429440567,13.83186195195651,10885.009765625,142669400,38407000,672628000,5436420000
2022-11-03,60.11000061035156,207.7339630126953,13.403422355651855,10342.9404296875,62.279998779296875,213.7066209959051,13.762951481566452,10486.009765625,58.029998779296875,207.47217044537365,12.939032155387688,10319.5400390625,58.11000061035156,213.3963461317135,13.025918106836965,10399.4501953125,95279900,36633900,500065000,5102190000
2022-11-04,62.189998626708984,214.65682983398438,14.137462615966797,10475.25,63.0,214.85074424296624,14.210366975516953,10553.6298828125,60.529998779296875,206.93891208084915,13.679063097528063,10262.9296875,62.5,210.9336199205367,13.967685157645112,10548.1396484375,84791300,36789100,612576000,5453750000
2022-11-07,63.08000183105469,220.93975830078125,14.282270431518555,10564.51953125,63.529998779296875,221.46334350265937,14.393125122055553,10587.9599609375,61.400001525878906,214.55018429237435,13.935725708295829,10428.91015625,62.93000030517578,215.23859748900023,14.209366081203711,10516.9404296875,62722500,33498000,410061000,4456690000
2022-11-08,63.849998474121094,221.90933227539062,14.582878112792969,10616.2001953125,64.95999908447266,224.6047824698309,14.87149920944687,10745.6396484375,62.369998931884766,218.97148537429405,14.197382968646812,10472.73046875,64.08999633789062,221.74450429023085,14.781616917016805,10611.5302734375,75938000,28192500,595292000,5134500000
2022-11-09,59.91999816894531,217.6819305419922,13.757956504821777,10353.169921875,63.04999923706055,221.6766382807976,14.192387169943906,10564.9697265625,59.79999923706055,217.5074120167321,13.740978572963458,10344.009765625,62.279998779296875,220.45494942509427,14.143450610041949,10528.4501953125,62940300,27852900,454414000,4977460000
2022-11-10,68.47000122070312,235.59024047851562,15.729373931884766,11114.150390625,68.80000305175781,235.92960183972272,15.75234357507586,11119.1201171875,63.619998931884766,227.85294051339187,14.527949302036653,10779.9501953125,64.30000305175781,228.2698558137152,14.78061823441489,10869.169921875,107996300,46268000,700819000,6433000000
2022-11-11,72.37000274658203,239.59458923339844,16.305622100830078,11323.330078125,73.31999969482422,240.4478303320997,16.367541196163586,11352.4296875,68.29000091552734,234.57212203157073,15.461729177310234,11069.830078125,69.58000183105469,235.5998964435155,15.78630345192753,11124.75,111709500,34620200,655487000,5867750000
2022-11-14,73.52999877929688,234.20370483398438,16.273656845092773,11196.2197265625,75.25,236.491930374749,16.518336781624008,11350.1201171875,72.66999816894531,231.9348751725974,15.90114525664208,11167.169921875,75.22000122070312,234.63032541196574,16.196758035135932,11233.900390625,108892800,31123300,527852000,5004060000
2022-11-15,76.37000274658203,234.61093139648438,16.64417266845703,11358.41015625,79.16000366210938,239.4879520708681,16.975736669946382,11492.6201171875,75.38999938964844,232.72993053937964,16.360544231088024,11241.150390625,77.26000213623047,238.18870924194545,16.70009908063956,11474.8203125,108946300,31390100,545876000,5617310000
2022-11-16,72.69999694824219,235.03875732421875,15.88916301727295,11183.66015625,74.83000183105469,237.05146554303985,16.34057071172928,11286.099609375,71.93000030517578,233.7650213224332,15.852211772174623,11162.919921875,73.66000366210938,236.06941348333024,16.140833788396282,11260.099609375,79968000,24093300,649547000,4585190000
2022-11-17,73.9000015258789,234.99012756347656,15.65646743774414,11144.9599609375,74.37999725341797,236.51667602662837,16.244696708857624,11198.83984375,70.16000366210938,231.05224616268976,15.514653221034854,11006.2099609375,70.55999755859375,231.19808812700944,15.69441777474664,11008.669921875,82320800,23123500,710894000,4354360000
2022-11-18,73.56999969482422,234.54286193847656,15.38882064819336,11146.0595703125,75.3499984741211,236.99311072037338,15.981044462160867,11259.4404296875,72.18000030517578,232.4134803048627,15.10019861437429,11059.16015625,75.06999969482422,236.76946659991202,15.945090404179322,11257.009765625,73223200,27613500,492072000,4175420000
2022-11-21,72.45999908447266,235.34988403320312,15.296939849853516,11024.509765625,72.9800033569336,237.8973557920272,15.456730146887825,11128.7802734375,71.56999969482422,234.51368886128466,15.060249781863105,10999.75,72.20999908447266,234.74703599252672,15.127162421148238,11091.009765625,51536300,26394700,404739000,3977130000
2022-11-22,75.25,238.2473907470703,16.01699447631836,11174.41015625,75.33000183105469,238.51963895713513,16.036968738657247,11179.8701171875,72.11000061035156,234.04697919434565,15.102193833582675,10975.66015625,72.72000122070312,236.8472486173572,15.307924354517073,11058.5595703125,55450200,19665700,472866000,4186360000
2022-11-23,76.4000015258789,240.72682189941406,16.49736785888672,11285.3203125,78.22000122070312,241.40744246425524,16.50535870885115,11310.8203125,75.30000305175781,237.50844728562427,16.02698585665369,11174.6103515625,75.48999786376953,238.3251919634337,16.076919620889132,11174.6103515625,81623600,19508500,427241000,4431530000
2022-11-25,75.13999938964844,240.6393280029297,16.248693466186523,11226.3603515625,76.04000091552734,241.81582614094168,16.46540834086165,11261.5703125,74.75,239.90035578095558,16.15082223246227,11206.3798828125,75.66999816894531,240.46430280009824,16.29663094123332,11231.0,26018900,9200800,167934000,2184080000
2022-11-28,73.19000244140625,235.0679168701172,15.806270599365234,11049.5,75.47000122070312,239.8225578203936,16.335577129260535,11217.75,72.56999969482422,234.13449861777707,15.704404907847126,11020.6904296875,73.80999755859375,239.26834351489458,16.005009369175784,11147.5703125,45383800,24778200,303741000,4271360000
2022-11-29,73.38999938964844,233.67750549316406,15.61851978302002,10983.7802734375,74.48999786376953,236.069402727706,15.911136303892222,11086.01953125,72.77999877929688,231.61619326885713,15.49967613837757,10944.3701171875,73.62000274658203,234.71787945747192,15.806273312076401,11060.01953125,51846400,17956300,298384000,4592830000
2022-11-30,77.62999725341797,248.07754516601562,16.90515899658203,11468.0,77.69999694824219,248.2622882065125,16.912151586236597,11468.4697265625,72.80999755859375,233.22050747543122,15.580556739527186,10966.5302734375,73.37999725341797,233.9108607052224,15.680450741353981,10995.2001953125,88468400,47594200,565298000,6653460000
2022-12-01,77.4800033569336,247.63999938964844,17.116933822631836,11482.4501953125,79.2300033569336,249.03040883628205,17.24679591788229,11546.76953125,76.44000244140625,243.97435155588244,16.61746100109722,11378.75,78.30999755859375,246.84269045988094,16.98107753527114,11475.169921875,59833400,26041500,470977000,5158120000
2022-12-02,74.9800033569336,247.96087646484375,16.85820770263672,11461.5,76.27999877929688,248.9720820268652,16.915148722341915,11492.3203125,73.6500015258789,242.77841272299736,16.42766233403227,11296.7197265625,75.05000305175781,242.9048189819058,16.64143742283547,11308.3798828125,64377200,21528500,371389000,4523010000
2022-12-05,73.62000274658203,243.27427673339844,16.59248924255371,11239.9404296875,75.16999816894531,246.79408255563942,16.977083578578082,11425.509765625,72.81999969482422,241.19351410319612,16.454634243569135,11193.01953125,74.54000091552734,245.03417222631165,16.661416742045997,11380.990234375,47022200,23435300,352255000,4510030000
2022-12-06,70.2699966430664,238.33489990234375,15.970149040222168,11014.8896484375,73.38999938964844,244.8883372658951,16.55553084429332,11241.419921875,69.4000015258789,237.03199561292425,15.802325903042705,10956.2001953125,73.08000183105469,243.87713173110765,16.51257690097359,11228.419921875,64965200,22463700,352694000,4713330000
2022-12-07,70.13999938964844,237.60565185546875,16.103008270263672,10958.5498046875,71.37000274658203,239.34611163220632,16.168938682471737,11039.8095703125,69.27999877929688,235.50545353805643,15.6504847696813,10910.6201171875,69.52999877929688,238.05292524127822,15.75537458146814,10963.9501953125,59180100,20481500,372388000,4343860000
2022-12-08,70.47000122070312,240.5518035888672,17.150903701782227,11082.0,71.22000122070312,241.854722806182,17.160893389958503,11119.16015625,69.0,236.3319411296729,15.94217810718751,10939.4697265625,70.13999938964844,238.06266840254827,16.255848218840367,11011.330078125,56734100,22611800,515456000,4281800000
2022-12-09,68.58999633789062,238.62655639648438,16.983078002929688,11004.6201171875,70.66999816894531,241.4365580568422,17.564465224613613,11138.7001953125,68.5199966430664,237.40143964769453,16.957106340396344,10999.259765625,69.48999786376953,237.92648544391523,17.141910790847255,11038.169921875,59058300,20609700,465338000,4337440000
2022-12-12,70.66999816894531,245.5203399658203,17.516515731811523,11143.740234375,70.66999816894531,245.5495083577721,17.5195128285567,11144.669921875,67.52999877929688,240.32815848858516,16.779294713991607,10984.8203125,68.54000091552734,240.6004067044122,17.01904149488724,11015.48046875,60968300,30665100,457328000,4829990000
2022-12-13,71.6500015258789,249.80833435058594,18.052949905395508,11256.8095703125,75.20999908447266,256.61457072401646,18.770193437295646,11571.6396484375,70.66000366210938,246.064898410632,17.692330392550996,11160.5400390625,74.87000274658203,254.446287597117,18.511465684750743,11542.83984375,72458000,42196900,656589000,6126890000
2022-12-14,68.93000030517578,250.0999755859375,17.655366897583008,11170.8896484375,72.0,255.32132556389985,18.23275855990704,11352.08984375,68.31999969482422,247.27052281634482,17.401634967765297,11065.240234375,70.93000030517578,250.01247040825905,17.968036641644655,11248.08984375,67278000,35410900,496888000,5485150000
2022-12-15,66.52999877929688,242.1172332763672,16.934127807617188,10810.5302734375,68.20999908447266,247.16357301987648,17.30173986952119,11029.5703125,66.12000274658203,240.49346176051932,16.68239457922902,10775.6103515625,67.5999984741211,246.69686389132764,17.127923524585228,11012.6201171875,58557000,35560400,478542000,5536070000
2022-12-16,65.41000366210938,237.91683959960938,16.553531646728516,10705.41015625,67.19000244140625,242.92427864323048,17.023037438901543,10833.240234375,64.80000305175781,236.769494977049,16.392702058076296,10642.099609375,66.25,241.66999312817381,16.846223968965074,10767.6298828125,62438600,86102000,478232000,7968170000
2022-12-19,64.58999633789062,233.79417419433594,16.236865997314453,10546.0302734375,65.58999633789062,238.42242358687312,16.591491326415667,10713.9697265625,63.709999084472656,232.1023480969562,16.127981643599433,10497.5498046875,65.12000274658203,238.08210589515767,16.554531578863497,10707.4404296875,46246900,29696400,354039000,4631820000
2022-12-20,65.05000305175781,235.10679626464844,16.068042755126953,10547.1103515625,66.05999755859375,236.18607121939564,16.292805947862565,10609.4599609375,63.52000045776367,231.82035247090366,15.83528952764598,10446.8203125,63.7599983215332,232.77322117622552,16.047064984160826,10490.8896484375,52431300,25150800,403260000,4707190000
2022-12-21,67.68000030517578,237.6640167236328,16.483606338500977,10709.3701171875,67.8499984741211,238.82107914890844,16.60947488301715,10753.5703125,65.20999908447266,233.463604755998,16.085026742432447,10569.2001953125,65.43000030517578,234.99987114249353,16.097015130166447,10592.0,44167600,23690600,325025000,4401420000
2022-12-22,63.86000061035156,231.59671020507812,15.322829246520996,10476.1201171875,66.30999755859375,235.29152609380486,16.120987673315565,10599.33984375,62.2599983215332,227.39628418343173,14.866311240758934,10313.3203125,66.08000183105469,234.58172240299402,16.077033433532407,10586.4599609375,73917700,28651700,565045000,5125070000
2022-12-23,64.5199966430664,232.12179565429688,15.189971923828125,10497.8603515625,64.66000366210938,232.25791977065128,15.322831151410716,10514.759765625,62.720001220703125,227.46439246807083,14.867312438743172,10361.8203125,63.11000061035156,229.57432368977197,15.17998223602925,10437.75,45923000,21207000,349326000,3544680000
2022-12-27,63.27000045776367,230.40078735351562,14.106115341186523,10353.23046875,64.27999877929688,232.3162427208361,15.08408346858157,10472.3203125,62.970001220703125,229.30206179925912,14.041183324202558,10340.73046875,63.869998931884766,232.09261343652005,15.058110852321793,10462.1904296875,36086000,16688600,464902000,3827290000
2022-12-28,62.56999969482422,228.0380401611328,14.021203994750977,10213.2900390625,63.540000915527344,233.08437961165026,14.24696558584254,10414.8203125,61.959999084472656,227.6880046259404,13.869363801000764,10207.4697265625,62.540000915527344,230.33271426152407,13.912318692934731,10339.2001953125,39526500,17457100,351066000,3842970000
2022-12-29,64.81999969482422,234.33865356445312,14.587607383728027,10478.08984375,65.18000030517578,235.22346762933782,14.667522983450695,10502.080078125,63.060001373291016,229.12702186965714,14.2120042555653,10301.0595703125,63.63999938964844,229.12702186965714,14.38681998720955,10321.4599609375,41428500,19770700,354923000,4154100000
2022-12-30,64.7699966430664,233.18162536621094,14.598594665527344,10466.48046875,64.81999969482422,233.3177494769252,14.613578243254633,10468.3095703125,63.13999938964844,230.1090927684712,14.217995786415349,10324.7001953125,63.77000045776367,231.6161906747891,14.318889147477543,10368.3701171875,37127000,21938500,310490000,3959030000
2023-01-03,64.0199966430664,232.94825744628906,14.299908638000488,10386.98046875,66.87999725341797,238.9474656895386,14.98019143326443,10613.0595703125,63.59000015258789,230.82859367762717,14.081139646053048,10309.16015625,66.0,236.35137496373926,14.83534383569061,10562.0595703125,46851800,25740000,401277000,4780650000
2023-01-04,64.66000366210938,222.7583770751953,14.733451843261719,10458.759765625,65.79000091552734,226.42401047503648,14.837342302451898,10515.2197265625,63.310001373291016,219.7052947992431,14.225987933937839,10337.6396484375,65.0,225.8503455985308,14.5516444923479,10467.8203125,47477100,50623400,431324000,5085380000
2023-01-05,62.33000183105469,216.1563262939453,14.249961853027344,10305.240234375,64.3499984741211,221.25128535832076,14.54864642697685,10393.2197265625,62.29999923706055,215.62154764960167,14.133084617886107,10295.25,64.1500015258789,220.9109676292611,14.475723430978015,10390.3095703125,46159500,39585600,389168000,4764270000
2023-01-06,63.959999084472656,218.7037811279297,14.843338966369629,10569.2900390625,64.30000305175781,219.51080795719037,14.994179836723395,10604.1396484375,60.04999923706055,213.2782522890228,14.019208698764333,10265.0400390625,63.150001525878906,216.82721193090404,14.458744523930774,10363.9599609375,70161300,43613600,405044000,5199780000
2023-01-09,67.23999786376953,220.83316040039062,15.611525535583496,10635.650390625,69.31999969482422,224.8391261091335,16.03907384357529,10807.259765625,65.66999816894531,220.14282198786435,15.125038456294371,10619.1201171875,66.22000122070312,220.18170823285104,15.267888310654865,10662.099609375,69741300,27369800,504231000,5132190000
2023-01-10,68.05000305175781,222.5152587890625,15.892230033874512,10742.6298828125,68.1500015258789,224.90715575496424,15.94517366128145,10743.669921875,66.55999755859375,221.03732942473408,15.455690420036634,10589.58984375,66.66999816894531,221.4554195666482,15.490653372601406,10607.7197265625,41149600,27033900,384101000,4710680000
2023-01-11,69.05999755859375,229.2437286376953,15.984132766723633,10931.669921875,69.12999725341797,229.41873899259986,16.011104732768004,10932.4404296875,67.22000122070312,224.71271707723938,15.546594737725535,10762.73046875,68.38999938964844,224.88772743214392,15.823303178294324,10794.990234375,44470100,28669300,353285000,5284390000
2023-01-12,70.80000305175781,231.90786743164062,16.493593215942383,11001.099609375,71.6500015258789,233.25939064495995,16.619459833672344,11027.75,67.18000030517578,227.09488993594465,15.475667427433098,10797.1201171875,70.06999969482422,228.74782975392716,16.083027207439695,10969.259765625,70066200,27269500,551409000,5681240000
2023-01-13,71.0,232.60794067382812,16.88118553161621,11079.16015625,71.0999984741211,232.74406478160432,16.904162001817628,11084.009765625,69.2300033569336,228.41724688827324,16.147960048723682,10900.16015625,69.83999633789062,230.43967280124468,16.260839889557317,10906.3701171875,45757400,21333300,447287000,5077990000
2023-01-17,71.58999633789062,233.6969451904297,17.683340072631836,11095.1103515625,72.66000366210938,234.24144161412062,17.709313641691512,11145.4404296875,70.6500015258789,230.52717483814848,16.881187014032182,11024.7197265625,70.87000274658203,231.38282055332843,16.881187014032182,11070.0,42621300,29831300,511102000,5138410000
2023-01-18,70.52999877929688,229.2826385498047,17.358684539794922,10957.009765625,72.77999877929688,235.67078421870966,17.85416011409162,11223.41015625,70.5,229.00067244788087,17.263783455353824,10952.0498046875,71.87000274658203,234.88320786751135,17.64837787383118,11170.9501953125,39538700,30028700,439624000,5288630000
2023-01-19,67.70999908447266,225.51002502441406,16.747329711914062,10852.26953125,69.25,229.00066284863416,17.17887551290729,10932.51953125,67.2699966430664,224.2946258083473,16.71336705566109,10804.5703125,68.97000122070312,227.30882179875937,17.01804399666776,10890.400390625,47189900,28623000,452932000,4660800000
2023-01-20,70.06999969482422,233.57054138183594,17.820194244384766,11140.4296875,70.12999725341797,234.07615156759218,17.83717652058434,11143.169921875,67.44999694824219,228.0185916995672,16.807263297293154,10885.650390625,68.01000213623047,228.35890938614477,16.99306612778277,10924.66015625,47757600,35389800,564967000,5980110000
2023-01-23,76.52999877929688,235.86521911621094,19.17276954650879,11364.41015625,76.58999633789062,238.38352255893335,19.2247147792948,11405.5,71.54000091552734,233.0163158336519,17.799218927189443,11144.0302734375,72.22000122070312,234.4261906970003,18.044958004082773,11171.9404296875,84293200,31934000,655163000,5997810000
2023-01-24,74.69999694824219,235.34014892578125,19.244691848754883,11334.26953125,75.63999938964844,237.19728228703622,19.474450850170054,11378.150390625,73.41999816894531,233.78444699997308,18.800161235154988,11282.650390625,73.75,235.78742231675506,18.80715382585874,11302.9296875,60822600,40234400,496204000,5670860000
2023-01-25,74.91000366210938,233.94976806640625,19.302631378173828,11313.3603515625,75.12000274658203,236.56530958865662,19.349582719059857,11334.2197265625,72.08999633789062,224.5085403000208,18.560414551747876,11069.1796875,72.9000015258789,227.9894454823822,18.893063715882672,11146.5302734375,49932600,66526600,449537000,5485570000
2023-01-26,75.16000366210938,241.1352081298828,19.7811279296875,11512.41015625,77.08000183105469,241.43662476621853,20.144744578930933,11516.0498046875,74.27999877929688,235.30129180415983,19.25768007940009,11341.1904296875,76.5,236.90561285916706,19.68023455547867,11458.400390625,49583900,33454500,489535000,5732890000
2023-01-27,75.4000015258789,241.2907257080078,20.34353256225586,11621.7099609375,76.73999786376953,242.91449692081179,20.60625581574819,11691.8896484375,73.48999786376953,239.997539448045,19.384545434625117,11470.26953125,73.69999694824219,242.09775238917618,19.441484557009698,11470.4697265625,58118600,26498900,542142000,6243800000
2023-01-30,72.44999694824219,235.99163818359375,19.141801834106445,11393.8095703125,74.63999938964844,238.80164053803622,20.118769651142287,11553.3095703125,72.4000015258789,235.49574581512883,19.12981344690093,11388.5400390625,74.2300033569336,237.74180116090332,19.92897130354372,11512.33984375,48105200,25867400,488611000,5122320000
2023-01-31,75.1500015258789,240.95045471191406,19.516408920288086,11584.5498046875,75.19999694824219,241.08657882687118,19.66625044123853,11586.009765625,72.02999877929688,236.22498209780977,18.93002771708951,11398.3701171875,72.26000213623047,236.7111417707159,19.149795154127606,11398.580078125,71669100,26541100,498017000,5695150000
2023-02-01,84.63999938964844,245.7537078857422,20.92092514038086,11816.3203125,85.4800033569336,248.11643670951443,21.169661317208572,11904.01953125,77.87999725341797,238.67522443009082,19.59032844677635,11500.330078125,78.47000122070312,241.1351911203326,19.670244043953495,11573.1396484375,152548200,31259900,660477000,6336040000
2023-02-02,88.30999755859375,257.27569580078125,21.686113357543945,12200.8203125,88.94000244140625,257.3632009780913,21.925860113730366,12269.5498046875,83.19999694824219,250.12914292548695,20.6781782034606,12024.1396484375,84.29000091552734,251.6556913662783,20.977861172359162,12065.150390625,97762100,39940400,564276000,7038210000
2023-02-03,86.08999633789062,251.19866943359375,21.077760696411133,12006.9501953125,88.80000305175781,256.8867426469256,21.722081314990728,12231.3095703125,85.83000183105469,249.98327044240432,20.76708767150065,11946.8603515625,86.66000366210938,252.35573164703223,20.977865716692563,11946.8603515625,66557800,29077300,429366000,5954490000
2023-02-06,83.68000030517578,249.66241455078125,21.066770553588867,11887.4501953125,86.27999877929688,251.1500618843591,21.54726252016348,11973.41015625,83.22000122070312,247.72750865015405,20.764088546903054,11843.490234375,84.62999725341797,250.31388153410032,20.78406792196353,11904.41015625,53008900,22518000,452197000,5538350000
2023-02-07,85.91000366210938,260.1536865234375,22.14962387084961,12113.7900390625,86.25,261.33018428309043,22.235533645141338,12150.2197265625,82.5199966430664,252.88072923877118,21.127701678917113,11836.7802734375,84.31999969482422,253.31828468692478,21.35945743743857,11891.25,65291900,50841400,664150000,5720240000
2023-02-08,84.69000244140625,259.34674072265625,22.18159294128418,11910.51953125,88.0,269.0991022332483,22.85388384635013,12096.3896484375,84.54000091552734,258.84111568990085,21.984800102114296,11890.08984375,85.87999725341797,265.63764785701306,22.36340029679166,12069.1201171875,54140400,54686000,559651000,5052870000
2023-02-09,83.20999908447266,256.3228759765625,22.313453674316406,11789.580078125,86.66999816894531,266.39612198189866,22.995734263923605,12070.9599609375,82.76000213623047,255.5255668211164,22.0966833667124,11745.1103515625,85.87999725341797,266.221081910891,22.582171117953777,12069.099609375,46525400,42375100,523876000,5536290000
2023-02-10,81.4800033569336,255.81723022460938,21.242578506469727,11718.1201171875,82.70999908447266,256.7798168982394,22.054721040539977,11775.7998046875,80.47000122070312,253.4447686061317,20.78905861698195,11630.5400390625,82.29000091552734,254.29068170390744,21.667131548302695,11714.599609375,49332600,25818500,550737000,4885030000
2023-02-13,83.12999725341797,263.8097229003906,21.765029907226562,11891.7900390625,84.1500015258789,266.9989295409681,22.024756028474826,11910.919921875,80.9000015258789,259.7551376978075,20.939900511928794,11719.73046875,81.56999969482422,260.2315944105398,21.515293472026823,11759.08984375,45400000,44630900,474919000,4752880000
2023-02-14,85.94999694824219,264.6361999511719,22.946788787841797,11960.150390625,86.19000244140625,267.35868256455376,23.024705690240783,11999.849609375,81.7699966430664,261.82618247447147,21.343479041145304,11760.5595703125,82.69999694824219,265.1223596801926,21.55525548230403,11808.2001953125,55979700,37047900,675474000,5032430000
2023-02-15,85.18000030517578,262.52099609375,22.740005493164062,12070.58984375,85.88999938964844,263.89540406867326,22.830909178097187,12071.2900390625,83.31999969482422,259.4602514374333,22.082700019847906,11876.8203125,85.0999984741211,261.54624119639954,22.52523196197497,11905.1201171875,46430200,28922400,420575000,5056640000
2023-02-16,80.08000183105469,255.5319366455078,21.97880744934082,11855.830078125,83.3499984741211,260.00605711365523,22.526228206382104,12040.33984375,80.05000305175781,255.2882479724247,21.903885748285937,11853.3603515625,82.9800033569336,257.354723160625,22.109667968901128,11896.3095703125,57755200,29603600,412026000,5159410000
2023-02-17,78.5,251.5452117919922,21.365455627441406,11787.26953125,79.6500015258789,253.52396277124762,21.717083871627388,11803.2197265625,77.37000274658203,249.53721935972925,20.952890859592024,11673.2099609375,79.5999984741211,252.84165228535363,21.608199514245356,11777.5,47826600,30000100,465888000,4925230000
2023-02-21,76.7699966430664,246.29129028320312,20.633224487304688,11492.2998046875,78.45999908447266,249.0401059222705,21.471338740374534,11684.1396484375,76.44999694824219,245.23855332825676,20.596262840309503,11491.1796875,77.1500015258789,248.0555940681639,20.97786007402784,11640.3701171875,44045600,28397400,410015000,5002540000
2023-02-22,76.61000061035156,245.16053771972656,20.73212242126465,11507.0703125,78.12999725341797,247.9190951759008,21.081753858938534,11582.51953125,75.91999816894531,244.0200765591585,20.399473261638228,11445.169921875,76.93000030517578,247.6754065123544,20.685172986353002,11517.2001953125,50286800,22491100,513184000,4671270000
2023-02-23,79.75,248.33827209472656,23.639053344726562,11590.400390625,81.79000091552734,250.35600669518152,23.86281813728652,11638.98046875,77.97000122070312,244.1565658834327,23.00072702935598,11432.580078125,80.62999725341797,249.108321803698,23.415290457504543,11636.9296875,76391300,29219100,1117995000,4714580000
2023-02-24,78.08999633789062,242.92837524414062,23.261449813842773,11394.9404296875,78.80999755859375,244.66343747539474,23.449253244039845,11434.3603515625,76.94000244140625,241.83665470499022,22.922808411961658,11334.4697265625,77.75,243.64969909955178,23.200515205899624,11404.1796875,46700000,24990900,589716000,4432650000
2023-02-27,78.7699966430664,243.84461975097656,23.476224899291992,11466.98046875,80.12000274658203,246.43747061453573,23.854825071141974,11565.23046875,78.52999877929688,243.09405452761465,23.429275467548678,11444.599609375,79.63999938964844,246.08655835575647,23.6450473658971,11517.1904296875,45617300,21190000,452994000,4494000000
2023-02-28,78.58000183105469,243.1233367919922,23.191524505615234,11455.5400390625,80.13999938964844,245.141086337107,23.799883635514494,11548.23046875,77.41999816894531,242.45075361028725,23.181534819315353,11435.3896484375,77.87000274658203,242.78218154124548,23.347360182285275,11451.0498046875,44220100,22491000,455963000,5340950000
2023-03-01,78.29000091552734,240.05287170410156,22.674076080322266,11379.48046875,80.29000091552734,244.59521782388006,23.231488507829404,11479.0,77.87999725341797,239.58497868538822,22.48427580835061,11349.8701171875,78.55000305175781,244.42951129067754,23.1675548821103,11447.580078125,44266000,27565300,460026000,4927530000
2023-03-02,80.44000244140625,244.77066040039062,23.2894229888916,11462.98046875,80.91999816894531,245.0533327272031,23.355353400499368,11487.58984375,76.6500015258789,239.4095093951341,22.40835276964801,11273.6103515625,77.56999969482422,240.32578121944115,22.464295399339527,11273.76953125,60108600,24808200,389415000,5313760000
2023-03-03,81.5199966430664,248.8451385498047,23.864816665649414,11689.009765625,81.62999725341797,249.16680940855414,23.874806353174602,11699.6298828125,79.33999633789062,245.04360089836098,23.105617561777713,11514.740234375,80.4000015258789,245.8234076886405,23.295417814080157,11524.650390625,54536200,30760100,412393000,5102210000
2023-03-06,81.16000366210938,250.38522338867188,23.5291748046875,11675.740234375,83.30000305175781,253.55317601638902,24.222441663316612,11827.919921875,81.04000091552734,249.51769234094775,23.462244081707404,11667.48046875,82.02999877929688,249.9563289608396,23.865819498087028,11736.8701171875,54541300,24109800,437429000,4982880000
2023-03-07,82.11000061035156,247.73388671875,23.26740264892578,11530.330078125,84.8499984741211,251.18452648625785,24.10366224367853,11705.9599609375,80.66999816894531,246.99307854410944,23.220443334628193,11512.0302734375,81.06999969482422,249.82960325303648,23.579126969767078,11670.98046875,70959000,21473200,515154000,5422820000
2023-03-08,85.37000274658203,247.29527282714844,24.159610748291016,11576.0,85.7699966430664,248.11406323334165,24.17859494826269,11601.23046875,82.27999877929688,244.47823224326854,23.403280373872484,11487.75,82.79000091552734,247.62668586676327,23.466224373577802,11553.08984375,69529800,17340200,513573000,5085970000
2023-03-09,84.02999877929688,245.9501190185547,23.415273666381836,11338.349609375,87.80999755859375,253.0073336989174,24.432372980969312,11667.1201171875,83.58999633789062,245.22879516854297,23.36231913782545,11319.98046875,85.29000091552734,249.36176055143883,24.153618497967933,11578.3095703125,79496700,26653400,501257000,5061790000
2023-03-10,82.66999816894531,242.3142547607422,22.94468879699707,11138.8896484375,85.44999694824219,246.40822131411622,23.60610394776299,11373.8095703125,81.62999725341797,241.34925717678098,22.705899859992172,11093.8603515625,84.47000122070312,244.74139919259653,23.388296345871805,11325.3603515625,70273600,28333900,474866000,6193500000
2023-03-13,82.01000213623047,247.5096893310547,22.94568634033203,11188.83984375,83.83000183105469,251.39896558800064,23.2773934204727,11326.73046875,78.5199966430664,239.52644667781433,22.27727934666776,10982.7998046875,81.38999938964844,241.15428509526765,22.731876826184696,11041.4599609375,65269100,33339700,421890000,6201490000
2023-03-14,87.44999694824219,254.20631408691406,24.041715621948242,11428.150390625,88.30000305175781,254.4792442426015,24.197577774691457,11467.01953125,83.58999633789062,249.40076516094558,23.439248344671885,11284.9296875,83.66999816894531,250.26829634300452,23.475217706481274,11357.73046875,66616300,33620300,474910000,5533120000
2023-03-15,89.68000030517578,258.7389221191406,24.20656967163086,11434.0498046875,90.41999816894531,259.7526754623926,24.26451702592668,11447.900390625,86.22000122070312,252.66618887408737,23.339337433810194,11238.4404296875,86.7699966430664,253.41676912459158,23.73998179778675,11291.169921875,86177400,46028000,524486000,5912430000
2023-03-16,96.5999984741211,269.22723388671875,25.518409729003906,11717.2802734375,96.69000244140625,269.57813126600007,25.565367136764166,11733.7998046875,89.0199966430664,256.6333912973098,23.872865210794142,11365.490234375,89.72000122070312,258.51466054625075,24.00574890060099,11384.8701171875,115839200,54768800,583253000,5498920000
2023-03-17,97.83999633789062,272.3757019042969,25.702245712280273,11630.509765625,98.75,276.1772393298442,26.375649322099584,11773.1103515625,95.94000244140625,269.3442290300633,25.64529501788219,11562.6298828125,96.66000366210938,271.23525555020916,25.959018356234978,11696.33984375,94080800,69527400,848547000,7903090000
2023-03-20,96.80999755859375,265.3575134277344,25.877092361450195,11675.5400390625,96.94000244140625,270.47497619551706,26.000983238469185,11695.5498046875,92.9000015258789,263.03759221346127,25.107772930663263,11550.6904296875,96.30000305175781,269.98759878906156,25.59234458217973,11614.3896484375,92008900,43466600,432747000,4970630000
2023-03-21,95.93000030517578,266.8682861328125,26.175825119018555,11860.1103515625,99.45999908447266,268.0574878140918,26.368655193911295,11879.16015625,93.63999938964844,262.71582243886,25.358549792606095,11724.91015625,97.0,267.9405220334982,26.15684282491247,11764.7900390625,85285300,34558700,547408000,4829870000
2023-03-22,97.58000183105469,265.41595458984375,26.444589614868164,11669.9599609375,101.69999694824219,273.9450578612845,27.564598386349715,12013.990234375,95.63999938964844,265.3087161087697,26.21379303359335,11666.849609375,95.6500015258789,266.4979179833595,26.401626474238157,11857.5,110816300,34873300,797295000,4981590000
2023-03-23,100.27999877929688,270.65032958984375,27.166946411132812,11787.400390625,102.43000030517578,273.964488836945,27.47467451370751,11962.6904296875,98.66999816894531,268.25244192390784,26.666390152210152,11684.51953125,100.05000305175781,270.9232596514369,27.091013428458744,11811.3203125,84088900,36610900,564889000,4917460000
2023-03-24,97.94999694824219,273.4869689941406,26.755311965942383,11823.9599609375,99.5199966430664,273.5454519039974,27.142969248408896,11826.23046875,96.73999786376953,268.33050762928787,26.3316872285577,11670.669921875,99.18000030517578,270.24101876130743,27.007089867354004,11747.6201171875,64712400,28172000,454920000,4363650000
2023-03-27,96.61000061035156,269.4027099609375,26.507535934448242,11768.83984375,98.93000030517578,274.35445077052975,26.97612101034624,11903.2099609375,95.43000030517578,268.56440544663616,26.341682380127203,11739.0498046875,98.0199966430664,273.41869458351096,26.81326506197413,11868.5400390625,57461400,26840200,361026000,4330320000
2023-03-28,94.55999755859375,268.28173828125,26.386640548706055,11716.080078125,96.94000244140625,269.1687685997756,26.489550086858387,11752.759765625,92.87000274658203,265.18199582572424,25.827136394951317,11635.0302734375,96.7699966430664,268.8275985161655,26.42360847823861,11752.759765625,59150100,21878600,356104000,4036910000
2023-03-29,96.08999633789062,273.4284362792969,26.96013069152832,11926.240234375,96.91000366210938,274.0425364680911,27.054047407093574,11941.599609375,94.87000274658203,271.3814455656998,26.573473879413093,11823.349609375,96.06999969482422,271.9175487241211,26.80127284346235,11855.58984375,55326000,25087000,393694000,4493540000
2023-03-30,97.87999725341797,276.8790588378906,27.35877799987793,12013.4697265625,99.52999877929688,277.27871183195333,27.474676521126977,12044.7900390625,97.25,274.3739618829966,27.078026419046342,11953.3701171875,98.0,277.054537290587,27.204914890179356,12010.4501953125,59678500,25053400,364516000,4738880000
2023-03-31,98.01000213623047,281.0217590332031,27.75242805480957,12221.91015625,98.36000061035156,281.96727225154604,27.809376838135123,12227.9296875,95.2699966430664,275.8555711889492,27.081021642052754,12030.4404296875,96.33999633789062,276.5671528059377,27.115990527544113,12031.5400390625,55861100,32766000,433933000,5521150000
2023-04-03,96.55999755859375,279.978759765625,27.940263748168945,12189.4501953125,96.79000091552734,280.9924830784479,27.975232636511667,12196.33984375,94.80999755859375,276.7815660353918,27.311820418959282,12086.51953125,96.69999694824219,279.28666261801845,27.484667727431294,12146.08984375,50655300,24883300,398716000,4816440000
2023-04-04,95.87000274658203,279.9300537109375,27.428720474243164,12126.330078125,97.2699966430664,283.1175206876223,27.975237607444253,12224.6796875,95.20999908447266,278.4581943099055,27.282849683904686,12081.8095703125,97.04000091552734,279.9788092952923,27.941267279686127,12208.490234375,43195900,25824300,368592000,4298760000
2023-04-05,92.55999755859375,277.1617431640625,26.85722541809082,11996.8603515625,94.5,279.90080144519544,26.97412061023067,12086.75,91.36000061035156,275.77760817176124,26.371655203421952,11931.849609375,94.3499984741211,278.6336322553814,26.80527136414144,12081.759765625,52979300,22064800,515015000,4378590000
2023-04-06,92.47000122070312,284.2384338378906,27.013086318969727,12087.9599609375,92.91000366210938,284.70629698554035,27.056047553520614,12098.5,90.62000274658203,274.9100256186965,26.403625256641565,11898.3603515625,91.47000122070312,276.0602288528665,26.560485977879456,11939.080078125,47778400,29770300,397654000,3862800000
2023-04-10,95.4800033569336,282.08428955078125,27.554607391357422,12084.3603515625,95.80000305175781,282.2889797177499,27.59657006024275,12084.9501953125,91.0199966430664,277.5224147425445,26.645412420852104,11924.2001953125,91.31999969482422,281.90881108908263,26.7992755400983,11975.1298828125,52536300,23103000,395279000,4334070000
2023-04-11,94.02999877929688,275.6899108886719,27.144969940185547,12031.8798828125,96.06999969482422,278.7604125725099,27.765420962103274,12091.26953125,92.69000244140625,274.5299799435266,27.102006799330113,12011.400390625,96.05999755859375,278.53620824010255,27.699479353630412,12080.240234375,51935800,27276600,314378000,4676960000
2023-04-12,92.33000183105469,276.3332214355469,26.471567153930664,11929.33984375,95.0,279.7643772791171,27.443706150535657,12134.5,91.73999786376953,274.84184782081707,26.42460783917617,11916.5400390625,94.97000122070312,277.60042049037634,27.345793254176353,12110.8701171875,53383100,27403400,446259000,4909770000
2023-04-13,92.08999633789062,282.52288818359375,26.43959617614746,12166.26953125,93.16000366210938,282.58137108364906,26.863220988471518,12178.7998046875,91.83000183105469,276.02129123451107,26.305715810309646,11995.9404296875,92.79000091552734,276.4306715348985,26.710356419535284,11997.419921875,40572500,24222700,353615000,4942990000
2023-04-14,91.75,278.9162902832031,26.734329223632812,12123.4697265625,92.97000122070312,281.19721243469814,26.859218648304658,12205.7197265625,90.5,276.52812965920475,26.196805033128154,12026.5498046875,91.81999969482422,279.7545649448243,26.480554202360153,12117.91015625,38734800,20987900,395660000,4655740000
2023-04-17,89.87000274658203,281.5091247558594,26.978116989135742,12157.7197265625,90.69000244140625,284.238455563406,26.98211316139373,12159.01953125,88.30000305175781,278.9357880056503,26.409620037298097,12064.099609375,90.2300033569336,282.61060224538903,26.541503250119483,12108.23046875,47250800,23836200,321471000,4823180000
2023-04-18,89.77999877929688,281.0899963378906,27.642532348632812,12153.41015625,92.16000366210938,284.39442891149264,28.085141371824708,12245.4296875,89.33000183105469,279.76434427989847,27.332807032476975,12110.23046875,91.61000061035156,284.2092231464568,27.508651980444906,12234.5595703125,46246300,20161800,604812000,4851810000
2023-04-19,89.94000244140625,281.1679992675781,27.906295776367188,12157.23046875,90.54000091552734,281.7528282776957,27.975234992237034,12191.099609375,88.22000122070312,277.3567049001675,27.20791461166313,12060.169921875,88.51000213623047,278.7700813374877,27.33680022607394,12063.6796875,37344500,17150300,358660000,4972700000
2023-04-20,90.11000061035156,278.8870544433594,27.080028533935547,12059.5595703125,91.58000183105469,281.7333512714664,28.005210147455717,12155.9599609375,88.7300033569336,277.88305828682746,26.976120423056454,12011.9501953125,88.83000183105469,278.048779675469,27.646526498743864,12039.080078125,47082700,23244400,427713000,4590530000
2023-04-21,88.43000030517578,278.5459289550781,27.095014572143555,12072.4599609375,89.80000305175781,279.0430336532182,27.158959050915872,12097.150390625,88.05999755859375,275.9140792116014,26.6983663319222,11986.8203125,89.80000305175781,277.81486288712955,26.928162455219432,12046.0302734375,41118300,21676400,345103000,4868050000
2023-04-24,87.56999969482422,274.6565856933594,27.018083572387695,12037.2001953125,88.63999938964844,277.75632784748706,27.341796428628392,12103.580078125,86.33999633789062,271.6835961405842,26.64741139924113,11960.2998046875,88.11000061035156,274.9685142964532,26.989109891102213,12053.4697265625,40423800,26611000,339282000,4854050000
2023-04-25,83.80000305175781,268.4669189453125,26.217788696289062,11799.16015625,87.05999755859375,274.4908950976734,27.22289939376249,11990.4599609375,83.76000213623047,268.41816336812605,26.20180400715183,11798.76953125,86.9000015258789,272.45366159943416,27.05404825153496,11968.8095703125,52771500,45772200,378527000,4806020000
2023-04-26,85.94000244140625,287.9132995605469,26.932159423828125,11854.349609375,87.3499984741211,292.0072813214267,27.30582920616083,11967.990234375,85.31999969482422,285.3399625443694,26.681381957661305,11833.0703125,86.51000213623047,289.20974000859206,26.978120174375338,11913.23046875,47786600,64599200,406337000,5281970000
2023-04-27,87.44000244140625,297.13446044921875,27.201921463012695,12142.240234375,87.56999969482422,297.4951446738083,27.470684568616697,12154.009765625,84.08999633789062,287.79632356423065,26.601453148375764,11950.919921875,86.41000366210938,288.4981481341887,27.338801338428016,11972.150390625,53087200,46462600,377161000,5253710000
2023-04-28,89.37000274658203,299.5031433105469,27.724456787109375,12226.580078125,89.75,301.13096702652024,27.733447698531908,12227.7197265625,86.44000244140625,295.6528502866571,27.047055069952613,12082.5703125,87.0199966430664,296.33519048615636,27.200920093090993,12117.5400390625,50686100,36469600,292216000,5331380000
2023-05-01,89.69000244140625,297.84600830078125,28.884429931640625,12212.599609375,91.04000091552734,300.80927056527844,29.03229974718171,12261.3203125,88.61000061035156,297.44635535169203,27.755430216862095,12181.080078125,91.02999877929688,299.2204158338492,27.81537661530885,12210.0498046875,59358700,21294100,570329000,5168430000
2023-05-02,89.91000366210938,297.6997985839844,28.18504524230957,12080.509765625,90.45999908447266,301.37461262601437,28.810492855585,12206.580078125,88.12000274658203,296.23766672018985,28.05815868091553,12015.23046875,89.31999969482422,299.9904777866923,28.65463071197907,12198.01953125,70483500,26404400,402730000,5501410000
2023-05-03,81.62000274658203,296.7153015136719,27.77741050720215,12025.330078125,85.4800033569336,300.8190101503688,28.341911325325526,12212.5498046875,81.0199966430664,296.41312996008793,27.44770245263645,12022.4599609375,83.54000091552734,298.87925796823623,27.815377004737694,12097.0400390625,109482200,22360800,383387000,5782160000
2023-05-04,86.61000061035156,297.6997985839844,27.53762435913086,11966.400390625,91.63999938964844,299.9904777866923,27.834360670007325,12033.150390625,81.11000061035156,295.7405323674121,27.215908633799796,11925.3701171875,81.56999969482422,298.50883179320516,27.62654444288627,11997.33984375,122840500,22519900,321850000,4745780000
2023-05-05,89.83999633789062,302.80755615234375,28.654634475708008,12235.41015625,90.43000030517578,304.09423955747224,28.72956699907564,12264.830078125,84.72000122070312,296.58861610804354,27.70647440681242,12065.7197265625,84.98999786376953,298.00202238980415,27.801389698676097,12073.0302734375,78491100,28197100,361494000,4574790000
2023-05-08,95.04000091552734,300.8580322265625,29.125215530395508,12256.919921875,95.66000366210938,302.36891985995953,29.194154745050692,12264.990234375,89.16999816894531,298.3626625741606,28.32492531170623,12178.259765625,89.98999786376953,302.30067989163814,28.49677215933893,12231.6796875,95503200,21318600,344979000,4216360000
2023-05-09,95.05999755859375,299.2496643066406,28.54572868347168,12179.5498046875,96.16000366210938,302.21292664070313,28.94737354959499,12216.1298828125,93.43000030517578,298.5770812481338,28.42483732148799,12174.0595703125,94.88999938964844,300.22441891350263,28.873439595641816,12195.7802734375,68674800,21340800,314869000,4126780000
2023-05-10,97.0199966430664,304.4256591796875,28.859453201293945,12306.4404296875,99.94000244140625,305.0982423493034,29.087252189450044,12337.6904296875,96.12000274658203,299.90281252520236,28.435828416964906,12180.8603515625,96.41999816894531,300.82881170640417,28.97934600141485,12286.66015625,95619500,30078000,369350000,4948260000
2023-05-11,97.0999984741211,302.2812194824219,28.552724838256836,12328.509765625,99.19000244140625,303.2657314235519,28.924397489324303,12347.3798828125,96.13999938964844,298.5284370179185,28.22101963171673,12255.4404296875,98.16000366210938,302.27149216175627,28.87044439298813,12321.259765625,57061000,31680200,322149000,4489490000
2023-05-12,95.26000213623047,301.169921875,28.3149356842041,12284.740234375,97.44999694824219,302.8075024197668,28.754547072904792,12364.650390625,93.68000030517578,298.85975829449876,28.02119507868358,12209.580078125,96.83000183105469,302.7100210129512,28.503767705541893,12350.51953125,53829700,19774700,274222000,4170000000
2023-05-15,97.4000015258789,301.6475830078125,28.927391052246094,12365.2099609375,97.43000030517578,302.0764774582507,28.943377647743457,12376.400390625,93.44999694824219,299.82479646702666,28.127100823911366,12263.349609375,95.19999694824219,301.2966855922646,28.482784946357548,12301.169921875,51749200,16336500,293926000,3979290000
2023-05-16,101.4800033569336,303.87005615234375,29.18716049194336,12343.0498046875,103.27999877929688,305.7903243255261,29.84358087051638,12403.8095703125,97.30999755859375,302.0082708882203,28.806498873165175,12324.51953125,97.38999938964844,302.0082708882203,28.815489784527685,12327.0498046875,90622900,26730300,449405000,4067510000
2023-05-17,103.75,306.7421569824219,30.151308059692383,12500.5703125,104.13999938964844,307.1622107431091,30.17228939441913,12514.0703125,100.05000305175781,303.5574995706653,29.403970448812785,12335.01953125,101.79000091552734,305.0716905258863,29.557833570142268,12388.580078125,75240900,24315000,432535000,4501820000
2023-05-18,107.93000030517578,311.1575622558594,31.649978637695312,12688.83984375,108.0999984741211,311.6655618014146,31.7998455736638,12698.5,103.93000030517578,306.4685237275618,30.293180058398384,12512.259765625,103.9800033569336,307.25979860655974,30.38310060111177,12513.8701171875,74338700,27276000,748725000,4532890000
2023-05-19,105.81999969482422,310.9817199707031,31.236347198486328,12657.900390625,107.29000091552734,311.3822465947649,31.552067683944458,12731.73046875,104.62000274658203,309.05725438357535,30.888655428377344,12624.0595703125,106.36000061035156,309.4186972410466,31.508105976511025,12709.4599609375,67880200,27546700,473908000,3935780000
2023-05-22,108.0,313.7560729980469,31.148422241210938,12720.7802734375,108.79000091552734,315.1334851097125,31.49211780089983,12756.23046875,103.48999786376953,310.659362704621,30.65286071416473,12655.259765625,104.68000030517578,311.2357215634577,30.873663982244203,12664.4404296875,65424200,24115700,372000000,4278920000
2023-05-23,108.12000274658203,307.972900390625,30.660856246948242,12560.25,110.98999786376953,315.2604571188561,31.260325929202107,12709.740234375,107.19000244140625,307.96312199673974,30.603907456096916,12554.4296875,107.25,312.6326330108963,30.972580557946717,12652.8798828125,73099100,30797200,356253000,4347440000
2023-05-24,108.2699966430664,306.5955810546875,30.510990142822266,12484.16015625,108.91000366210938,309.18432218160666,30.579929358273947,12529.6298828125,105.63999938964844,305.3842225217215,29.77963722467679,12415.849609375,105.9800033569336,307.4552452354423,30.183279227752074,12481.8896484375,65910500,23384900,721419000,4088270000
2023-05-25,120.3499984741211,318.3865661621094,37.946407318115234,12698.08984375,120.69000244140625,319.3438949651791,39.44508061098546,12736.919921875,115.80000305175781,312.6033903237595,36.60259571255149,12604.8896484375,117.30999755859375,315.7684901108892,38.488926318360186,12706.4404296875,108514700,43301700,1543911000,4651640000
2023-05-26,127.02999877929688,325.1954345703125,38.911556243896484,12975.6904296875,127.43000030517578,325.69362591247574,39.13535716800428,13001.91015625,120.88999938964844,316.3936865085404,37.516790924073234,12729.740234375,122.45999908447266,316.53043497879963,37.8564903887327,12736.419921875,92922800,36630600,714397000,4434070000
2023-05-30,125.2699966430664,323.5542297363281,40.07551956176758,13017.4296875,130.7899932861328,327.9795197443462,41.900903139211444,13154.2900390625,123.51000213623047,322.8801763737934,39.913664110250345,12968.1201171875,130.4199981689453,327.4813284245179,40.55909259441889,13109.099609375,98902300,29503100,923401000,4843470000
2023-05-31,118.20999908447266,320.7994689941406,37.800540924072266,12935.2900390625,123.95999908447266,328.1749431768424,40.25936306137478,13029.080078125,117.86000061035156,319.76394285514135,37.7885504996595,12889.3701171875,122.41999816894531,324.6093167826368,39.45307752910507,12968.3798828125,87552200,45950600,1002580000,5905760000
2023-06-01,119.47000122070312,324.8926086425781,39.73482894897461,13100.98046875,121.27999877929688,325.82066191290807,40.01458010495206,13141.830078125,116.5999984741211,317.2143019258067,38.30609329724924,12903.6298828125,117.29000091552734,318.3963251868189,38.45495978773049,12944.4599609375,66032900,26773900,635873000,4610310000
2023-06-02,117.86000061035156,327.6474609375,39.292205810546875,13240.76953125,121.66000366210938,329.6989268894717,40.464168355346224,13256.2099609375,117.68000030517578,324.86333070355175,39.02344279725685,13125.8603515625,120.75,326.52404833423975,40.06152502429114,13190.48046875,52382400,25873800,482731000,4426760000
2023-06-05,117.93000030517578,328.1749267578125,39.1363525390625,13229.4296875,119.31999969482422,330.73436207197636,39.53000121935848,13330.650390625,116.41999816894531,326.92451447409195,38.67276227118168,13194.9501953125,116.58999633789062,327.4715679849584,38.87458325572637,13238.48046875,52602900,21307100,396094000,4344280000
2023-06-06,124.2300033569336,325.9671630859375,38.61981201171875,13276.419921875,124.41999816894531,327.6181020499909,39.125365001144544,13306.2099609375,117.73999786376953,324.4920861780968,38.11425902229296,13165.650390625,117.91000366210938,327.57901828059016,38.79565884971586,13199.58984375,75257500,20396200,388729000,4810910000
2023-06-07,117.83000183105469,315.9052734375,37.44572448730469,13104.900390625,125.33999633789062,326.75845825838536,39.46814549212033,13361.900390625,117.06999969482422,315.045609330463,37.32681796379226,13089.48046875,124.02999877929688,323.9841067025186,38.88460205575025,13295.259765625,81755200,40717100,511998000,5270600000
2023-06-08,121.05000305175781,317.7418212890625,38.47991943359375,13238.51953125,122.20999908447266,319.0899281933469,38.833643027365426,13248.599609375,117.05000305175781,315.8759662068324,37.47570715034152,13101.1796875,118.30000305175781,316.45232513607897,37.694534053593046,13113.26953125,65246900,23277700,417772000,4280160000
2023-06-09,124.91999816894531,319.2364196777344,38.73971176147461,13259.1396484375,127.25,322.3624353785323,39.67997469301632,13385.9501953125,123.55000305175781,316.9114274266321,38.536871237623615,13229.330078125,123.56999969482422,317.47800789711727,39.006501462599836,13312.3896484375,75105000,22529000,427717000,4412710000
2023-06-12,129.19000244140625,324.1794738769531,39.45115661621094,13461.919921875,130.47999572753906,324.42369526305714,39.49911945587758,13465.91015625,126.4000015258789,317.64410719983425,38.58783312564601,13302.580078125,128.52000427246094,320.98503906691633,39.16937922135142,13326.3701171875,85394700,24260300,388701000,4722680000
2023-06-13,124.52999877929688,326.5630798339844,40.98995590209961,13573.3203125,132.8300018310547,329.1909043563213,41.06889657145173,13594.400390625,122.44999694824219,322.75323214002157,39.70895962649225,13473.1904296875,132.32000732421875,326.738912078587,40.15461038931082,13566.5302734375,132461900,22951300,613208000,5522100000
2023-06-14,127.33000183105469,329.5426025390625,42.963417053222656,13626.48046875,127.7300033569336,331.2033200737011,42.966413063285984,13661.740234375,123.80999755859375,325.1173117243528,40.52032331528582,13455.990234375,126.52999877929688,326.61194558065387,40.79211402973289,13570.5595703125,95888100,26003800,740465000,5772550000
2023-06-15,124.23999786376953,340.05389404296875,42.619686126708984,13782.8203125,125.69999694824219,341.7536655006573,43.2551909701653,13828.169921875,122.26000213623047,329.40584662971514,42.11408081517457,13561.3701171875,125.38999938964844,329.679373413851,42.56872727104233,13572.8798828125,85587100,38899100,568622000,5667520000
2023-06-16,120.08000183105469,334.4172668457031,42.658653259277344,13689.5703125,125.8499984741211,343.3460164076844,43.6868488037051,13864.0595703125,119.9000015258789,334.0460753238459,42.62767543128522,13680.9501953125,125.81999969482422,343.19948951587423,43.416060581927226,13859.0703125,82007100,46552000,655709000,8076530000
2023-06-20,118.93000030517578,330.2361755371094,43.77378463745117,13667.2900390625,121.75,334.1730234363889,43.95564551444472,13711.1796875,117.69999694824219,328.0967936208768,42.64067141901623,13561.83984375,119.08999633789062,331.4670609717045,42.96441968644821,13642.2900390625,58851800,26375400,451153000,5237710000
2023-06-21,112.11000061035156,325.8499450683594,43.011383056640625,13502.2001953125,119.19000244140625,329.923570971666,43.58094143356131,13638.5703125,111.66999816894531,324.3943951235906,42.04714031293403,13460.9404296875,118.48999786376953,328.59499110748806,43.46702823348986,13620.8701171875,82835600,25117800,551603000,5194640000
2023-06-22,110.69999694824219,331.8578186035156,42.99139404296875,13630.6103515625,114.0,332.2583453008443,43.392077979853475,13631.849609375,109.8499984741211,325.63506173065974,42.201011539171446,13441.5595703125,112.23999786376953,326.39703135157714,42.21999389255843,13443.41015625,70754800,23556800,417737000,4499550000
2023-06-23,110.01000213623047,327.2762145996094,42.176029205322266,13492.51953125,111.0999984741211,330.14826075055646,42.77555900672088,13572.1904296875,107.45999908447266,325.7425268104143,41.98218049927132,13442.650390625,109.30999755859375,326.6314665032556,42.43083108618956,13484.099609375,73622000,23146900,358140000,7734500000
2023-06-26,107.51000213623047,321.004638671875,40.60026550292969,13335.7802734375,112.55000305175781,328.34102981665524,42.730600334546075,13573.5703125,107.19999694824219,320.8971657453209,40.06867951218722,13334.419921875,110.94999694824219,326.00628855643646,42.42783558135576,13468.740234375,68557000,21520600,594322000,4430600000
2023-06-27,110.38999938964844,326.83660888671875,41.84328842163086,13555.669921875,110.97000122070312,328.3800749537934,41.907237605323324,13578.7998046875,107.08000183105469,321.6884029069419,40.416406298926006,13366.9697265625,108.56999969482422,324.1892275549751,40.76713004512084,13389.25,59381600,24354100,462175000,5053660000
2023-06-28,110.16999816894531,328.0870056152344,41.08489227294922,13591.75,111.77999877929688,330.1677765285819,41.81232441738964,13654.1396484375,107.62999725341797,326.0941508206252,40.48636100844834,13495.73046875,108.20999908447266,326.924509469394,40.628248412856465,13506.01953125,67534100,20259500,582639000,4533270000
2023-06-29,111.23999786376953,327.3055725097656,40.79010772705078,13591.330078125,112.76000213623047,328.341069063757,41.56749981768069,13618.5302734375,109.83999633789062,324.9317471913998,40.568281035412234,13540.259765625,112.06999969482422,326.9734349181258,41.52553281178783,13592.3603515625,58347200,16997000,380514000,4388140000
2023-06-30,113.91000366210938,332.66864013671875,42.268951416015625,13787.919921875,114.69000244140625,334.8080220472076,42.516758773836536,13816.6796875,112.41000366210938,329.4058457163647,41.468578476048215,13716.16015625,113.02999877929688,329.94312088694005,41.647439493374065,13719.98046875,53378800,26832800,501148000,4661120000
2023-07-03,115.81999969482422,330.17755126953125,42.3798713684082,13816.76953125,116.7300033569336,333.02029191600536,42.86449316721701,13839.08984375,114.51000213623047,328.7903904255227,42.169037634447896,13773.41015625,115.16000366210938,331.3498259032752,42.48379023030001,13798.7001953125,31860000,12508700,198209000,2902300000
2023-07-05,113.94999694824219,330.3338317871094,42.28395080566406,13791.650390625,117.66000366210938,333.752931098431,43.143275924330226,13844.5,113.86000061035156,326.99290001201024,42.05212974638505,13764.25,116.0999984741211,327.3445644884712,42.102089932908285,13772.099609375,49501600,18172400,323618000,5339340000
2023-07-06,113.4800033569336,333.3817138671875,42.07011795043945,13679.0400390625,113.79000091552734,335.0619581701481,42.146058807449926,13689.51953125,110.30999755859375,327.7450950952517,41.31370920237291,13567.25,112.06999969482422,329.5034771232006,41.81132135922697,13653.169921875,42342000,28161200,303582000,6113080000
2023-07-07,113.16999816894531,329.4253234863281,42.46980285644531,13660.7197265625,115.33000183105469,333.8896972947202,43.18024990252509,13804.509765625,113.04000091552734,329.21040748776585,42.14705707601412,13656.73046875,114.16000366210938,331.47678896129895,42.28894446417988,13668.0703125,37211300,21214800,355881000,5098120000
2023-07-10,113.58000183105469,324.159912109375,42.14704895019531,13685.48046875,113.61000061035156,327.4813467591402,42.77755652632137,13692.41015625,109.87999725341797,320.017927004541,41.61646172857929,13584.8701171875,113.0,326.86590410565805,42.62367750322035,13645.3701171875,49330200,32791400,353908000,5275390000
2023-07-11,111.31999969482422,324.78515625,42.37187957763672,13760.7001953125,113.2699966430664,325.1661261312258,42.72460451753315,13774.830078125,109.5,319.441590831674,42.03414612426581,13643.3203125,111.66000366210938,323.4077439781263,42.44782043348418,13709.8095703125,59899500,26698200,298244000,4840950000
2023-07-12,114.58000183105469,329.4057922363281,43.867706298828125,13918.9599609375,115.4000015258789,333.7529146882439,43.90068146612332,13963.4501953125,112.30999755859375,327.9111586604982,42.74358509464824,13842.1298828125,112.88999938964844,328.81965499219945,42.99938563817074,13915.6396484375,57993100,29995300,481277000,5230620000
2023-07-13,115.91999816894531,334.73956298828125,45.94109344482422,14138.5703125,116.16000366210938,335.7945861289157,46.11895201895111,14163.7998046875,113.58000183105469,331.18368573483207,44.45725261049975,14012.240234375,115.76000213623047,331.71121221123786,44.48323328046501,14021.150390625,49206700,20567200,478204000,5183560000
2023-07-14,115.94000244140625,337.25994873046875,45.43347930908203,14113.7001953125,122.12000274658203,343.3068725083686,48.050432708268104,14232.1103515625,115.25,336.35145234816736,45.02479844214416,14081.9599609375,116.16999816894531,339.55563567406386,46.54660741572682,14166.66015625,91927200,28352700,772075000,5366890000
2023-07-17,118.31999969482422,337.7386169433594,46.424705505371094,14244.9501953125,118.83999633789062,338.9694723365567,46.45967801263674,14274.41015625,112.7300033569336,334.2902125016096,45.22664460524396,14138.009765625,115.94999694824219,337.68975478361295,46.252842790646994,14149.919921875,68593300,20363900,510488000,4593160000
2023-07-18,117.93000030517578,351.1805725097656,47.456905364990234,14353.6396484375,118.43000030517578,358.30207642907544,47.858591818877,14396.6904296875,115.19000244140625,334.26093764915,45.698281650417556,14176.1103515625,117.55000305175781,337.8363124834503,46.664525451589654,14212.25,57980100,64738600,569164000,4824070000
2023-07-19,116.43000030517578,346.87249755859375,47.04022216796875,14358.01953125,121.66999816894531,354.0819174710134,47.78064441217516,14446.5498046875,115.55000305175781,344.29353528638507,46.70548479149979,14317.08984375,121.30000305175781,353.38833709875524,47.426920872593946,14398.5302734375,70363100,39732900,427502000,5112420000
2023-07-20,110.25,338.8522644042969,45.48444747924805,14063.3095703125,115.05000305175781,349.6956992819866,47.05022493000669,14309.919921875,109.23999786376953,337.3869361725058,45.02680501298147,14030.6201171875,114.95999908447266,345.3974090978353,46.47067610405814,14273.2900390625,76340400,33778400,537865000,5128020000
2023-07-21,110.94999694824219,335.8239440917969,44.27438735961914,14032.8095703125,112.30000305175781,342.20300571747845,45.83017417101583,14179.009765625,109.54000091552734,331.97501253322577,44.06555098011311,14020.4501953125,110.97000122070312,341.07959326630163,45.7522321711593,14148.1796875,76815400,69405400,963769000,5254180000
2023-07-24,110.61000061035156,337.1330261230469,44.577152252197266,14058.8701171875,111.30999755859375,338.9012167538276,45.07376568294936,14110.150390625,108.55000305175781,334.3977579540035,44.005600454709025,13997.1298828125,110.62000274658203,337.8559418487268,44.6960587806985,14081.6298828125,45583600,26678100,382516000,4083070000
2023-07-25,113.0,342.8673400878906,45.6433219909668,14144.5595703125,114.05000305175781,343.75630961701245,46.14692613209552,14201.91015625,111.0,337.09394225294653,44.88791196755602,14092.51953125,111.13999938964844,339.0867675369492,44.90589946333249,14093.240234375,44916300,41637700,348081000,3812470000
2023-07-26,110.08999633789062,329.96258544921875,45.41650390625,14127.2802734375,112.36000061035156,336.7031188576935,46.01703629319333,14187.349609375,109.30000305175781,325.4102957060048,44.595147250204434,14041.9501953125,111.91000366210938,333.54776814346803,45.98505978941312,14123.51953125,51721700,58383700,364237000,4322000000
2023-07-27,111.0999984741211,323.0755615234375,45.86415100097656,14050.1103515625,115.08000183105469,333.44030197626535,47.357982253239214,14360.2001953125,110.51000213623047,321.44414968283064,45.71426663486367,14006.9296875,111.79000091552734,332.6099731824386,46.4826670082,14319.16015625,70678000,39635300,455976000,5115840000
2023-07-28,112.95999908447266,330.5487365722656,46.71348571777344,14316.66015625,114.86000061035156,332.1508430764587,46.99026979268205,14344.349609375,112.44000244140625,325.4689499409115,46.344774445154044,14188.099609375,113.37999725341797,325.9573926830905,46.63154903236518,14199.830078125,55526000,28484900,331194000,4453520000
2023-07-31,114.4000015258789,328.1554260253906,46.692501068115234,14346.01953125,114.68000030517578,329.8942812123279,47.09318883138378,14370.91015625,112.3499984741211,325.6545714457516,46.469675675562414,14292.75,114.16000366210938,329.13231163180893,46.717483065836525,14337.900390625,54187300,25446000,251055000,4934440000
2023-08-01,117.5999984741211,328.565673828125,46.470672607421875,14283.91015625,118.19000244140625,330.7148339075202,46.86336718401233,14309.2099609375,113.16000366210938,325.9867115450311,45.991048000510794,14215.6396484375,114.26000213623047,327.4422614370604,46.42370843555568,14274.9296875,95279300,18311900,237858000,4633770000
2023-08-02,109.3499984741211,319.9300231933594,44.23442459106445,13973.4501953125,119.5,325.9183364890345,45.80419670368741,14133.849609375,107.37999725341797,318.8163593371292,43.353113509905164,13914.8095703125,119.48999786376953,325.9183364890345,45.79520486142881,14132.73046875,173372000,27761300,530142000,5481960000
2023-08-03,113.1500015258789,319.10943603515625,44.480228424072266,13959.7197265625,114.95999908447266,322.25500868577666,45.082758057083076,14032.2802734375,108.94999694824219,318.415855644904,43.765786762914985,13881.349609375,108.94999694824219,318.46468799733185,43.765786762914985,13899.759765625,90605400,18253700,324176000,6036970000
2023-08-04,115.81999969482422,320.2035827636719,44.64510726928711,13909.240234375,118.8499984741211,327.3934767757319,45.60635397871658,14119.2197265625,113.95999908447266,319.6760561560359,44.358332653398875,13897.9296875,114.4800033569336,324.2088199611453,44.949869383179944,14025.9599609375,83169700,23741500,362666000,5349450000
2023-08-07,116.80999755859375,322.4797058105469,45.38152313232422,13994.400390625,119.08000183105469,323.4565914550908,45.504428150828545,13997.150390625,115.48999786376953,319.94957556864017,44.528190127809225,13864.919921875,116.36000061035156,320.7799343289393,45.0757624027515,13972.4501953125,65854800,17741500,322154000,4892330000
2023-08-08,113.2300033569336,318.5135192871094,44.62911605834961,13884.3203125,115.45999908447266,321.151122177393,45.2066637195198,13899.740234375,111.41000366210938,315.5340303066097,44.0215892371064,13769.33984375,114.94000244140625,319.4024887084689,44.81796761407976,13875.4501953125,54141800,22327600,353843000,5284550000
2023-08-09,110.47000122070312,314.7818298339844,42.52077102661133,13722.01953125,113.1500015258789,319.5490060989431,44.27739764946161,13898.5400390625,108.77999877929688,313.62908227048086,42.101097016680875,13698.3896484375,112.88999938964844,318.9238148724649,44.23942531054619,13897.6103515625,56257100,22373300,586449000,5591360000
2023-08-10,110.2300033569336,315.46563720703125,42.354888916015625,13737.990234375,113.88999938964844,320.6724537793776,43.539963290251215,13947.16015625,109.47000122070312,313.75608752866935,41.80231949167609,13686.509765625,111.30000305175781,318.4842099187915,42.127066378845875,13818.25,57297800,20113700,492705000,5299080000
2023-08-11,107.56999969482422,313.5899658203125,40.82308578491211,13644.849609375,109.06999969482422,314.95759930460076,41.9851793236234,13720.330078125,106.4800033569336,311.8315543586498,40.607254909066846,13609.98046875,108.8499984741211,312.85730183099656,41.718385785784754,13633.650390625,55667700,24355500,533085000,4638880000
2023-08-14,111.9800033569336,316.54998779296875,43.71883010864258,13788.330078125,111.98999786376953,316.5695147707091,43.76579428902089,13789.16015625,105.41999816894531,312.68149972344554,40.27952055656301,13582.490234375,106.75,313.9612471638397,40.4543831306118,13599.0,57421800,18836100,690286000,4272020000
2023-08-15,111.3499984741211,314.42034912109375,43.90568161010742,13631.0498046875,113.18000030517578,317.5756999823602,45.2326473732039,13774.98046875,110.16999816894531,313.48254739923874,43.67586169687328,13611.9404296875,111.98999786376953,315.53401288819225,44.52520013627042,13760.48046875,53816600,16966300,676512000,4473320000
2023-08-16,107.19000244140625,313.6568298339844,43.45203399658203,13474.6298828125,110.44000244140625,317.5922437105838,44.640104468597144,13644.3203125,106.9800033569336,313.0694515072215,43.37209465339346,13473.0302734375,110.08999633789062,314.0484054267254,44.4852267558164,13593.169921875,54327300,20698900,527451000,6243760000
2023-08-17,104.44000244140625,310.2108459472656,43.310142517089844,13316.9296875,107.8499984741211,315.0958152353926,44.02758013920778,13535.08984375,104.0999984741211,309.55493383854684,42.96740814260929,13303.4501953125,107.62000274658203,313.7938199901148,43.93565295261865,13527.2998046875,59064300,21257200,452395000,5280180000
2023-08-18,105.44999694824219,309.8193359375,43.26517868041992,13290.7802734375,106.06999969482422,311.679342341884,43.543960081000186,13335.8701171875,101.68000030517578,304.99307058455463,41.62745897404412,13161.759765625,102.4000015258789,307.8711973932979,42.601695871064955,13190.01953125,59916700,24755000,583768000,4801910000
2023-08-21,108.22000122070312,315.10565185546875,46.93031311035156,13497.58984375,108.54000091552734,315.9769051965937,47.028236135596124,13516.8603515625,105.66999816894531,310.3675190796091,44.187458298338946,13325.58984375,106.19999694824219,311.23877242073405,44.45924519865085,13347.259765625,49319200,24040000,692573000,4363070000
2023-08-22,105.66000366210938,315.6734313964844,45.632328033447266,13505.8701171875,109.72000122070312,319.21723934340076,48.14936145105243,13598.76953125,104.8499984741211,314.6944776045053,45.29759061646536,13484.3798828125,109.4000015258789,318.6494592891844,48.09740011660735,13593.9501953125,47295200,16084600,755293000,4282430000
2023-08-23,109.43000030517578,320.117919921875,47.079193115234375,13721.0302734375,110.08000183105469,322.2716304158125,47.163127126737685,13757.0,105.0,316.65241480901244,45.172682739774615,13532.4296875,105.6500015258789,317.00485374224843,45.83016964160105,13532.4296875,54656300,21166400,779046000,4127850000
2023-08-24,101.80000305175781,313.2358703613281,47.126155853271484,13463.9697265625,111.63999938964844,325.97206974501347,50.22673252136096,13834.6904296875,100.87000274658203,313.22607126255105,47.12216117350295,13462.83984375,111.05999755859375,325.8448009621162,50.17677234223293,13834.3095703125,109179100,23281400,1156044000,4383820000
2023-08-25,102.25,316.18255615234375,45.9820556640625,13590.650390625,104.12000274658203,318.5124414479657,47.767658540303835,13633.419921875,99.58000183105469,312.0905059538923,44.98882881073535,13376.349609375,101.16999816894531,314.70432613416926,46.975278705672146,13514.3701171875,74793100,21684100,925341000,3970060000
2023-08-28,102.61000061035156,316.8873596191406,46.79841995239258,13705.1298828125,104.06999969482422,319.285778523708,46.943307161709576,13735.98046875,100.88999938964844,314.94902032407407,44.85294200358458,13626.6396484375,103.47000122070312,318.8061007178544,46.445695012544455,13695.3603515625,55386800,14808500,685192000,3666680000
2023-08-29,105.91999816894531,321.4982604980469,48.74589157104492,13943.759765625,106.56999969482422,322.056271402599,49.04266044648469,13959.8095703125,101.79000091552734,315.1056925945481,46.35475936686293,13677.0595703125,102.11000061035156,315.1056925945481,46.62954606851407,13687.23046875,50850300,19284600,701397000,4748180000
2023-08-30,106.58999633789062,321.8702087402344,49.225521087646484,14019.3095703125,107.66999816894531,322.86873080054954,49.88800143615993,14050.8203125,104.5,319.57946057224274,48.387175707748206,13924.2001953125,105.4000015258789,321.75273907140877,49.005691704274305,13961.76953125,54847300,15222100,735206000,4364600000
2023-08-31,105.72000122070312,320.8619079589844,49.31644821166992,14034.9697265625,108.05999755859375,323.9456064626788,49.705144301675666,14114.669921875,104.86000061035156,319.9025224771531,48.91975894986802,14010.48046875,106.19000244140625,322.27160382501023,49.34143020878583,14041.5400390625,58919000,26411000,528570000,4568610000
2023-09-01,109.44999694824219,321.7430114746094,48.471107482910156,14031.8095703125,110.05999755859375,325.0029150101556,49.76109942188399,14149.6201171875,106.61000061035156,319.9025732532159,48.10439357486219,13982.419921875,107.0,324.3372334886783,49.72313090360501,14129.9599609375,54856100,14942000,463830000,4033960000
2023-09-05,110.77999877929688,326.530029296875,48.51007843017578,14020.9501953125,111.81999969482422,327.8026871669536,48.81284315295678,14060.849609375,106.30000305175781,321.74296073160247,47.82261611647607,13945.650390625,109.0,322.07580143984785,48.185331532444785,13994.5400390625,66042200,18553900,382653000,4379790000
2023-09-06,109.27999877929688,325.8741455078125,47.02811813354492,13872.4697265625,111.33000183105469,327.42087936565457,48.515077394105326,14001.9501953125,108.22000122070312,323.23095829944674,46.54745522657099,13802.419921875,110.55999755859375,326.3636224074877,48.40715496062999,13988.8095703125,47736700,17535800,468670000,4215320000
2023-09-07,106.58999633789062,322.9666748046875,46.20868682861328,13748.830078125,107.69000244140625,326.0699418421109,46.31161549020898,13774.6298828125,105.08999633789062,322.1051906191248,45.120447146044796,13642.4697265625,106.13999938964844,324.3176359252016,45.49318758272593,13675.1103515625,49080100,18381000,433330000,4320830000
2023-09-08,106.08999633789062,327.23486328125,45.5401611328125,13761.5302734375,109.73999786376953,329.08510023164433,46.57343915723393,13843.3701171875,105.75,322.52609807587226,45.239372728465916,13733.1796875,107.0199966430664,323.1428437260037,45.90990538845147,13754.7099609375,46232000,19530100,473069000,4160360000
2023-09-11,105.31999969482422,330.8276672363281,45.14643096923828,13917.8896484375,107.51000213623047,331.29757584054045,46.13073944810292,13937.4697265625,103.0,328.37048350695864,44.2810350025815,13805.1298828125,107.31999969482422,330.1423875895978,46.11575054004364,13884.0302734375,50611300,16583300,473966000,4538870000
2023-09-12,105.30999755859375,324.78753662109375,44.838645935058594,13773.6103515625,106.73999786376953,329.7019045004539,45.64108624011381,13913.599609375,103.18000030517578,324.5036614898463,44.49988211053749,13763.6904296875,104.19999694824219,328.75231798743556,44.70673820080512,13858.9404296875,44413600,17565500,349256000,4595490000
2023-09-13,107.70999908447266,328.9871826171875,45.45322036743164,13813.58984375,108.73999786376953,329.7605644160493,45.897909142211645,13868.5703125,104.83000183105469,324.20011449262233,44.471904231366715,13733.8203125,105.0999984741211,324.33715247737837,44.568836579722586,13773.669921875,44702300,16544400,398355000,4840310000
2023-09-14,106.62999725341797,331.57171630859375,45.549156188964844,13926.0498046875,109.1500015258789,333.6862305598508,45.95487076893904,13957.5703125,106.22000122070312,329.4865396056531,45.0994698183301,13810.66015625,108.43000030517578,332.0122276628957,45.91789786927569,13889.759765625,45920600,20267000,370097000,4649010000
2023-09-15,101.48999786376953,323.27008056640625,43.869319915771484,13708.330078125,106.76000213623047,330.29896071353795,45.567129987886304,13895.75,101.27999877929688,322.7120698070868,43.777381347712456,13684.240234375,106.06999969482422,329.8290820743594,45.30931088292171,13889.2001953125,71103600,37679800,506831000,8162210000
2023-09-18,102.37000274658203,322.13458251953125,43.935272216796875,13710.240234375,102.98999786376953,323.44637721984947,44.211080299105845,13751.2802734375,99.44999694824219,319.49139491981464,41.97064663049677,13663.4599609375,100.81999969482422,320.901090989623,42.7181249588287,13669.9599609375,49061300,16834200,500271000,4855880000
2023-09-19,101.61000061035156,321.733154296875,43.48958969116211,13678.1904296875,102.86000061035156,322.45760041034737,43.93527718281478,13705.150390625,100.69999694824219,317.6803011768475,42.971950102234956,13578.8701171875,101.75,319.30536803908217,43.80237069955783,13649.4404296875,41704100,16505900,373064000,4453460000
2023-09-20,100.33999633789062,314.0190124511719,42.20948791503906,13469.1298828125,103.94000244140625,322.65339248865484,43.872326816521394,13727.8095703125,100.27999877929688,313.76450476801705,42.193500252380844,13467.2802734375,102.36000061035156,322.5750893265996,43.56953710623469,13710.259765625,55180600,21436500,367108000,4782440000
2023-09-21,96.11000061035156,312.8050537109375,40.98833465576172,13223.98046875,98.87000274658203,318.5025710351489,42.07057801307491,13362.23046875,95.83999633789062,308.3703949406128,40.951361762571175,13222.5595703125,98.5999984741211,312.54074698466565,41.55394101252563,13328.0595703125,59704300,35560400,450736000,5014890000
2023-09-22,96.19999694824219,310.3382263183594,41.58092498779297,13211.8095703125,98.41999816894531,314.6847845974936,42.08557317870962,13353.2197265625,95.61000061035156,309.49631031819246,41.202188203522006,13200.6396484375,96.91999816894531,314.5575157936644,41.54294952811981,13287.169921875,52169400,21447900,479236000,4302700000
2023-09-25,97.37999725341797,310.85699462890625,42.19249725341797,13271.3203125,97.44999694824219,310.9842634015669,42.50627702068914,13277.830078125,94.45999908447266,308.3704436389246,41.14822547100166,13132.0,95.94999694824219,309.9269765789233,41.561937649909076,13172.5400390625,43223700,17836000,419091000,4100290000
2023-09-26,95.95999908447266,305.5706481933594,41.8817138671875,13063.6103515625,97.83000183105469,309.2319257820145,42.79007909728291,13199.1298828125,95.2699966430664,303.49524107796117,41.625892229485075,13033.400390625,96.5,308.4977104446982,41.97165113191076,13180.9599609375,42866500,26297600,402282000,4693540000
2023-09-27,98.06999969482422,306.2070007324219,42.43832015991211,13092.849609375,99.2300033569336,307.6852008158054,42.84204096958368,13156.3701171875,96.3499984741211,303.1722376476752,41.59990959746065,12963.16015625,96.81999969482422,305.7272930031046,42.3004199239516,13115.3603515625,51261500,19410100,444935000,4841410000
2023-09-28,102.76000213623047,307.0390930175781,43.05888748168945,13201.2802734375,104.19999694824219,308.84036447643473,43.41563643301945,13270.9697265625,97.76000213623047,302.9372740873856,42.085569148140415,13025.1103515625,97.94000244140625,304.4448414726015,42.430325448929366,13043.3701171875,72542100,19683600,424663000,4648390000
2023-09-29,102.81999969482422,309.1046447753906,43.468605041503906,13219.3203125,104.94000244140625,312.74635389934775,44.113154796580034,13382.98046875,102.55999755859375,308.3508611473558,43.276737862234015,13177.08984375,104.69000244140625,311.06255226407086,43.79637496273023,13337.7099609375,56078600,24147300,397830000,5138500000
2023-10-02,103.2699966430664,315.02728271484375,44.75070571899414,13307.76953125,103.70999908447266,315.1154148364271,45.14342881532186,13364.0302734375,101.69999694824219,308.5466141242197,43.83034792394179,13204.080078125,102.20999908447266,309.62346914878606,43.9992285379224,13217.98046875,45118600,20570000,433298000,4554700000
2023-10-03,100.08000183105469,306.7943420410156,43.48658752441406,13059.4697265625,103.29000091552734,314.6259723470464,45.098463094837925,13280.0400390625,99.16999816894531,304.66020007739525,43.2157769974795,13008.599609375,101.80000305175781,314.0777307403494,44.77668570728605,13229.6796875,48117000,21033500,470850000,4684310000
2023-10-04,104.06999969482422,312.2471008300781,44.010223388671875,13236.009765625,104.4000015258789,313.3043876816742,44.112153297816725,13258.759765625,100.33999633789062,307.3914982671209,43.26174626009731,13072.509765625,100.6500015258789,307.420865686593,43.71143255099348,13092.919921875,51023200,20720100,361821000,4308070000
2023-10-05,102.91000366210938,312.6386413574219,44.656776428222656,13219.830078125,103.73999786376953,313.24561775068076,44.86863010408986,13251.1796875,100.2699966430664,308.2725161916583,43.85733614690028,13087.5703125,103.41000366210938,312.3743346117822,44.019221707908876,13228.1201171875,51789700,16965600,393483000,4167470000
2023-10-06,107.23999786376953,320.3724060058594,45.73002624511719,13431.33984375,107.87000274658203,322.26177952741045,45.757007806644154,13472.26953125,102.02999877929688,309.6430516561737,43.99523916079719,13099.0302734375,102.16000366210938,309.88779008773105,44.16212229169967,13127.6796875,64864100,25673600,434436000,4309420000
2023-10-09,106.97000122070312,322.8785705566406,45.241363525390625,13484.240234375,107.30999755859375,323.3484492911128,45.573132266606365,13509.2998046875,104.79000091552734,316.37830256029935,44.33699712951298,13277.48046875,106.01000213623047,317.9152672966711,44.810664938003,13326.2197265625,39593200,19891200,409675000,3835930000
2023-10-10,109.01000213623047,321.4786682128906,45.76599884033203,13562.83984375,110.12000274658203,324.13162477364205,46.22667525132618,13659.6298828125,106.4000015258789,320.7738202479149,45.05649586993077,13491.8095703125,107.48999786376953,323.9945568948938,45.27834086872442,13505.8095703125,57105500,20557100,368582000,4301350000
2023-10-11,108.30999755859375,325.4238586425781,46.77328872680664,13659.6796875,110.0999984741211,325.8154342155564,46.82625308984122,13671.1103515625,106.93000030517578,322.21289114367397,46.01781654956794,13549.2900390625,109.13999938964844,324.2393029495446,46.16371442393257,13619.2099609375,51085600,20063200,378137000,4160440000
2023-10-12,108.79000091552734,324.19036865234375,46.912193298339844,13574.2197265625,111.30999755859375,326.6083859172805,47.575730741552675,13714.1396484375,107.51000213623047,321.8017188086289,46.297625211200135,13491.5595703125,108.4000015258789,323.6127894514465,46.74431143305413,13672.4697265625,60959400,19313100,481325000,4858620000
2023-10-13,105.08999633789062,320.8325500488281,45.429229736328125,13407.23046875,108.97000122070312,326.8041445225291,47.08307579073531,13619.5400390625,104.75,319.49135820401887,45.24835646569822,13361.849609375,108.6500015258789,325.3846793916084,46.92718276252737,13613.58984375,52881500,21072400,474115000,4251550000
2023-10-16,106.45999908447266,325.6392517089844,46.06278991699219,13567.98046875,107.4800033569336,329.0655904860134,46.192696327999904,13598.0498046875,105.02999877929688,323.6421773138597,44.880614130194836,13447.169921875,105.41999816894531,324.08268866001004,45.0315095868921,13453.8095703125,42464500,22158000,375099000,4308690000
2023-10-17,105.13999938964844,325.0713806152344,43.90729904174805,13533.75,106.29000091552734,326.44190989346447,44.72273077097073,13602.25,101.66000366210938,320.5192516418675,42.45031760329598,13364.740234375,103.54000091552734,322.6533636519186,43.96925599511655,13419.8701171875,49642100,18338500,812333000,4417640000
2023-10-18,102.16999816894531,323.1624755859375,42.1665153503418,13314.2998046875,104.77999877929688,328.5271540118079,43.18880316775222,13499.740234375,101.73999786376953,321.3905713182834,41.79577619709707,13275.2998046875,103.37999725341797,325.49239077773996,42.561239807706784,13439.6796875,50450000,23153600,627294000,4617140000
2023-10-19,102.4000015258789,324.3470153808594,42.07158660888672,13186.1796875,105.5999984741211,329.7899967094516,43.26675013363428,13404.73046875,101.83999633789062,323.9456406942705,41.85273785103801,13157.330078125,103.80999755859375,325.15953397789394,42.781089631153165,13354.7998046875,52734200,25052100,501233000,5014790000
2023-10-20,101.80999755859375,319.7948913574219,41.35808563232422,12983.8095703125,104.33999633789062,324.93439945615916,42.440329167486595,13177.349609375,101.44000244140625,318.60056637565555,41.04929959672476,12977.4296875,102.27999877929688,324.7385967213242,41.860732559994474,13157.76953125,61317900,25027700,477266000,4622840000
2023-10-23,100.01000213623047,322.3890686035156,42.94497299194336,13018.330078125,102.41999816894531,325.7273046053134,43.21778487682209,13143.2197265625,99.31999969482422,317.5628335992071,40.91639251850647,12848.830078125,100.80999755859375,318.620090545015,41.200194491752654,12930.849609375,50817400,24374700,478530000,4669060000
2023-10-24,101.66999816894531,323.5736083984375,43.63249206542969,13139.8701171875,101.79000091552734,324.8560355263617,43.666468707017636,13170.3896484375,99.37999725341797,320.70528084515973,42.661174865100485,13022.849609375,100.97000122070312,324.3273920928105,43.046902951307125,13084.990234375,51982900,31153600,401463000,4604720000
2023-10-25,96.05999755859375,333.50018310546875,41.74980926513672,12821.2197265625,101.02999877929688,338.91379608217926,43.61950423451798,13042.51953125,95.2300033569336,330.5143562790692,41.52596674486631,12804.2998046875,100.41999816894531,337.75860796598914,43.36767758718175,13039.8603515625,53424500,55053800,398379000,4599850000
2023-10-26,93.66999816894531,320.9892272949219,40.29781723022461,12595.6103515625,97.5199966430664,334.44004510375515,42.22646869925816,12818.1396484375,93.12000274658203,320.0592090856676,39.852129784028584,12543.8603515625,95.98999786376953,333.3729888756814,41.823750469367184,12768.9697265625,49896400,37828500,541001000,4894900000
2023-10-27,96.43000030517578,322.8687438964844,40.471702575683594,12643.009765625,97.3499984741211,329.63331810351394,41.177210573030834,12772.4296875,94.58999633789062,321.4884154812009,39.987040836148445,12600.5703125,95.80000305175781,323.47569046023347,41.1012634608965,12718.6904296875,52458700,29856500,416784000,4172100000
2023-10-30,96.18000030517578,330.2109375,41.132240295410156,12789.48046875,97.04000091552734,332.3059131853902,41.73681712722262,12842.9599609375,94.69999694824219,324.8462593748241,40.45271510334961,12691.5595703125,96.13999938964844,326.393023266436,41.05829449956598,12750.4697265625,43716600,22828100,388028000,4149320000
2023-10-31,98.5,330.99407958984375,40.75150680541992,12851.240234375,98.81999969482422,331.865362876774,40.850440472726774,12859.400390625,94.06999969482422,327.64607407506094,39.20259051438913,12697.0400390625,96.23999786376953,331.71852577091533,40.421739350493176,12786.6201171875,79547100,20265300,517969000,4315630000
2023-11-01,108.04000091552734,338.7865295410156,42.295433044433594,13061.4697265625,108.1500015258789,340.10812307119625,42.35139367956083,13072.419921875,98.5,332.50163335597534,40.84044890706074,12875.2001953125,98.58000183105469,332.63870122035286,40.855437818322336,12887.0595703125,138641500,28158800,437593000,4545120000
2023-11-02,107.83000183105469,340.98919677734375,43.4755973815918,13294.1904296875,109.41000366210938,341.4884429030558,43.853331578454224,13302.1796875,105.91000366210938,337.51389284186956,42.864025551225126,13177.6396484375,107.95999908447266,339.93190993700205,43.29772036984495,13230.490234375,71377000,24348100,409172000,4962950000
2023-11-03,112.25,345.3748779296875,44.97355270385742,13478.2802734375,113.38999938964844,346.9314407134558,45.27733731815709,13520.2802734375,107.86000061035156,340.01999961550734,43.69244703893823,13344.73046875,109.05000305175781,342.27161121053757,43.989240387189966,13362.849609375,65632200,23637700,424610000,4918750000
2023-11-06,111.75,349.0263671875,45.719024658203125,13518.7802734375,113.08000183105469,350.0151200008031,45.902897984203655,13551.6201171875,110.22000122070312,345.91330154053924,44.867618920829024,13435.990234375,112.5999984741211,346.0112028872033,45.25335073613619,13514.080078125,49270400,23828300,400733000,4345850000
2023-11-07,113.44999694824219,352.9422302246094,45.92288589477539,13639.8603515625,114.6500015258789,354.83160398439014,46.18569877151303,13675.4599609375,111.22000122070312,350.1032700356418,45.126441998746536,13516.5595703125,111.86000061035156,351.83600759444016,45.68705076383751,13555.7900390625,50550200,25833900,343165000,4354460000
2023-11-08,113.58999633789062,355.5560302734375,46.54145431518555,13650.41015625,115.31999969482422,356.211912585882,46.834248828049994,13684.8701171875,112.87999725341797,352.9617788165993,45.93587499644732,13573.580078125,113.55000305175781,354.06800138493276,46.06778272127609,13660.2197265625,41880600,26767800,346719000,4685550000
2023-11-09,113.48999786376953,353.0988464355469,46.91719055175781,13521.4501953125,115.80999755859375,357.11256296700316,48.19629482563236,13697.8203125,113.05999755859375,352.77577495327927,46.71732955595706,13506.01953125,114.0999984741211,354.6749477041347,47.43382754729244,13693.7001953125,61146900,24847300,540496000,5313970000
2023-11-10,118.58999633789062,361.889892578125,48.30122375488281,13798.1103515625,119.69999694824219,362.31083557483976,48.43812905946533,13802.5302734375,114.02999877929688,353.47088326732273,47.24996072733801,13556.349609375,114.3499984741211,353.88202716517856,47.466808147596865,13571.1904296875,75135900,28042100,421245000,4722140000
2023-11-13,116.79000091552734,358.96282958984375,48.58602523803711,13767.740234375,118.68000030517578,360.7151655370174,49.08168084897678,13805.1103515625,116.0,358.1992466988061,48.065389383307924,13687.7802734375,118.33999633789062,360.4704270478989,48.28623562834099,13745.9599609375,46741900,19986500,384136000,4349590000
2023-11-14,119.87999725341797,362.4772033691406,49.62129211425781,14094.3798828125,122.11000061035156,364.1218684157094,49.79916910737002,14124.0595703125,119.22000122070312,359.6186750774512,49.00572533941405,14003.1396484375,119.69999694824219,363.2016494775537,49.64527741365908,14015.3701171875,61017400,27683900,416954000,5332490000
2023-11-15,118.0,362.6244201660156,48.853843688964844,14103.83984375,120.58999633789062,366.0184671527949,49.925093307072636,14194.3603515625,116.87000274658203,360.1131840283514,48.16632465148742,14060.7001953125,120.54000091552734,364.20372057822027,49.900113061154364,14147.26953125,59555600,26860100,475497000,5063830000
2023-11-16,119.83000183105469,369.0005187988281,49.4454231262207,14113.669921875,120.7300033569336,369.17708096054344,49.49039366266599,14130.4501953125,116.41000366210938,363.1246629725075,48.29622902861317,14033.7900390625,117.19999694824219,363.88979560921166,48.644984172997816,14066.8798828125,49661900,27182300,339756000,4545180000
2023-11-17,120.62000274658203,362.8009338378906,49.26355743408203,14125.48046875,121.48999786376953,367.2347751466243,49.68226341163358,14154.3203125,118.81999969482422,360.00524677898665,48.9727603803161,14063.9296875,119.63999938964844,366.4892506146671,49.489397461523026,14101.4404296875,38508900,40157000,325205000,4408640000
2023-11-20,121.52999877929688,370.24627685546875,50.373775482177734,14284.5302734375,121.93000030517578,371.6490149349355,50.51267829045294,14309.7998046875,120.06999969482422,363.9290160684621,49.14663294635536,14134.2001953125,120.69999694824219,364.1448242296059,49.27754192431734,14134.75,43138700,52465100,414120000,4561810000
2023-11-21,119.16000366210938,365.9595642089844,49.90909957885742,14199.98046875,120.6500015258789,369.0495215118682,50.48169721701578,14237.5,117.94000244140625,364.04671781694736,49.187603987551,14146.3095703125,120.54000091552734,368.51001608638865,50.090971605091276,14217.23046875,41064800,28423100,565747000,4128600000
2023-11-22,122.51000213623047,370.6484680175781,48.68195343017578,14265.8603515625,124.76000213623047,372.5514954656195,50.29982144046333,14359.6103515625,119.94999694824219,367.8233538705503,47.65666949538865,14226.6298828125,120.0,370.7956031427492,49.817161099137216,14283.8203125,56862200,23345300,899420000,3855240000
2023-11-24,122.30999755859375,370.2364807128906,47.74261474609375,14250.849609375,123.25,370.766197129462,48.886815068886136,14270.2802734375,121.54000091552734,367.99014782412655,47.711634365879085,14214.1298828125,122.02999877929688,370.1383806452385,48.43613001762004,14238.0400390625,19001000,10176600,294645000,2541840000
2023-11-27,122.6500015258789,371.39398193359375,48.20828628540039,14241.01953125,123.88999938964844,373.38532049617334,48.496083215098835,14305.7099609375,121.7699966430664,369.02994094912424,47.618698458972716,14205.240234375,122.06999969482422,369.5988734413345,47.766593838676684,14239.3095703125,32743000,22179200,395662000,4205880000
2023-11-28,122.01000213623047,375.4060363769531,47.78758239746094,14281.759765625,122.54000091552734,375.70030662709087,48.289234319970646,14303.66015625,120.79000091552734,370.9525569972749,47.439826002688484,14195.7197265625,121.9800033569336,371.1389381343408,48.202293315261734,14224.6298828125,32047100,20453100,401491000,4474400000
2023-11-29,123.8499984741211,371.62945556640625,48.106361389160156,14258.490234375,125.7300033569336,376.9755653604363,48.727928411184934,14423.2197265625,123.4800033569336,370.2463253437472,47.826558260033494,14247.8896484375,123.9800033569336,376.4458788431164,48.345196613263326,14367.1103515625,37876300,28963400,382005000,4890220000
2023-11-30,121.16000366210938,371.68829345703125,46.73731994628906,14226.2197265625,124.05000305175781,372.8457964517108,48.07638377452515,14289.2001953125,119.6500015258789,368.3138546072338,46.3895635380406,14127.0498046875,123.61000061035156,371.27628513665223,47.990441518765145,14265.0498046875,44494200,30554400,526247000,5678070000
2023-12-01,121.38999938964844,367.37213134765625,46.732322692871094,14305.0302734375,121.4000015258789,370.95255911244834,47.16702011217605,14311.9501953125,118.6500015258789,364.23310896058763,46.15472745047927,14135.0,119.87999725341797,369.57924804408185,46.4924925258304,14181.349609375,37048000,33040500,369317000,5607000000
2023-12-04,118.56999969482422,362.1044921875,45.47819519042969,14185.490234375,119.9000015258789,362.47722453595185,46.04480030339198,14197.51953125,116.37000274658203,355.9834013927852,44.97854459860675,14058.51953125,119.75,362.0652461744231,46.04480030339198,14168.66015625,39854400,32063300,437543000,6270020000
2023-12-05,118.37999725341797,365.4200134277344,46.53755187988281,14229.91015625,118.48999786376953,365.96933781680315,46.57152769132749,14285.66015625,116.44999694824219,358.6515286841893,45.24334109197845,14121.759765625,117.43000030517578,359.4657262173714,45.43822164958941,14126.400390625,39191600,23065000,371718000,6179120000
2023-12-06,116.81999969482422,361.7709045410156,45.475196838378906,14146.7099609375,122.83000183105469,367.0483700977194,47.35804843216662,14327.6298828125,116.37999725341797,361.0155910074396,45.38425283422849,14138.509765625,120.69000244140625,366.420583640083,47.18615263660435,14325.6201171875,60599000,21182100,380590000,5167030000
2023-12-07,128.3699951171875,363.8799743652344,46.56753921508789,14339.990234375,128.67999267578125,364.3704447283438,46.600520003716504,14353.1103515625,119.55999755859375,359.3382140130918,45.57614456238809,14220.8701171875,120.79000091552734,361.21181439248187,45.67208659528923,14230.4296875,118579100,23118900,350823000,5694310000
2023-12-08,128.9199981689453,367.09747314453125,47.47697448730469,14403.9697265625,131.0,367.3230703614092,47.71183151295026,14416.919921875,126.88999938964844,361.2118285564288,46.5215573196364,14264.9599609375,129.5399932861328,362.1633422956095,46.566531807194686,14279.4599609375,89341000,20154400,359224000,5430840000
2023-12-11,134.41000366210938,364.2232971191406,46.598514556884766,14432.490234375,135.0399932861328,364.51759731266617,47.50196163403656,14436.080078125,128.25,359.12242306000167,45.802004370558734,14324.5703125,130.55999755859375,361.4570668899954,47.461988967358906,14340.1298828125,98668300,27708800,509728000,5607820000
2023-12-12,137.61000061035156,367.2445983886719,47.62788772583008,14533.400390625,139.88999938964844,367.28384440026525,47.63688109924922,14533.400390625,131.89999389648438,363.3992975227853,46.017871828359986,14385.3896484375,132.25,363.7818787799653,46.017871828359986,14423.009765625,111677800,24838300,372387000,4950100000
2023-12-13,138.19000244140625,367.2347717285156,48.058624267578125,14733.9599609375,139.24000549316406,370.44246703468053,48.56431567041087,14743.5498046875,136.02999877929688,363.7033791572921,47.5789179572985,14517.51953125,137.97000122070312,368.8533179256787,47.59990503689136,14555.6796875,70651600,30955500,447792000,6732040000
2023-12-14,138.0,358.95562744140625,48.320457458496094,14761.5595703125,141.82000732421875,366.63640997800485,48.64026163902283,14855.6201171875,135.72999572753906,357.1899461347514,47.393026859915174,14642.23046875,138.88999938964844,366.19497468337374,48.360433934153576,14798.7197265625,76115200,43277500,391232000,8033170000
2023-12-15,139.14999389648438,363.6641540527344,48.86013412475586,14813.919921875,140.88999938964844,365.30230824664153,49.37382007835511,14848.400390625,137.25,359.2989559925913,48.09060403450958,14753.16015625,139.52000427246094,359.8580993724713,48.16456014183968,14797.4599609375,70211800,78502300,479948000,8377630000
2023-12-18,138.89999389648438,365.54754638671875,50.046409606933594,14904.8095703125,139.7899932861328,365.89088161939304,50.402191134156865,14938.0400390625,137.64999389648438,361.65321060475327,49.11997773498407,14811.8203125,139.14999389648438,362.4085541038235,49.36982501987744,14814.01953125,45199500,21802900,412587000,5866080000
2023-12-19,140.14999389648438,366.1459655761719,49.573692321777344,15003.2197265625,143.47000122070312,366.1459655761719,49.66963433728467,15003.7998046875,138.55999755859375,362.79113493260104,48.86512588284418,14921.599609375,138.57000732421875,364.40968123442,49.39380199579273,14923.01953125,63739800,20603700,464444000,5757180000
2023-12-20,135.47000122070312,363.5562744140625,48.08160400390625,14777.9404296875,139.5800018310547,368.8631677330293,49.96845091462431,15069.2900390625,135.3699951171875,363.46799333439736,48.068611458987135,14776.2900390625,139.0,367.852799906723,49.62465933137436,14973.3603515625,54671700,26316700,397894000,6294700000
2023-12-21,139.91000366210938,366.4206237792969,48.96006774902344,14963.8701171875,139.97999572753906,367.2740374598463,49.065003134313834,14970.8095703125,137.3800048828125,362.98733108269056,48.389413683730325,14837.4697265625,138.13999938964844,365.45929104730993,48.78117626784754,14923.1396484375,47179400,17708000,300425000,5465640000
2023-12-22,139.60000610351562,367.4407958984375,48.800174713134766,14992.9697265625,140.6999969482422,368.02936637236263,49.35283451146827,15047.1904296875,138.30999755859375,365.60644137118885,48.43739367116176,14927.1201171875,140.47999572753906,366.55795515551875,49.16494962310715,15006.1796875,35396600,17107500,252507000,4796600000
2023-12-26,143.41000366210938,367.5193176269531,49.24889373779297,15074.5703125,143.85000610351562,369.75586165985493,49.56969677808233,15101.1796875,139.9199981689453,366.3814226016606,48.930088377699356,15024.0595703125,140.07000732421875,367.8528339374102,48.93808291084912,15028.6904296875,47157400,12673100,244200000,6120600000
2023-12-27,146.07000732421875,366.94049072265625,49.38681411743164,15099.1796875,146.25,367.9116124252774,49.64965395545636,15114.080078125,143.17999267578125,365.7044958750045,49.05501618312312,15051.669921875,144.72000122070312,366.56772847108294,49.480758467753716,15089.66015625,49033400,14905400,233648000,7480170000
2023-12-28,148.75999450683594,368.1274719238281,49.49174499511719,15095.1396484375,150.41000366210938,369.2849749136942,49.85352335128604,15150.0703125,145.9499969482422,367.02882298863733,49.38181158719183,15087.2197265625,146.8000030517578,368.2157530058411,49.61267326878179,15142.08984375,63800700,14327000,246587000,5090570000
2023-12-29,147.41000366210938,368.8729553222656,49.49174499511719,15011.349609375,151.0500030517578,369.9716041347207,49.96645709185245,15111.41015625,147.1999969482422,366.3617494835299,48.721216111915,14955.3701171875,149.5,368.83370931155366,49.782567581126976,15099.2001953125,62079200,18730800,389293000,5441060000
2024-01-02,138.5800018310547,363.8014831542969,48.138572692871094,14765.9404296875,144.39999389648438,368.7356138207432,49.26488309320295,14887.7998046875,137.42999267578125,359.779620180644,47.565924699352884,14682.3798828125,144.27999877929688,366.73448635273246,49.21391556134482,14873.7001953125,64902000,25258600,411254000,5791170000
2024-01-03,135.32000732421875,363.5366516113281,47.53993606567383,14592.2099609375,137.42999267578125,366.1459576250118,48.15455817196312,14694.580078125,133.74000549316406,361.48648901542015,47.291087653176916,14577.4404296875,135.7100067138672,361.97695939537715,47.4559877548122,14641.4697265625,61988600,23083500,320896000,5449950000
2024-01-04,136.00999450683594,360.9273986816406,47.96867752075195,14510.2998046875,137.6999969482422,365.98905733956127,48.47036973426666,14632.76953125,134.0,360.17208496235486,47.478975200634494,14504.7802734375,134.3000030517578,363.6053781270113,47.73781584044559,14532.23046875,58610300,20901500,306535000,5289220000
2024-01-05,138.5800018310547,360.740966796875,49.0670051574707,14524.0703125,141.00999450683594,364.96881910463645,49.516731000212985,14625.1904296875,136.44000244140625,359.5147908390338,48.27648803927744,14477.5703125,136.77999877929688,361.93771572916546,48.43239477719924,14500.1103515625,69657700,21004600,415039000,5232820000
2024-01-08,146.17999267578125,367.54864501953125,52.22107696533203,14843.76953125,147.14999389648438,368.0489343175664,52.24306669740862,14846.900390625,140.14999389648438,361.9769094565288,49.44877334196531,14560.2001953125,140.36000061035156,362.26136068378645,49.48175412771333,14564.4697265625,71756900,23134000,642510000,6337770000
2024-01-09,149.25999450683594,368.62774658203125,53.1075325012207,14857.7099609375,149.86000061035156,368.8239167777909,54.29180987549374,14894.3203125,145.0800018310547,364.1154129764403,51.65841764369207,14716.7099609375,145.9499969482422,364.91979160608497,52.36898559320254,14744.1298828125,67875700,20830000,773100000,5068410000
2024-01-10,148.5399932861328,375.4747009277344,54.31679916381836,14969.650390625,150.8800048828125,376.84804200266086,54.56664645309511,14998.2001953125,146.64999389648438,369.1476507008414,53.45632503855136,14842.7001953125,150.07000732421875,369.1966857666869,53.58325017590931,14877.7001953125,56951200,25514200,533796000,4404590000
2024-01-11,148.02000427246094,377.29925537109375,54.788509368896484,14970.1904296875,150.3800048828125,383.2339350900792,55.31219134586392,15063.6103515625,143.69000244140625,373.1302570741052,53.527283064841185,14800.3798828125,148.52000427246094,378.64313944413783,54.9654031964735,15020.9501953125,62764600,27850800,596759000,5044690000
2024-01-12,146.55999755859375,381.0660095214844,54.67657470703125,14972.759765625,148.75,381.2719986726898,54.93641799826661,15047.25,145.0,377.3188091126789,54.29680960809761,14931.8798828125,148.0399932861328,378.14279565343315,54.58662953889082,15001.009765625,48293100,21661200,352994000,4958940000
2024-01-16,158.74000549316406,382.8317565917969,56.34755325317383,14944.349609375,159.72000122070312,386.52010359232963,56.80027560728274,15004.349609375,149.97999572753906,380.2322694497991,54.86646024002656,14863.8095703125,150.36000061035156,386.15716028479716,54.98438817814625,14908.259765625,112711400,27202300,449580000,6386180000
2024-01-17,160.1699981689453,382.0469970703125,56.018760681152344,14855.6201171875,160.63999938964844,382.67478358686355,56.43650460830921,14865.759765625,154.39999389648438,377.47580955942465,54.706563019184806,14706.23046875,158.4499969482422,380.58540492477397,56.312579806380306,14814.76953125,104085000,22234100,474394000,5181740000
2024-01-18,162.6699981689453,386.3631591796875,57.07211685180664,15055.650390625,168.60000610351562,386.4808672893111,57.56481575240513,15066.8095703125,158.22000122070312,382.68463107425833,56.07272766296372,14911.1103515625,166.1999969482422,384.2541423864291,57.225023275703855,14994.51953125,131864900,23392100,491650000,5587440000
2024-01-19,174.22999572753906,391.0716552734375,59.454654693603516,15310.9697265625,174.25,391.0716552734375,59.463648066531206,15310.9697265625,162.1999969482422,386.0001785110236,57.19003646845247,15087.2001953125,165.8000030517578,388.21711414753673,57.953569636409725,15122.3798828125,140367900,29331100,543501000,5604950000
2024-01-22,168.17999267578125,388.95281982421875,59.6175537109375,15360.2900390625,174.72000122070312,392.98447186970276,60.294142049642225,15438.849609375,164.14999389648438,386.088459710553,59.03391087179113,15333.6298828125,174.38999938964844,392.3959014424087,60.012312843126566,15393.0498046875,122973800,27016900,452955000,5456240000
2024-01-23,168.4199981689453,391.2972412109375,59.836421966552734,15425.9404296875,169.6300048828125,391.7681035262422,59.87339811111822,15432.349609375,164.27000427246094,386.42196470997874,58.549206851243994,15337.23046875,166.5,388.2072839775827,59.53360568004521,15391.41015625,76830500,20525900,294654000,5207680000
2024-01-24,178.2899932861328,394.887451171875,61.32450866699219,15481.919921875,180.5800018310547,397.8989460414398,62.810599654408506,15629.0703125,170.55999755859375,392.81768084560895,59.901378913458146,15468.91015625,172.5500030517578,393.8869025225433,60.26715642389318,15560.6103515625,125516400,24867000,560271000,4983210000
2024-01-25,180.3300018310547,397.1534729003906,61.5793571472168,15510.5,184.9199981689453,399.25270045475327,62.680685096135214,15597.25,177.6300048828125,394.858075159448,60.81282362309359,15430.6796875,183.41000366210938,396.6139674673759,62.3119072339738,15555.6201171875,127171400,21021200,482777000,5281570000
2024-01-26,177.25,396.23138427734375,60.99371337890625,15455.3603515625,181.22999572753906,398.4287118822507,61.74525668401416,15538.83984375,174.14999389648438,394.75997317345707,60.535996808090815,15433.0400390625,175.2899932861328,396.66300059602537,60.92275760795634,15474.849609375,107381200,17803300,390309000,4510530000
2024-01-29,177.8300018310547,401.9111022949219,62.42683410644531,15628.0400390625,178.88999938964844,402.16615650559856,62.45081770403268,15630.580078125,174.39999389648438,396.6238165332186,60.86978738467855,15449.8701171875,178.77000427246094,398.3208550483652,61.1945857601441,15470.66015625,89384500,24510200,348733000,4979310000
2024-01-30,172.05999755859375,400.80255126953125,62.73565673828125,15509.900390625,178.47999572753906,405.1775383466925,63.45421935159413,15619.23046875,169.52000427246094,398.7033537683388,62.22197074363452,15484.669921875,176.1300048828125,404.4026167586847,62.86158304254552,15604.080078125,122265700,33477600,410735000,4719240000
2024-01-31,167.69000244140625,390.0024108886719,61.48940658569336,15164.009765625,171.3000030517578,407.4043201802484,62.230953792991116,15405.5595703125,162.55999755859375,389.639467600293,60.662912229529944,15158.490234375,165.74000549316406,399.20363992935813,61.40245794445025,15324.1904296875,133157300,47871100,453795000,5875610000
2024-02-01,170.47999572753906,396.0842590332031,62.98849868774414,15361.6396484375,171.13999938964844,400.2238302394902,63.1523999678792,15372.1298828125,165.86000061035156,394.1419855506921,61.61234096321601,15208.8798828125,169.27000427246094,394.17141257606636,62.06206301871128,15254.01953125,91576700,30657700,369146000,5046920000
2024-02-02,177.66000366210938,403.3824768066406,66.11959075927734,15628.9501953125,179.0,404.7852149654356,66.55931680667902,15664.2099609375,173.0500030517578,395.86846668943514,63.65109449153059,15366.7802734375,173.7899932861328,396.11370188933375,63.934921410632114,15403.16015625,82134300,28256700,476578000,4800690000
2024-02-05,174.22999572753906,397.9186096191406,69.28964233398438,15597.6796875,180.00999450683594,403.32360273614995,69.45454244217241,15637.8798828125,171.11000061035156,396.290244380319,67.16394292298222,15471.6796875,179.08999633789062,402.08760781050484,68.18331639891433,15613.990234375,76349200,25352300,680078000,4831020000
2024-02-06,167.8800048828125,397.76165771484375,68.18132781982422,15609.0,173.8800048828125,400.1944015675409,69.71139089039546,15652.75,165.5,395.23084373526007,66.25950589737128,15515.25,173.14999389648438,398.14423897907153,69.58746608269533,15638.1904296875,68854100,18382600,683111000,4759640000
2024-02-07,170.94000244140625,406.15850830078125,70.05616760253906,15756.6396484375,172.97000122070312,406.4037434899342,70.17709586585252,15770.6796875,168.1999969482422,399.63525825649936,67.55869397580136,15645.8095703125,169.47000122070312,399.67450426882596,68.27725642617484,15690.349609375,53665400,22340500,495575000,4567580000
2024-02-08,169.35000610351562,406.21734619140625,69.59845733642578,15793.7099609375,172.1699981689453,407.63972220628386,70.7507528828607,15813.26953125,168.60000610351562,404.6674730294275,69.41257394689296,15739.1796875,170.3300018310547,406.15849214322577,70.03119148834118,15762.23046875,43385300,21225300,414422000,5675850000
2024-02-09,172.47999572753906,412.5346374511719,72.08895874023438,15990.66015625,175.10000610351562,412.79951062359436,72.14092131617106,16007.2900390625,168.66000366210938,407.17870911735395,70.16912645922251,15831.759765625,171.0,407.3356632361391,70.48992960228337,15842.3798828125,56375700,22032800,436637000,5797260000
2024-02-12,171.91000366210938,407.3454895019531,72.20386505126953,15942.5498046875,177.41000366210938,412.7210259706923,74.56542046599529,16080.0703125,170.6699981689453,406.8452001103824,71.2064736279646,15917.8701171875,172.67999267578125,412.54446380988065,72.55564739281085,15980.6201171875,58177100,21202900,613710000,5458490000
2024-02-13,171.5399932861328,398.5758361816406,72.08395385742188,15655.599609375,173.1699981689453,402.25436384146246,73.40514518374027,15770.419921875,164.3000030517578,395.7016870880575,69.5774897432117,15551.4404296875,167.94000244140625,397.22213321307663,70.35701222131028,15598.8798828125,63071300,27824900,602580000,5599860000
2024-02-14,178.6999969482422,402.4281921386719,73.85486602783203,15859.150390625,178.74000549316406,402.772162264522,74.19065934700839,15865.509765625,172.8800048828125,397.5930560545051,71.89406636072601,15683.9404296875,173.47000122070312,401.03269733042293,73.15729429339046,15781.7099609375,57402500,20401200,504917000,5092660000
2024-02-15,176.75999450683594,399.5487976074219,72.61360931396484,15906.169921875,180.5,402.07448469518283,73.92980608164119,15911.2197265625,175.25999450683594,397.3179549607251,72.35577132172895,15779.7197265625,179.13999938964844,401.1015670196542,73.82387565740021,15865.2998046875,51126400,21825500,420122000,6049100000
2024-02-16,173.8699951171875,397.0919189453125,72.56863403320312,15775.650390625,180.3300018310547,401.2489827226472,74.35654245789623,15917.41015625,173.25,396.48261574205486,72.45670295069786,15752.01953125,177.4499969482422,400.92465682975353,74.05472502125532,15910.4296875,53940300,22296500,495327000,5223800000
2024-02-20,165.69000244140625,395.84381103515625,69.40957641601562,15630.7802734375,171.80999755859375,397.51447618664315,71.91204456852859,15730.4697265625,162.0,391.1462443294289,67.69262359545532,15508.5,171.13999938964844,396.2860326967427,71.90304738257117,15679.83984375,66550000,24307900,704833000,5595700000
2024-02-21,164.2899932861328,395.24432373046875,67.43079376220703,15580.8701171875,164.89999389648438,395.35244235543763,68.8459293516135,15583.6796875,161.80999755859375,390.3698682526408,66.20754225691248,15451.650390625,162.74000549316406,393.2690069492409,67.96446422295412,15532.1201171875,48365700,18518900,673755000,4845740000
2024-02-22,181.86000061035156,404.5509948730469,78.49002075195312,16041.6201171875,183.8300018310547,405.710638303165,78.52699308470093,16061.8203125,172.0,401.52412337910727,74.17465795695503,15869.240234375,173.1999969482422,403.1161813071161,74.97916646287784,15904.48046875,100684700,27009900,865100000,5653930000
2024-02-23,176.52000427246094,403.2635803222656,78.76885223388672,15996.8203125,183.8000030517578,408.6883757427927,82.34366290568272,16134.2197265625,174.5500030517578,401.9172111140197,77.5226123761237,15954.5,181.86000061035156,408.5016799323737,80.74064650613892,16094.7998046875,69207400,16295900,829388000,5077910000
2024-02-26,176.00999450683594,400.51190185546875,79.04369354248047,15976.25,179.83999633789062,405.05222425854834,80.59674521460998,16054.900390625,174.80999755859375,400.3349831970826,78.45704646976243,15973.900390625,178.77999877929688,404.3642838981377,79.6513162598183,16014.4501953125,45435100,16193500,503973000,5417630000
2024-02-27,178.0,400.4529113769531,78.65292358398438,16035.2998046875,178.4600067138672,401.2784217577938,79.43145470230726,16046.099609375,172.49000549316406,396.8855068799419,77.11486980989693,15940.509765625,175.9199981689453,400.9540958991776,79.33250852556469,16013.98046875,43665200,14835800,391705000,5423020000
2024-02-28,176.5399932861328,400.6887512207031,77.61555480957031,15947.740234375,176.83999633789062,402.2414904650158,78.88477556464643,16003.5595703125,173.58999633789062,398.33014591696406,77.07788148076835,15924.7197265625,176.25,401.14080998935714,77.57258181183745,15969.1396484375,35914400,13183100,393110000,5581690000
2024-02-29,192.52999877929688,406.5067138671875,79.06368255615234,16091.919921875,193.0,407.05705416129825,79.94114467845763,16115.9599609375,179.82000732421875,398.9198455368932,78.30214690396402,15931.7001953125,179.82000732421875,401.59293981884394,79.04569580641504,16059.33984375,105538500,31947300,507289000,6265340000
2024-03-01,202.63999938964844,408.3345947265625,82.22872924804688,16274.9404296875,202.72000122070312,408.6982091819838,82.24972013852617,16302.240234375,195.4199981689453,403.79427262351686,79.38646508056598,16096.599609375,197.91000366210938,404.17753137688453,79.95112232187887,16109.830078125,103820800,17823400,479135000,5457910000
2024-03-04,205.36000061035156,407.76458740234375,85.18492126464844,16207.509765625,211.00999450683594,410.1526740907754,87.6414196546175,16289.0595703125,203.5,405.2094192211678,83.6678509917937,16199.0595703125,205.16000366210938,406.3100996705869,84.07859536447201,16264.2099609375,86835300,17596000,615616000,5725470000
2024-03-05,205.1300048828125,395.70623779296875,85.91551971435547,15939.58984375,205.3300018310547,407.1062001502952,86.04844794548417,16087.5703125,199.14999389648438,393.7309209213856,83.36995895717057,15862.6298828125,200.5,406.821192843755,85.22191083370436,16077.740234375,65407100,26919200,520639000,6356800000
2024-03-06,210.6300048828125,395.1558532714844,88.64997100830078,16031.5400390625,214.80999755859375,398.1729175476419,89.67339555623481,16128.5595703125,207.32000732421875,391.51967869638725,86.98091470216241,15956.66015625,210.42999267578125,396.0206822488724,87.97235961581464,16092.0,86687000,22344100,582520000,5511370000
2024-03-07,211.3800048828125,402.08428955078125,92.61672973632812,16273.3798828125,213.8300018310547,402.71323699020854,92.71467403344542,16309.01953125,208.22000122070312,395.30325783772497,89.55145830366479,16096.009765625,212.52000427246094,399.11635103541613,90.10714445366249,16147.3203125,63869000,18718500,608119000,5072790000
2024-03-08,207.38999938964844,399.21466064453125,87.47862243652344,16085.1103515625,227.3000030517578,403.3422428484954,97.34505496163638,16449.69921875,205.60000610351562,397.35723965535834,86.45719580850812,16059.5,213.41000366210938,400.92464441897226,95.0843299936833,16322.099609375,120815200,18002200,1142269000,5411790000
2024-03-11,198.38999938964844,397.5439453125,85.72562408447266,16019.26953125,203.5500030517578,398.68394443475927,88.74691405918401,16085.9501953125,196.6999969482422,394.34018518419236,84.11852931570184,15978.0400390625,203.00999450683594,396.7970720878644,86.3802534333582,16052.6298828125,73098600,16120800,678364000,4917620000
2024-03-12,202.75999450683594,408.1183776855469,91.86116027832031,16265.6396484375,202.85000610351562,408.4033849510457,91.90813084085208,16275.4501953125,194.27000427246094,399.77479973523793,86.10141029804566,15992.98046875,200.52000427246094,400.5904729541975,87.9993412781643,16116.98046875,68951700,22457000,668075000,5100330000
2024-03-13,194.7899932861328,407.9415588378906,90.83675384521484,16177.76953125,198.8300018310547,410.96843068808397,91.45240383335059,16233.2998046875,192.6999969482422,404.354509505231,88.38513402622296,16143.33984375,198.72999572753906,410.8898234934408,91.00365950028424,16220.1103515625,70526900,17115900,635713000,4839000000
2024-03-14,187.05999755859375,417.8869934082031,87.89439392089844,16128.5302734375,196.92999267578125,420.4421618629372,90.5948732884495,16245.3203125,184.02999877929688,410.7816654727546,86.55115025815236,16039.6796875,192.9199981689453,412.99286375239626,89.52647603225017,16209.1904296875,84490500,34157300,602318000,5450980000
2024-03-15,191.05999755859375,409.23876953125,87.7874526977539,15973.169921875,193.8000030517578,415.31218703472393,89.49548835416286,16055.330078125,184.47999572753906,405.67136478668334,86.20834970674177,15925.91015625,184.8300018310547,412.05927102600424,86.88096661769565,16043.580078125,95289500,45079900,642086000,8261950000
2024-03-18,190.64999389648438,410.12322998046875,88.40512084960938,16103.4501953125,193.5,413.4744273628243,92.35289034072188,16247.58984375,188.0500030517578,406.6442696787311,87.03589066625348,16094.169921875,193.2899932861328,407.10616562272253,90.33702946254044,16154.919921875,59306900,20106000,668976000,5025040000
2024-03-19,181.4199981689453,414.1427001953125,89.34758758544922,16166.7900390625,185.61000061035156,414.39822603826195,90.49293740706634,16175.58984375,177.36000061035156,408.38374152289526,84.96206166270107,15951.8603515625,183.16000366210938,410.62442124737834,86.65110342037197,16031.9296875,83509500,19837900,672171000,4758740000
2024-03-20,179.72999572753906,417.8968200683594,90.32102966308594,16369.41015625,182.67999267578125,418.61421185332546,90.35901024319512,16377.4404296875,174.0,413.4056235884817,88.17323967680368,16127.48046875,182.02999877929688,414.7225113763612,89.74634940187569,16185.759765625,81773100,17860100,479063000,5298380000
2024-03-21,178.67999267578125,421.9653625488281,91.3834228515625,16401.83984375,187.69000244140625,423.3903687989113,92.59574371140432,16538.859375,177.66000366210938,419.79348315302326,90.3540050520513,16393.900390625,185.97000122070312,422.41742129377707,92.2479404308415,16517.240234375,75265600,21296200,480372000,5134740000
2024-03-22,179.64999389648438,421.3462829589844,94.2358169555664,16428.8203125,180.75999450683594,422.446963535343,94.72453954495887,16467.619140625,175.0500030517578,418.7223444405752,90.78276394753543,16361.0,177.2100067138672,422.2897491598315,91.0895899885777,16387.830078125,57899100,17648500,586719000,4339930000
2024-03-25,178.6300048828125,415.5676574707031,94.94840240478516,16384.470703125,182.8000030517578,420.03920955948905,96.71140716240863,16441.169921875,172.0,414.33921403828305,93.45724736719572,16315.7197265625,172.89999389648438,417.9066185646381,93.88800396946667,16335.2998046875,71935300,18060500,552136000,4636940000
2024-03-26,177.8699951171875,414.37860107421875,92.50879669189453,16315.7001953125,182.60000610351562,418.6437537771591,96.32064875325118,16476.380859375,176.3300018310547,414.08378659825735,92.44983185631351,16312.9501953125,179.5399932861328,418.27030211340815,95.79694219210086,16446.849609375,65322400,16725600,513648000,5144260000
2024-03-27,179.58999633789062,414.1623229980469,90.19908905029297,16399.51953125,181.22999572753906,417.13026150811925,93.18740022563185,16431.8203125,175.39999389648438,411.78407332169564,89.07272590055334,16279.169921875,179.9600067138672,417.1204243635022,93.05947407876293,16424.759765625,55685600,16705000,586067000,4768930000
2024-03-28,180.49000549316406,413.4645690917969,90.30503845214844,16379.4599609375,183.39999389648438,414.5947310272611,91.24850624285476,16420.919921875,178.3000030517578,411.89215553357553,89.14269241707345,16347.3798828125,179.47000122070312,413.70042062857715,89.9492364441801,16377.23046875,57628600,21871200,435212000,5174450000
2024-04-01,183.33999633789062,417.2481994628906,90.31202697753906,16396.830078125,187.24000549316406,420.5109524938084,92.17297617207028,16490.650390625,179.89999389648438,414.9387197575333,89.15368416261286,16327.8896484375,180.10000610351562,416.6388963047316,90.24806771473163,16397.05078125,74299900,16316000,452441000,4798390000
2024-04-02,178.6999969482422,414.1721496582031,89.40155029296875,16240.4501953125,180.10000610351562,415.0959414899842,90.04318648075638,16251.41015625,174.8300018310547,410.6342266844982,87.57058285516493,16137.240234375,179.47000122070312,412.8650690915943,88.39811114522563,16199.240234375,61598800,17912000,433064000,4710280000
2024-04-03,180.77000427246094,413.19927978515625,88.913818359375,16277.4599609375,182.0500030517578,415.960818454912,90.32302673450899,16340.740234375,176.6999969482422,411.86271762245,88.35014110939444,16169.3095703125,177.5399932861328,412.49169510873463,88.43409336471458,16178.7998046875,49835100,16502300,370067000,5151500000
2024-04-04,165.8300018310547,410.6736145019531,85.85653686523438,16049.080078125,183.02000427246094,421.27754806630895,90.58287298050408,16468.0390625,165.64999389648438,410.368962888124,85.83154944356146,16046.5595703125,182.9199981689453,417.66098731056826,90.35499714995936,16418.5703125,88280000,19370900,434965000,5368700000
2024-04-05,170.4199981689453,418.18182373046875,87.95836639404297,16248.51953125,172.69000244140625,419.15477140454254,88.4310991932804,16326.5,165.5800018310547,411.1060069616712,85.87753991776991,16080.48046875,168.10000610351562,412.76686502075876,86.81700456921507,16095.400390625,66080300,16554800,399678000,4578130000
2024-04-08,169.89999389648438,417.26788330078125,87.08385467529297,16253.9599609375,171.66000366210938,419.91149627913853,88.77989605626742,16323.599609375,166.82000732421875,416.00012113110665,86.68307988880372,16220.7197265625,168.1999969482422,417.8378979159273,88.64996450448324,16285.1796875,43997500,14272400,283220000,4386700000
2024-04-09,170.77999877929688,418.9286804199219,85.30584716796875,16306.6396484375,171.60000610351562,420.3634939121141,87.58556628736338,16348.1796875,167.2899932861328,414.3490398303801,82.97516956737525,16141.150390625,170.2100067138672,419.08592477391875,87.39267436773328,16328.759765625,42886100,12496900,501700000,4869190000
2024-04-10,167.13999938964844,415.9608154296875,86.98991394042969,16170.3603515625,169.77999877929688,416.71752584552905,87.35071040768491,16200.099609375,164.0,412.46221066374153,83.66179013581636,16092.01953125,166.7100067138672,414.90926057255786,83.87867062101493,16104.009765625,59600000,16216600,431929000,5308250000
2024-04-11,170.5,420.55023193359375,90.56489562988281,16442.19921875,170.9499969482422,421.96540116941117,90.68782736368458,16464.599609375,166.5500030517578,415.07628079166767,86.87698174129012,16154.650390625,167.5500030517578,418.4766338120234,87.37069882551852,16236.2001953125,48994500,17966400,431637000,4714750000
2024-04-12,163.27999877929688,414.6242370605469,88.13626098632812,16175.08984375,165.6999969482422,417.84767154999884,90.1241452492344,16341.4599609375,161.82000732421875,412.5309645735886,87.48063273280795,16125.330078125,164.52999877929688,416.7371538463039,89.64840815742117,16293.0302734375,63519600,19253800,426805000,4552740000
2024-04-15,160.32000732421875,406.5067138671875,85.95248413085938,15885.01953125,164.44000244140625,419.4594150607099,90.56188189803133,16295.26953125,158.75999450683594,406.30031376342345,85.88052615088108,15863.8798828125,164.42999267578125,419.2432078029309,89.04773715751944,16276.4697265625,61461200,20273500,443077000,4910550000
2024-04-16,163.4600067138672,407.43048095703125,87.36568450927734,15865.25,164.8800048828125,411.1846115754289,88.06828320485192,15965.7900390625,161.6699981689453,406.59516335126955,86.0154487690154,15822.01953125,162.27999877929688,407.42067380289205,86.38423626140728,15856.3798828125,55302100,16765600,370453000,5001860000
2024-04-17,154.02000427246094,404.7377014160156,83.98759460449219,15683.3701171875,164.4499969482422,411.6563030616971,88.7249183584023,15957.0302734375,153.8800048828125,403.2537321874578,83.90263584788114,15654.509765625,163.97000122070312,410.054408065017,88.2901585822677,15942.2900390625,75909000,15855500,495400000,4991470000
2024-04-18,155.0800018310547,397.2982482910156,84.62324523925781,15601.5,156.9600067138672,404.786864609064,86.14139337931326,15786.1201171875,152.32000732421875,396.983789567324,82.35552770602675,15587.5,155.50999450683594,403.5485840383649,84.9220802095837,15705.6904296875,52669800,21029900,447260000,4932540000
2024-04-19,146.63999938964844,392.23712158203125,76.15702819824219,15282.009765625,154.25,398.4874581931933,84.27644766930946,15576.7001953125,145.2899932861328,390.9103965002531,75.56336900757456,15222.7802734375,151.58999633789062,397.06245162548737,83.10311370735981,15547.099609375,71618200,30565800,875198000,5316010000
2024-04-22,148.63999938964844,394.0453186035156,79.47315216064453,15451.3095703125,149.88999938964844,395.9027393940693,80.02783946358336,15539.0,145.6300048828125,388.9251749817352,76.35691439393003,15265.66015625,148.14999389648438,393.1804896634458,78.05994814693265,15396.1298828125,49397000,20286900,596341000,4616730000
2024-04-23,152.27000427246094,400.5413818359375,82.37651824951172,15696.6396484375,153.5,401.16052215978465,82.72232381135599,15730.349609375,150.35000610351562,396.10914808184776,80.21873912417956,15510.58984375,151.64999389648438,397.26879155025864,80.72345160999099,15525.5498046875,46051900,15734500,438559000,4951670000
2024-04-24,151.74000549316406,402.005615234375,79.63206481933594,15712.75,157.66000366210938,405.3568121940371,84.03457921776213,15839.0,150.6300048828125,399.7649358292137,79.13834013698539,15634.4404296875,156.55999755859375,402.4969925599919,83.90264988256477,15805.599609375,43412600,15065300,512208000,4735870000
2024-04-25,153.75999450683594,392.15850830078125,82.58539581298828,15611.759765625,155.13999938964844,392.99385593125254,83.27600032547527,15644.509765625,146.75,381.3383676792714,78.17887846781115,15343.91015625,149.14999389648438,387.2348968478242,78.82351130528671,15375.259765625,41471400,40586500,424641000,4743640000
2024-04-26,157.39999389648438,399.3128967285156,87.68553161621094,15927.900390625,158.6300048828125,405.8776909237546,88.28119623524096,15981.0,153.42999267578125,398.7625564960581,83.33998364388893,15770.7197265625,154.24000549316406,405.06201771927783,83.77074038243197,15821.33984375,42510700,29694700,551011000,4694400000
2024-04-29,160.1999969482422,395.3130798339844,87.70751190185547,15983.080078125,160.77000427246094,399.31289867869236,87.94237235498613,16021.490234375,156.25999450683594,392.3058528379069,85.21791179771557,15885.8896484375,159.0800018310547,398.261343947103,87.54560070216142,16007.0,43478200,19582100,388971000,4972520000
2024-04-30,158.3800048828125,382.61590576171875,86.35327911376953,15657.8203125,162.2899932861328,395.2246663994194,88.76891600613489,15979.3603515625,158.35000610351562,382.4586913890698,86.25133925368692,15655.669921875,160.6300048828125,394.5662074998568,87.19080401105087,15920.8896484375,60742800,28781400,363709000,5229400000
2024-05-01,144.27000427246094,388.1291809082031,82.99415588378906,15605.48046875,151.3699951171875,394.7922572147303,85.95148630832341,15926.2197265625,142.13999938964844,383.57902141142335,81.20916027802339,15557.6396484375,148.11000061035156,385.8393454420747,85.02901046138126,15646.08984375,89413200,23562500,559863000,5277790000
2024-05-02,146.16000366210938,390.9791564941406,85.76859283447266,15840.9599609375,147.6199951171875,393.0331103770738,86.18835408667036,15862.7900390625,141.16000366210938,387.84416635932274,83.15306466582874,15604.73046875,145.50999450683594,390.80226783236736,84.4013606664833,15758.1103515625,50034700,17709400,377898000,4901610000
2024-05-03,150.60000610351562,399.64703369140625,88.7389144897461,16156.330078125,150.7899932861328,400.1285739017596,89.23063371341577,16204.7099609375,147.24000549316406,394.9297930918896,86.9909005732954,16068.33984375,148.75,395.3425632659736,87.73947860212795,16147.48046875,49361100,17446700,398341000,4887310000
2024-05-06,155.77999877929688,406.4084167480469,92.0880355834961,16349.25,156.64999389648438,406.7916755135943,92.16799229625614,16350.080078125,151.25999450683594,399.36205183771864,89.00477633292259,16197.8603515625,153.10000610351562,401.7108501382599,89.33958648937698,16208.5400390625,44624500,16996600,376203000,4460130000
2024-05-07,154.42999267578125,402.2807922363281,90.50292205810547,16332.5595703125,157.6999969482422,407.5188914123627,91.72922732116892,16397.390625,153.66000366210938,402.035103569306,88.96079315014337,16303.83984375,156.32000732421875,407.5090542684683,91.04661392300342,16358.33984375,37374900,20018200,437342000,5041870000
2024-05-08,153.6199951171875,403.4601135253906,90.36100769042969,16302.759765625,155.3300018310547,405.1209713289568,91.14256430274753,16341.650390625,152.52000427246094,399.69614631705593,89.36956281384657,16226.0703125,153.39999389648438,401.1309897393213,89.43253081814441,16226.0703125,28728000,11792300,325721000,4530190000
2024-05-09,152.38999938964844,405.20947265625,88.69694519042969,16346.259765625,154.08999633789062,405.60256858412407,91.0206307579062,16362.7900390625,150.61000061035156,402.04500095122404,88.18123739175036,16241.98046875,153.1300048828125,403.48965172941627,90.47793776117966,16323.740234375,33018000,14689700,378013000,4505120000
2024-05-10,151.9199981689453,407.5877685546875,89.82730865478516,16340.8701171875,156.3699951171875,408.2167461033718,91.34945233112951,16437.390625,151.30999755859375,404.6984666719322,89.17667483195356,16293.51953125,154.2899932861328,405.8188216837884,90.25406978590553,16389.01953125,37652800,13402300,335325000,4402110000
2024-05-13,150.55999755859375,406.5852966308594,90.34800720214844,16388.240234375,153.3300018310547,411.13545592488975,90.94666832496254,16407.05078125,150.39999389648438,403.7353138522874,88.47905934058139,16334.8603515625,151.27999877929688,410.8013229086305,90.4269573914904,16400.310546875,27859200,15440200,289680000,4452750000
2024-05-14,153.16000366210938,409.3763427734375,91.30447387695312,16511.1796875,153.49000549316406,410.29029755221785,91.59930565354625,16526.26953125,148.77999877929688,404.45273155985166,88.88383529778994,16386.4296875,150.42999267578125,404.91462752191757,89.54846112262796,16391.16015625,31938300,15109300,296507000,7270240000
2024-05-15,159.6699981689453,416.5338439941406,94.57662963867188,16742.390625,159.69000244140625,417.2525598208021,94.80850105677926,16749.740234375,154.6999969482422,410.81374213755174,91.54734077306348,16544.08984375,155.58999633789062,411.433999213995,92.41984953324487,16601.140625,43195900,22239500,417735000,8538990000
2024-05-16,162.6199951171875,414.4761962890625,94.30577850341797,16698.3203125,168.05999755859375,418.8376756715858,95.76495408373688,16797.830078125,159.89999389648438,413.84611435268135,94.04991856770557,16693.44921875,160.9199981689453,415.2736611097877,94.85647021604154,16738.109375,76726700,17530100,323952000,11932600000
2024-05-17,164.47000122070312,413.708251953125,92.42682647705078,16685.970703125,169.72000122070312,416.37634285020215,94.68655257434129,16726.41015625,162.32000732421875,411.56198942365705,91.75420961084316,16613.83984375,168.42999267578125,416.00221762948183,94.31576729412592,16708.490234375,65944400,15352200,359691000,9587280000
2024-05-20,166.3300018310547,418.7588806152344,94.7265396118164,16794.869140625,168.49000549316406,420.1667475860199,95.14630088740084,16823.830078125,164.47000122070312,413.49165301735496,93.38729907778286,16695.689453125,165.5500030517578,413.7082502471213,93.69712178712975,16702.01953125,45618000,16272100,318764000,6861320000
2024-05-21,164.66000366210938,422.4016418457031,95.33219909667969,16832.619140625,165.8300018310547,426.27082729608003,95.3461911389766,16839.01953125,163.10000610351562,418.2764696581723,93.12744211033531,16719.970703125,164.0,420.22581467067795,93.54620449229954,16736.099609375,30005500,21453300,328946000,6245090000
2024-05-22,165.52000427246094,423.8587341308594,94.89645385742188,16801.5390625,169.80999755859375,425.71950537683756,95.96585017054332,16855.26953125,163.86000061035156,420.5212017999642,93.19641666447399,16712.08984375,167.41000366210938,423.43539455106486,95.40516951213256,16839.01953125,47426700,18073700,548648000,7277340000
2024-05-23,160.42999267578125,420.3931579589844,103.74046325683594,16736.029296875,173.13999938964844,426.8910441613392,106.26003756449907,16996.390625,158.27000427246094,418.83761804177703,101.46274160839002,16678.369140625,170.17999267578125,426.27078715380964,101.9704583406549,16996.390625,91888800,17211700,835065000,7752800000
2024-05-24,166.36000061035156,423.5043029785156,106.40895080566406,16920.7890625,167.66000366210938,424.39037161476875,106.41494412748668,16947.80078125,160.25,417.84327052223153,102.94190563238328,16771.580078125,161.41000366210938,420.58025544710625,104.39008586204577,16786.7890625,54868600,11855300,429494000,5836040000
2024-05-28,171.61000061035156,423.661865234375,113.83676147460938,17019.880859375,174.5500030517578,424.15412896604386,114.87417806167193,17032.66015625,164.9600067138672,419.999421868943,109.82102986026253,16917.509765625,169.4199981689453,422.9825388810405,110.18182631936331,16988.310546875,66495400,15718000,652728000,6293380000
2024-05-29,165.13999938964844,422.52960205078125,114.7602310180664,16920.580078125,168.47999572753906,424.2722045863308,115.42685462015827,16989.599609375,162.91000366210938,419.10343616970863,110.83844833840384,16873.970703125,167.4600067138672,419.10343616970863,112.98623828974068,16879.349609375,56537500,15517100,557442000,6652480000
2024-05-30,166.75,408.2540283203125,110.43766784667969,16737.080078125,168.75,417.73500282997145,115.75366768594493,16900.4609375,163.8000030517578,407.8306586642601,109.60114200461162,16690.359375,167.89999389648438,417.73500282997145,114.58532839037406,16878.630859375,46367000,28394500,484553000,6659290000
2024-05-31,166.89999389648438,408.70684814453125,109.5711669921875,16735.01953125,169.5,410.3017776619535,112.65342715935483,16789.26953125,160.07000732421875,398.2511723788605,106.87968513049076,16445.5390625,166.64999389648438,410.3017776619535,112.45653205108225,16771.900390625,64331900,47995300,613263000,6674090000
2024-06-03,163.5500030517578,407.12176513671875,114.93513488769531,16828.669921875,171.0800018310547,409.9867435149057,114.93513488769531,16909.890625,160.91000366210938,402.5929630717942,111.93982368190672,16646.4296875,170.82000732421875,409.1006748520027,113.55691490102478,16865.69921875,59157600,17484700,438392000,5422040000
2024-06-04,159.99000549316406,409.6322937011719,116.37132263183594,16857.05078125,164.8300018310547,409.9965640062738,116.53423270815343,16891.869140625,158.8699951171875,403.34114963612075,113.98067349692546,16750.390625,162.83999633789062,406.04859979558495,115.65073625073813,16823.880859375,48157200,14348900,403324000,4917350000
2024-06-05,166.1699981689453,417.449462890625,122.3709487915039,17187.900390625,167.1199951171875,417.5183569725432,122.37993877462908,17187.919921875,161.3800048828125,409.8587351784671,117.40175277551737,16955.560546875,162.07000732421875,411.3453811328119,118.30424338003813,16974.48046875,60507500,16988000,528402000,5325000000
2024-06-06,166.77999877929688,417.9515380859375,120.92975616455078,17173.119140625,169.50999450683594,418.7293231019465,125.51616477932996,17235.73046875,163.86000061035156,414.0724979392672,118.25326519915947,17123.58984375,165.4600067138672,417.44944957036887,123.97803133753258,17204.869140625,47153700,14861300,664696000,4960580000
2024-06-07,167.8699951171875,417.2919616699219,120.81982421875,17133.130859375,169.4499969482422,419.68435613947076,121.62337164710611,17229.310546875,165.86000061035156,416.4551073364084,117.95544321860926,17090.0390625,166.58999633789062,419.60560716420275,119.70245088550641,17124.140625,44796000,13621700,412386000,4755650000
2024-06-10,160.33999633789062,421.249755859375,121.72129821777344,17192.529296875,165.5500030517578,421.45649821147657,123.0305567964374,17213.44921875,159.61000061035156,417.3313558315188,116.94399587339676,17057.33984375,162.47999572753906,418.1288206635897,120.3021010809677,17083.44921875,67444600,13982900,313434100,5207110000
2024-06-11,158.9600067138672,425.9853210449219,120.85174560546875,17343.55078125,161.5399932861328,426.1231693068597,122.81080030375152,17345.05078125,156.9199981689453,418.670289453605,118.68278538083564,17107.990234375,160.5,418.89674157876317,121.71132421608192,17160.419921875,40497100,14551100,222551200,5009220000
2024-06-12,160.24000549316406,434.2356872558594,125.13966369628906,17608.439453125,162.24000549316406,436.5394779500611,126.8188544177255,17725.390625,158.6199951171875,426.5465300525426,122.51093382538542,17490.640625,160.32000732421875,428.58450914389596,123.00069556163665,17502.150390625,48325800,22366200,299595000,5560630000
2024-06-13,159.89999389648438,434.7475891113281,129.5475311279297,17667.560546875,162.66000366210938,436.5296113185569,129.7374419918796,17741.80078125,157.30999755859375,432.57179200487434,127.09871503024357,17566.3203125,160.39999389648438,434.02890334988575,129.32763594350715,17715.26953125,44442500,15960600,260704500,4916020000
2024-06-14,159.6300048828125,435.7223205566406,131.8164520263672,17688.880859375,161.33999633789062,436.2835084137765,132.7759808624214,17693.4296875,157.61000061035156,429.9628289677156,128.2581700274141,17590.80078125,158.5,431.4986893853765,129.89737910282292,17621.1796875,34054000,13582000,309320400,4973820000
2024-06-17,158.39999389648438,441.4325866699219,130.91688537597656,17857.01953125,159.22999572753906,443.96282953462116,133.66556033801308,17935.990234375,154.13999938964844,433.9009573670922,129.5175660413327,17636.359375,158.0,435.7420189694067,132.92592665460285,17697.30078125,44507700,20790000,288504400,6061200000
2024-06-18,154.6300048828125,439.4339294433594,135.5146484375,17862.23046875,157.24000549316406,443.17515136355723,136.26428691629846,17890.51953125,153.33999633789062,438.00638282722565,130.62700616579136,17796.880859375,156.99000549316406,442.7517817727517,131.07678620278367,17856.759765625,51852000,17112500,294335100,5796180000
2024-06-20,161.77999877929688,438.8038635253906,130.71697998046875,17721.58984375,166.82000732421875,439.6210080275433,140.69216665961412,17936.7890625,155.5,434.4423844149745,129.45759262565218,17650.689453125,155.82000732421875,439.3945559147101,139.73263779444994,17913.939453125,93245700,19877400,517768400,6289300000
2024-06-21,161.22999572753906,442.8207702636719,126.50899505615234,17689.359375,163.1999969482422,443.6083802322018,130.56704338903992,17787.33984375,157.88999938964844,439.60137620942794,124.24009251378381,17620.5703125,161.75,440.45791031268766,127.05873301556977,17681.009765625,61293900,34187100,649445800,8589160000
2024-06-24,160.25,440.743408203125,118.05307006835938,17496.8203125,163.39999389648438,445.74479433203504,124.40000776140424,17730.119140625,158.19000244140625,439.5028940256874,117.98310411428992,17494.01953125,159.75,442.8404263927747,123.18059459700767,17640.259765625,45954100,15913700,476060900,5503210000
2024-06-25,160.25,443.97259521484375,126.02922058105469,17717.650390625,161.0,444.4353242448053,126.43902662016784,17734.33984375,156.4499969482422,439.837568562192,119.26248709669801,17546.630859375,160.72999572753906,441.31435950308355,121.1415781857949,17572.16015625,40572300,16413400,414192600,4848280000
2024-06-26,157.5399932861328,445.1639099121094,126.3390884399414,17805.16015625,160.74000549316406,446.5816317625772,128.0582531537486,17813.55078125,156.0,441.25533495755695,122.54091663746888,17687.0703125,160.60000610351562,442.05279974277113,126.06921428451571,17697.26953125,36973400,16507000,362975900,5294310000
2024-06-27,159.47000122070312,445.8432312011719,123.93025207519531,17858.6796875,160.61000061035156,449.1118693221635,126.34909177016176,17892.779296875,156.80999755859375,444.7799248025884,122.86076797014964,17765.419921875,157.17999267578125,445.18358463488477,124.04019968068097,17793.94921875,34018200,14806300,252571700,5382060000
2024-06-28,162.2100067138672,440.0345458984375,123.48047637939453,17732.599609375,166.4499969482422,448.3341049043701,127.6484653431849,18035.0,159.41000366210938,439.50289267468526,122.6908561052602,17723.830078125,160.22999572753906,446.059848949654,124.51997619753142,17891.099609375,56204600,28362300,315516700,8960940000
2024-07-01,157.69000244140625,449.6632080078125,124.2401123046875,17879.30078125,161.50999450683594,450.2932899171113,124.7798454089979,17894.279296875,153.63999938964844,438.7644825324962,118.77274666283829,17657.640625,161.25,441.71806471797646,123.41051038858464,17773.900390625,50436700,17662800,284885500,5189990000
2024-07-02,164.30999755859375,452.1737060546875,122.61087799072266,18028.759765625,164.5800018310547,452.478907120072,123.35052684202405,18031.2890625,156.6999969482422,446.099159273985,120.9716689903923,17802.240234375,157.0399932861328,446.1877931726741,121.07161927076024,17808.0390625,57838600,13979800,218374000,4526550000
2024-07-03,163.89999389648438,453.6406555175781,128.21817016601562,18188.30078125,165.25999450683594,453.88678735468443,128.21817016601562,18188.30078125,162.50999450683594,450.79538710423196,121.30150730962696,18016.119140625,164.1999969482422,451.1005881786126,121.60136576540062,18016.119140625,26980900,9932800,215749000,3713960000
2024-07-05,171.89999389648438,460.32562255859375,125.76936340332031,18352.759765625,174.0399932861328,461.10340760685847,128.78791231292527,18366.310546875,165.67999267578125,451.8685359116121,125.61943416430904,18197.140625,165.97000122070312,452.4986178155469,127.31861187118912,18200.599609375,61857100,16000300,214176700,4851000000
2024-07-08,178.69000244140625,459.02606201171875,128.13819885253906,18403.740234375,178.9499969482422,460.4634937005408,130.70696731901708,18416.939453125,173.22000122070312,457.27360437796756,126.9787619894619,18342.599609375,174.89999389648438,459.33126311315795,127.42854201917729,18371.859375,60223400,12962300,237677300,5286260000
2024-07-09,177.10000610351562,452.4297180175781,131.3166961669922,18429.2890625,180.41000366210938,460.09916463101644,133.7555228326683,18511.890625,174.6999969482422,450.91353744838284,128.58800070420872,18381.599609375,177.97000122070312,459.77428381745585,130.28719371816868,18465.01953125,43395600,17207200,285366600,4839140000
2024-07-10,183.9600067138672,459.035888671875,134.84500122070312,18647.44921875,187.27999877929688,459.24263100795065,135.03491211498738,18655.189453125,177.8000030517578,451.76021694759896,132.35619546389498,18467.580078125,179.99000549316406,454.0837171765978,133.965420342518,18512.08984375,90247000,18196100,248978600,5228240000
2024-07-11,181.94000244140625,447.6646728515625,127.33860778808594,18283.41015625,187.11000061035156,457.5886969775325,136.0843835595481,18671.0703125,177.25,444.56338714463874,126.98877797734232,18238.779296875,184.07000732421875,455.8165594696292,135.6845824191085,18659.25,59231400,23111200,374782700,6366620000
2024-07-12,181.61000061035156,446.53240966796875,129.177734375,18398.44921875,186.99000549316406,449.2989293786312,131.85643576222122,18556.73046875,179.69000244140625,443.6772860929006,127.15870339191848,18293.599609375,182.02000427246094,447.3003398715442,128.1981955828636,18303.640625,50827400,16324300,252680500,5845930000
2024-07-15,179.8300018310547,446.9360656738281,128.37811279296875,18472.5703125,185.5,450.185024234339,131.32668826604316,18641.529296875,178.5399932861328,444.44521246679955,127.11871779694197,18397.830078125,184.4499969482422,446.28627396172595,130.49708637675548,18485.91015625,42202700,14429400,208326200,5450350000
2024-07-16,177.5500030517578,442.5647277832031,126.29910278320312,18509.33984375,179.75,447.27076735934133,128.97780386568002,18576.830078125,174.52999877929688,439.7489939570935,124.51996185494663,18386.0703125,179.69000244140625,447.19201839056086,128.3781021800115,18534.26953125,40633100,17175700,214769500,5812930000
2024-07-17,159.42999267578125,436.6575927734375,117.93313598632812,17996.919921875,169.8000030517578,437.9670310742686,121.7912763806817,18223.240234375,159.3699951171875,432.38474735385836,116.66375138152577,17972.869140625,169.8000030517578,435.74198947896895,121.29151734126509,18188.189453125,76954200,21778000,390086200,6007280000
2024-07-18,155.77000427246094,433.5563659667969,121.03163146972656,17871.220703125,163.41000366210938,437.7701424222079,122.3410052407324,18130.869140625,153.1999969482422,427.67873564964367,116.50381613075947,17759.5390625,163.41000366210938,437.46494130393756,121.79126728812875,18119.150390625,69420300,20794800,320979500,5977260000
2024-07-19,151.5800018310547,430.3467712402344,117.8731689453125,17726.939453125,155.80999755859375,434.3144456334854,121.54139851435873,17935.140625,150.6199951171875,425.31585048613374,117.31344125378135,17691.4296875,154.86000061035156,426.39883667006126,120.29200089882109,17835.58984375,47513100,20940400,217223800,4992930000
2024-07-22,155.8699951171875,436.0865478515625,123.48047637939453,18007.5703125,156.6999969482422,437.72086686190295,124.01021979256501,18040.990234375,152.5399932861328,432.1189038234256,119.80224918664801,17839.759765625,154.22999572753906,434.95434740544323,120.29201095769186,17923.650390625,43912500,15808800,258068900,5093620000
2024-07-23,154.0,437.967041015625,122.5309066772461,17997.349609375,157.0500030517578,441.4522765923751,124.62990055585173,18128.380859375,153.8000030517578,436.24411798255437,122.04114499757274,17968.099609375,154.9499969482422,437.0317279223722,122.72081753548798,17982.740234375,31950600,13107100,173911000,4938000000
2024-07-24,144.6300048828125,422.2637634277344,114.19493865966797,17342.41015625,153.67999267578125,434.649133994153,119.89218856658098,17747.060546875,144.52999877929688,420.9740350363965,113.38533146913761,17313.51953125,152.72000122070312,433.6350720518326,119.1125656978158,17733.91015625,49203100,26805800,327776900,6735560000
2024-07-25,138.32000732421875,411.9262390136719,112.22589111328125,17181.720703125,144.75,423.1498448431678,116.57379332567128,17544.4609375,136.80999755859375,411.0500252919827,106.24877714220031,17033.9609375,144.07000732421875,422.1653174889069,112.98552700492492,17352.640625,60578500,29943800,460067000,6114350000
2024-07-26,139.99000549316406,418.68994140625,113.00550842285156,17357.880859375,141.2899932861328,422.28349032231534,116.14399449340688,17454.5703125,138.27000427246094,410.8137224917234,111.52622597755057,17239.990234375,140.32000732421875,411.7293557750341,116.13400480341201,17331.94921875,49435800,23583800,293399100,5281560000
2024-07-29,139.75,420.1274108886719,111.53621673583984,17370.19921875,144.58999633789062,425.46353285919287,116.22395888086476,17535.3203125,138.75,418.12882136064246,111.24636320886141,17299.830078125,141.19000244140625,424.9023450000168,113.63521076393421,17444.390625,47447200,15125800,248152100,4897230000
2024-07-30,138.44000244140625,416.3763122558594,103.68001556396484,17147.419921875,141.6999969482422,422.41143955979663,111.93602955521253,17468.560546875,134.0500030517578,410.9023126509883,102.49058658822665,17015.380859375,139.8800048828125,421.1020314288797,111.46625482947668,17424.099609375,68801700,32687600,486833300,5564310000
2024-07-31,144.47999572753906,411.87701416015625,116.9636001586914,17599.400390625,153.60000610351562,415.2539356882569,118.28296369436077,17693.98046875,140.02999877929688,405.83200193737093,110.82655987338046,17438.599609375,150.72999572753906,413.9937419087569,112.84559062727486,17499.23046875,114306800,42891400,473174200,6292560000
2024-08-01,132.5399932861328,410.65625,109.1573715209961,17194.150390625,147.2899932861328,420.84611560670436,120.1020993651303,17791.580078125,130.24000549316406,406.69846027697463,106.75852653969832,17051.419921875,145.0,414.27933402476685,117.4733618639685,17647.029296875,94731900,30296400,523462300,6664550000
2024-08-02,132.5,402.1695556640625,107.21829223632812,16776.16015625,137.10000610351562,408.57883813707474,108.66759790813096,16920.630859375,131.3300018310547,398.08377329176966,101.32114215166182,16582.7890625,133.5,406.10766494731143,103.7099895556254,16780.44921875,78562000,29437900,482027500,6313870000
2024-08-05,134.82000732421875,389.0359802246094,100.4015884399414,16200.080078125,139.13999938964844,394.8348607957488,103.36016867781126,16453.4609375,121.83000183105469,379.61404618021845,90.6462974352404,15708.5400390625,122.16000366210938,383.1485258419234,92.0156323292122,15712.5302734375,76089400,40709200,552842400,6852190000
2024-08-06,130.17999267578125,393.4269714355469,104.19976043701172,16366.849609375,136.44000244140625,399.39323499306323,107.65809209854007,16620.310546875,129.10000610351562,392.3341604668248,100.50154657010994,16137.650390625,135.14999389648438,393.81095153508136,103.78995436151921,16261.3603515625,64455600,24946500,409012100,5908930000
2024-08-07,128.6699981689453,392.2652587890625,98.86234283447266,16195.8095703125,136.24000549316406,403.7349973998657,108.74757662368853,16709.810546875,128.3699951171875,391.32012086399686,98.64244762367623,16179.5302734375,133.75,402.3173055349637,107.7580481751046,16622.310546875,54676500,20650900,411440400,5913620000
2024-08-08,136.32000732421875,396.4593200683594,104.91941833496094,16660.01953125,136.47999572753906,399.58025493530266,105.44916171874115,16694.25,128.94000244140625,393.75186986205176,97.47300376138202,16262.9296875,131.97000122070312,396.2131882314223,101.95084829679239,16408.26953125,49037500,20203000,391910000,5815880000
2024-08-09,134.27000427246094,399.7378234863281,104.69951629638672,16745.30078125,135.5,401.736413003281,106.54862317361375,16789.220703125,132.44000244140625,396.0360207139592,103.38015276837264,16574.5703125,134.69000244140625,397.7786234799922,105.58908675557784,16636.51953125,40583000,19276700,290844200,5783410000
2024-08-12,136.77000427246094,400.51556396484375,108.96746063232422,16780.609375,137.99000549316406,402.4354042920839,111.01647580125626,16895.7890625,133.22999572753906,397.98532149531104,106.20879614847053,16699.390625,134.44000244140625,400.7616957993417,106.26876479464013,16793.640625,39724300,16762900,325559900,4890850000
2024-08-13,141.1300048828125,407.6042175292969,116.08402252197266,17187.609375,141.19000244140625,408.52967573215994,116.1739831093698,17192.7890625,137.52000427246094,403.23291326546496,111.52622277964618,16943.94921875,138.1199951171875,403.2525929980432,112.38580888904526,16944.740234375,42218000,19414300,312646700,5469160000
2024-08-14,140.75,410.4100646972656,118.02310180664062,17192.599609375,143.25,411.25677385836923,118.54284787534027,17260.73046875,137.63999938964844,406.0683254390975,114.0150319977807,17032.169921875,143.0,408.3819407203729,118.4728819117515,17227.640625,35506400,18267000,339246400,4985480000
2024-08-15,147.36000061035156,415.2626953125,122.80079650878906,17594.5,147.9600067138672,415.34158622213624,123.180610648127,17602.720703125,141.80999755859375,411.9388626649199,117.41339446628129,17375.41015625,143.0,414.0495331175792,118.70277375276062,17394.5390625,43582400,20752100,318086700,5478170000
2024-08-16,148.55999755859375,412.73773193359375,124.51996612548828,17631.720703125,149.3699951171875,415.56841339671666,124.93976189528415,17674.650390625,145.1999969482422,411.5837455377081,121.12160307679298,17502.830078125,145.6999969482422,414.8385596674218,121.88123896431732,17516.400390625,31123900,22775600,302589900,5138150000
2024-08-19,155.27999877929688,415.7558898925781,129.93736267089844,17876.76953125,155.3699951171875,415.9728775412764,129.93736267089844,17877.439453125,147.72000122070312,410.75533141999813,123.36053125322975,17585.580078125,148.42999267578125,413.2210864735919,124.22011749326396,17649.740234375,60766900,15234000,318333600,5564300000
2024-08-20,156.39999389648438,418.9810485839844,127.18867492675781,17816.939453125,162.0399932861328,420.0265262237166,129.81741234204915,17932.529296875,154.50999450683594,415.86436096713305,125.82932973595075,17758.19921875,156.49000549316406,415.92353667507666,128.3381146113763,17849.08984375,76851200,16387600,300087400,5305260000
2024-08-21,157.80999755859375,418.330078125,128.4380645751953,17918.990234375,158.64999389648438,420.5590998224222,129.28766098618868,17963.0703125,155.07000732421875,415.9432144212139,126.59895509298427,17790.98046875,156.1199951171875,418.27087232284174,127.25863301570179,17840.509765625,42791200,16067300,257883600,4765150000
2024-08-22,151.6999969482422,409.8577575683594,123.68037414550781,17619.349609375,159.83999633789062,420.94381179948715,130.68699853485288,18017.689453125,151.00999450683594,408.9306313403218,123.04068313749794,17589.150390625,158.8699951171875,418.54707521874735,129.95735455339707,17993.720703125,45737300,19361900,376189100,5065360000
2024-08-23,154.97999572753906,411.0807800292969,129.30763244628906,17877.7890625,156.39999389648438,413.51694694228206,129.53753255606168,17941.26953125,151.8300018310547,406.4451490290269,125.15963905002394,17700.26953125,153.60000610351562,411.2681797994915,125.79932992863567,17772.73046875,43694600,18493800,323230300,5380810000
2024-08-26,149.99000549316406,407.8260192871094,126.39905548095703,17725.76953125,158.27999877929688,411.564112431912,131.19673768949764,17909.08984375,148.91000366210938,405.705475929342,124.31006635411407,17645.689453125,154.6999969482422,410.6665739670887,129.50756494551362,17867.849609375,49893300,13152800,331964700,5110940000
2024-08-27,150.5,408.17120361328125,128.23817443847656,17754.8203125,151.6999969482422,408.68406980179446,129.1377346219971,17789.720703125,148.44000244140625,404.6303831532702,123.82029866993177,17573.369140625,150.1300048828125,407.2046168469379,124.98974063480068,17655.51953125,35102700,13492900,303134600,4362380000
2024-08-28,146.36000061035156,404.9755859375,125.5494613647461,17556.029296875,150.42999267578125,409.3153084895278,128.26815164825356,17759.939453125,144.72000122070312,401.7306441001557,122.58089157173563,17439.400390625,149.39999389648438,409.1969570716752,128.05824614963967,17738.80078125,34075800,14882700,448101100,5211920000
2024-08-29,145.49000549316406,407.4610595703125,117.5333251953125,17516.4296875,149.49000549316406,416.26872882049446,124.37003270157089,17789.2109375,144.47000122070312,404.975589475056,116.65375204642187,17482.599609375,146.58999633789062,409.2561363555491,121.30151255769351,17610.5703125,31602100,17045200,453023300,5727780000
2024-08-30,148.55999755859375,411.4259948730469,119.3124771118164,17713.619140625,148.99000549316406,411.7711764633265,121.69132742002542,17720.380859375,145.25,406.4846126518204,117.16351169383461,17498.7890625,147.52000427246094,409.90708149754283,119.47239604079388,17650.490234375,31169100,24308300,333751600,5531150000
2024-09-03,136.94000244140625,403.8314208984375,107.94795227050781,17136.30078125,146.49000549316406,414.1284143405953,116.15399476413343,17585.44921875,136.10000610351562,401.4544298925835,107.238295351223,17057.7890625,146.41000366210938,412.1853985449122,115.95409419910477,17585.44921875,42172700,20313600,477155100,5813970000
2024-09-04,140.8699951171875,403.2988586425781,106.1588134765625,17084.30078125,143.3699951171875,405.6068015782242,113.21540862229497,17232.650390625,138.50999450683594,398.830912042889,104.06982436712501,16984.669921875,140.50999450683594,400.3498254636215,105.3592035946603,17015.7109375,42130600,15135800,372470300,5011820000
2024-09-05,139.44000244140625,402.79583740234375,107.15834045410156,17127.66015625,141.7100067138672,407.44131080829675,109.59716719188593,17295.580078125,137.8300018310547,400.56678553175374,104.70952402528704,17035.0703125,138.1999969482422,402.0363656944642,104.93940893047393,17063.240234375,25023000,14195500,306850700,4983030000
2024-09-06,134.35000610351562,396.1974792480469,102.78045654296875,16690.830078125,139.1300048828125,405.02486305915306,108.09789296916705,17166.5390625,132.11000061035156,395.3097834719027,100.90135747929331,16668.5703125,138.6999969482422,403.4566466739337,107.9879453590278,17137.619140625,39993500,19609500,413638100,5549030000
2024-09-09,138.14999389648438,400.1623840332031,106.41869354248047,16884.599609375,138.4499969482422,403.0522412027111,106.4986568208146,16923.279296875,134.86000061035156,396.641279237834,103.64003443897201,16732.83984375,136.10000610351562,401.66155199530795,104.82945579489092,16835.669921875,27194500,15295100,273912000,5132150000
2024-09-10,142.83999633789062,408.5262756347656,108.04789733886719,17025.880859375,143.0800018310547,410.627073483588,109.34727382600163,17036.0703125,137.25,402.11531302402886,104.89941402443941,16801.130859375,139.05999755859375,402.6084639940855,107.75803619556127,16949.640625,37217500,19594300,268283700,4963740000
2024-09-11,149.86000061035156,417.24517822265625,116.8536605834961,17395.529296875,150.16000366210938,418.1821469994098,117.13352442144715,17420.23046875,140.7100067138672,403.9695325309428,107.36822866067497,16787.83984375,145.32000732421875,409.8084532189213,109.33728046789619,17061.41015625,50935400,19266900,441422400,6086930000
2024-09-12,150.77000427246094,421.15087890625,119.0927734375,17569.6796875,151.5399932861328,421.5158057652536,120.7421209186122,17605.720703125,147.64999389648438,414.00019068126096,115.33426173002456,17338.3203125,148.42999267578125,417.51142276722317,116.79368208487448,17413.890625,29233700,17395700,366052700,4983120000
2024-09-13,152.30999755859375,424.6917724609375,119.05278015136719,17683.98046875,153.02999877929688,425.9147773030141,119.91243980632909,17719.140625,150.6999969482422,419.63203841011375,117.55337484057826,17564.609375,152.32000732421875,419.9969653323754,119.03279143615939,17575.259765625,25117200,15874600,238358300,4802880000
2024-09-16,152.0800018310547,425.4314880371094,116.73370361328125,17592.130859375,154.44000244140625,427.5914917589124,118.13315013570288,17618.400390625,150.91000366210938,422.3542307072933,114.31466480568342,17480.66015625,151.6999969482422,424.7016342113202,116.74370178435876,17573.69921875,27677800,13834700,248772300,4675530000
2024-09-17,150.82000732421875,429.1892395019531,115.54417419433594,17628.060546875,154.0399932861328,435.79747386739723,118.75290839853001,17781.740234375,149.22999572753906,426.34868538784633,114.78448096424103,17544.640625,153.5500030517578,434.199669703098,118.12315326201993,17707.01953125,29889000,18874200,231925900,4959520000
2024-09-18,148.2899932861328,424.9087219238281,113.32505798339844,17573.30078125,152.82000732421875,430.05721907964937,117.65333558843457,17832.69921875,148.00999450683594,424.5142071811442,113.17511592459984,17556.4296875,150.89999389648438,429.04132931995406,115.84405559100924,17663.380859375,26320100,18898000,310318900,5611630000
2024-09-19,156.74000549316406,432.6807861328125,117.82327270507812,18013.98046875,159.25,435.452292084435,119.6125639674696,18099.9296875,152.77000427246094,430.91529729082623,117.2035157611041,17909.75,153.80999755859375,435.1860014052933,117.30347459042382,17980.890625,44500000,21706600,293506400,5574650000
2024-09-20,155.9499969482422,429.3076171875,115.95401763916016,17948.3203125,157.4499969482422,433.22323693457605,118.57298181753792,18024.33984375,152.47000122070312,428.27201223229315,115.3442588328446,17835.640625,156.0,431.23091793236443,117.01359501507952,17999.349609375,40248200,55167100,382462400,9914480000
2024-09-23,156.75,427.57177734375,116.21392059326172,17974.26953125,157.19000244140625,430.48135010026584,116.94362697511984,18021.580078125,154.97000122070312,424.4945200082598,114.81447398076047,17936.369140625,156.4499969482422,428.33121902605126,116.50380656220895,17994.91015625,21728500,15128900,206228500,5237310000
2024-09-24,158.32000732421875,423.2911682128906,120.82209014892578,18074.51953125,159.63999938964844,427.41390262464773,121.75172180406905,18091.9609375,154.5800018310547,420.26321438100086,115.33426088161053,17863.380859375,157.4600067138672,427.0686909653906,116.47380837806097,18046.439453125,27531200,17015800,354966800,5347580000
2024-09-25,162.02000427246094,426.1908874511719,123.4610366821289,18082.2109375,162.9499969482422,427.18706197372046,124.89047006468225,18155.0390625,158.17999267578125,422.6994004960537,121.5617884105282,18040.619140625,158.5,423.94212038705155,121.97162190060216,18050.359375,35233300,13396400,284692900,4858060000
2024-09-26,167.49000549316406,425.40185546875,123.99082946777344,18190.2890625,168.67999267578125,429.33719028271923,127.61938773200264,18327.33984375,164.0500030517578,423.2517246244965,121.75171957511898,18071.740234375,167.05999755859375,429.1300753187062,126.74973749484685,18327.33984375,38044900,14492000,302582900,5669210000
2024-09-27,164.35000610351562,422.1569519042969,121.35187530517578,18119.58984375,168.72999572753906,425.9345052473445,123.98082995705606,18238.279296875,163.74000549316406,421.61449786891575,119.21272426875333,18069.1796875,167.47999572753906,425.60900874647825,123.92085618310571,18228.779296875,27876000,14896100,271009200,5367890000
2024-09-30,164.0800018310547,424.40570068359375,121.39186096191406,18189.169921875,165.0800018310547,424.52408219664926,121.45183473616015,18198.16015625,162.17999267578125,419.54323948144145,118.1031642748816,17997.560546875,163.10000610351562,422.3443332995087,118.26309688166123,18069.830078125,21881600,16807300,226553700,5846150000
2024-10-01,159.75,414.9273376464844,116.95362091064453,17910.359375,165.39999389648438,422.6106376703255,122.3914669216292,18162.720703125,158.0800018310547,413.07308530803846,115.74410147280143,17779.76953125,164.47999572753906,422.5810498180969,121.72172671524483,18154.939453125,31831900,19092900,302094500,5879980000
2024-10-02,159.77999877929688,411.41607666015625,118.8028793334961,17925.119140625,163.10000610351562,417.02813633754084,119.33266799005563,17978.580078125,158.6699981689453,411.00181665833355,115.09435111120959,17767.7890625,159.30999755859375,416.7914034366954,116.39383876517695,17867.119140625,24630400,16582300,221845900,5489040000
2024-10-03,162.85000610351562,410.834228515625,122.80130004882812,17918.48046875,166.7899932861328,413.8029769595959,124.31070361178112,18011.25,159.39999389648438,408.6150490966078,120.29229289145833,17826.419921875,159.7100067138672,411.9092940444477,120.87206480654892,17859.490234375,29598800,13686400,277118000,5208990000
2024-10-04,170.89999389648438,410.3608093261719,124.87046813964844,18137.849609375,171.2100067138672,414.00026612845136,124.99042330586191,18145.279296875,164.4199981689453,409.28574375388894,121.7816969667545,17952.30078125,166.52999877929688,412.5109404707377,124.89046448053544,18130.419921875,44556500,19169700,243678100,5136070000
2024-10-07,170.97000122070312,403.9300842285156,127.66937255859375,17923.900390625,172.41000366210938,411.3963666559109,130.58821322989388,18096.330078125,168.2100067138672,403.3974727803463,124.9004663256647,17900.0390625,171.0800018310547,410.30158600641573,124.94045138468705,18080.119140625,38379900,20919800,346250200,5240320000
2024-10-08,172.8000030517578,409.02923583984375,132.83731079101562,18182.919921875,173.60000610351562,409.9662346464486,133.42707320550807,18203.0390625,170.0,402.5788433485802,129.36868536610157,17989.69921875,171.75,405.2714281620606,130.20834865989482,18017.9296875,34730200,19229300,285722500,5566510000
2024-10-09,171.02000427246094,411.7415771484375,132.597412109375,18291.619140625,174.0500030517578,414.6215919010832,134.46668122269037,18302.05078125,169.5500030517578,408.62485957486433,131.32792651292905,18133.01953125,174.0500030517578,410.16348810998284,134.0568400839603,18179.220703125,33890700,14974300,246191600,5228670000
2024-10-10,164.17999267578125,410.1437683105469,134.75656127929688,18282.05078125,172.00999450683594,411.63309377445904,134.94648840712318,18333.390625,162.0,407.49061385739407,130.94807393580103,18154.1796875,169.75999450683594,409.5421386142519,131.8577168886846,18200.619140625,75113600,13848400,242311300,5855390000
2024-10-11,167.88999938964844,410.61724853515625,134.74656677246094,18342.939453125,169.35000610351562,411.4161507329335,135.72617401836632,18375.529296875,163.00999450683594,407.58929422530787,133.60701929174726,18208.439453125,164.19000244140625,410.4397214022164,133.9568713960576,18217.73046875,42136200,14144900,170209500,5140440000
2024-10-14,165.27000427246094,413.3985900878906,138.01527404785156,18502.689453125,168.89999389648438,418.2314633461143,139.54466630986312,18547.919921875,165.14999389648438,411.80075573680847,136.24597143489578,18423.599609375,167.77000427246094,412.0473312101826,136.4159022137037,18426.66015625,31757200,16653100,232347700,4894710000
2024-10-15,156.63999938964844,413.0040588378906,131.54783630371094,18315.58984375,164.1300048828125,416.69284850861214,138.5150744275185,18564.25,155.74000549316406,409.57174739931537,128.68896947491228,18252.51953125,163.2100067138672,416.3969398711013,137.8153397242487,18515.970703125,50768000,18900200,377831000,6522700000
2024-10-16,156.1300048828125,410.4199523925781,135.66619873046875,18367.080078125,158.27999877929688,410.65665522282575,136.56583584893667,18383.109375,154.9199981689453,404.85722518493617,131.527840530584,18214.9609375,158.07000732421875,409.4829836231505,133.92688301499192,18333.2890625,30575800,15508900,264879700,5257570000
2024-10-17,156.25,411.01177978515625,136.87570190429688,18373.609375,160.44000244140625,416.7126042679644,140.83413853249198,18541.4609375,156.1999969482422,409.8972536844407,136.81572813387166,18368.7890625,160.0,416.57450753710987,139.28475003463748,18537.2109375,29491900,14820000,306435900,5806860000
2024-10-18,155.97000122070312,412.4320068359375,137.94529724121094,18489.55078125,158.00999450683594,413.9015870376485,138.8449343829922,18524.330078125,155.55999755859375,410.55803924257515,137.22558142668973,18452.580078125,157.41000366210938,411.42598973201757,138.61502982502418,18466.009765625,23823000,17145300,176090200,5090190000
2024-10-21,157.89999389648438,413.04351806640625,143.6530303955078,18540.009765625,158.0,413.22104518863654,143.6530303955078,18543.580078125,154.14999389648438,408.08242059822123,137.94528751258602,18377.630859375,155.75999450683594,410.4199513395574,138.07524085271365,18456.48046875,25781200,14206100,264554500,6092180000
2024-10-22,154.08999633789062,421.6539001464844,143.53309631347656,18579.76953125,156.74000549316406,424.6818238542566,144.36276924192205,18620.7109375,151.91000366210938,412.3136207193651,141.72381599778205,18413.470703125,156.60000610351562,412.7574384780567,142.85337309657714,18451.859375,34997400,25482200,226311600,6407180000
2024-10-23,152.91000366210938,418.7837829589844,139.50466918945312,18276.650390625,153.4499969482422,425.1749998576998,142.37352650102258,18509.189453125,150.52000427246094,416.7421308498749,137.40551088320953,18146.609375,153.0,424.95801224079617,141.97369118156848,18502.060546875,26095900,19654400,285930000,6245610000
2024-10-24,153.44000244140625,418.9120178222656,140.35433959960938,18415.490234375,155.19000244140625,420.144895200207,141.293969386979,18435.369140625,152.35000610351562,416.6139175340375,138.40511570705533,18305.419921875,154.74000549316406,419.5037748840412,140.76418072009866,18384.16015625,22877000,13581600,172354900,5761280000
2024-10-25,156.22999572753906,422.2851867675781,141.48388671875,18518.609375,158.91000366210938,426.5953216047658,144.0728716327459,18690.009765625,155.0500030517578,420.72684288279277,140.74418981710016,18487.060546875,155.39999389648438,420.914242666979,140.8741279131319,18512.580078125,29758500,16899100,205122100,6100040000
2024-10-28,159.9199981689453,420.74652099609375,140.4643096923828,18567.189453125,160.27999877929688,426.02324214447043,143.08326638426843,18671.009765625,157.0399932861328,420.46048501920137,139.99449475491215,18563.01953125,158.5,425.7470788183642,142.9433224828564,18648.25,36010100,14882400,173586700,5641660000
2024-10-29,166.25,426.03314208984375,141.19400024414062,18712.75,167.50999450683594,427.2364316805858,142.20359433012132,18753.189453125,158.94000244140625,419.9673609785876,138.8449258203989,18509.58984375,161.10000610351562,422.1372373224,140.23437413304583,18576.08984375,71896000,17644100,157593600,6881170000
2024-10-30,148.60000610351562,426.60516357421875,139.28475952148438,18607.9296875,153.1199951171875,432.4933871760131,140.27437255912164,18785.5,148.10000610351562,426.1810609771617,136.75576367804047,18598.240234375,153.00999450683594,431.4479095602445,139.48467718743143,18731.689453125,87701700,29749100,179418100,6514690000
2024-10-31,144.07000732421875,400.7837829589844,132.70738220214844,18095.150390625,148.67999267578125,410.4594021869807,137.55546626582213,18427.310546875,143.3300018310547,400.7344498042727,132.05764589588958,18083.94921875,147.8000030517578,409.6703426075015,137.54547571977304,18427.310546875,44386600,53971000,270039600,6411940000
2024-11-01,141.86000061035156,404.74871826171875,135.34632873535156,18239.919921875,144.5399932861328,409.80845197934053,137.25557537634637,18363.939453125,141.32000732421875,401.9180365381017,134.5166711244238,18181.529296875,144.44000244140625,403.40736208449033,134.64660922766117,18189.669921875,39027400,24230400,207127800,5896470000
2024-11-04,140.7100067138672,402.8648681640625,135.99607849121094,18179.98046875,143.63999938964844,404.7980415718176,138.90492874894582,18308.30078125,139.72000122070312,400.01447130701087,135.51627301400697,18112.830078125,141.6999969482422,404.18650910637746,137.15562237613318,18220.4296875,29117400,19672300,187528200,5762320000
2024-11-05,141.66000366210938,405.82379150390625,139.8545379638672,18439.169921875,143.0800018310547,409.21667261639857,140.31434706066804,18449.6796875,140.8000030517578,402.49008610038965,137.27555894461494,18250.7109375,141.94000244140625,402.7761220934701,137.39550649112996,18250.7109375,27067300,17626000,160537400,7060340000
2024-11-06,145.10000610351562,414.42437744140625,145.55227661132812,18983.470703125,145.6300048828125,414.69069825173966,146.4319326348536,19000.5,141.52000427246094,404.89669627254005,141.90372967757455,18730.2109375,144.9499969482422,406.77069419877853,142.90333324876622,18772.759765625,32911500,26681800,242043900,8138050000
2024-11-07,149.82000732421875,419.6024169921875,148.8209991455078,19269.4609375,150.1199951171875,421.0029789570154,148.8709671267726,19301.69921875,145.66000366210938,414.12845339700306,146.1120664908763,19084.4296875,146.67999267578125,415.5092700597973,146.33198051831096,19084.4296875,30326400,19901800,207323300,9232670000
2024-11-08,147.9499969482422,416.75201416015625,147.5714874267578,19286.779296875,150.7100067138672,420.65776126477715,149.71063856526422,19318.560546875,147.52999877929688,416.0024150826717,146.20202009433146,19224.4296875,149.38999938964844,419.4939322441371,148.7110349444156,19255.140625,27560300,16891400,175665800,7316010000
2024-11-11,147.35000610351562,412.2840576171875,145.20240783691406,19298.759765625,148.57000732421875,418.9908983471605,148.7909962143961,19366.0703125,144.91000366210938,410.3015812107333,143.51309063046196,19193.2890625,147.3800048828125,416.7322586188732,148.62105018654825,19355.33984375,29868100,24503300,182325600,8087930000
2024-11-12,143.6300048828125,417.2353210449219,148.231201171875,19281.400390625,147.4499969482422,418.626010434167,149.5906625866308,19343.05078125,141.5500030517578,411.48519380527927,145.95210633724608,19168.51953125,147.0,412.52079883366196,146.72180532829077,19289.810546875,33560300,19401200,198634700,7816410000
2024-11-13,139.3000030517578,419.3755798339844,146.21200561523438,19230.720703125,144.49000549316406,423.4489813965326,149.2707898303925,19358.48046875,139.07000732421875,412.4813090867046,145.8421419549503,19191.130859375,142.86000061035156,415.8643474786666,149.01089841600094,19286.4609375,35146600,21502200,191903300,9623670000
2024-11-14,138.83999633789062,421.04241943359375,146.7018280029297,19107.650390625,141.39999389648438,422.304884622317,148.94094569769402,19275.80078125,138.55999755859375,414.24678510633004,145.49231611296014,19073.390625,140.33999633789062,419.17829445283394,147.5814841067195,19256.08984375,31681400,30246900,194463300,8680480000
2024-11-15,134.89999389648438,409.3152770996094,141.9237060546875,18680.119140625,137.35000610351562,417.00841966551917,145.18242335032573,18936.75,133.64999389648438,407.97392100075103,140.02446543358045,18598.869140625,136.57000732421875,414.0692593490907,144.81255966940228,18929.919921875,44217500,28247600,250132900,8002270000
2024-11-18,138.92999267578125,410.06488037109375,140.09442138671875,18791.810546875,140.89999389648438,412.66870168958155,141.49387540802257,18865.279296875,137.2100067138672,406.45501186857297,137.09561095173166,18672.30078125,138.19000244140625,409.1870572477352,139.44468522690033,18717.9296875,38705400,24727000,221205300,8455360000
2024-11-19,139.38999938964844,412.06707763671875,146.95172119140625,18987.470703125,139.75,412.2150169012381,147.07168399645053,18992.080078125,137.13999938964844,405.912533336808,140.9341184421503,18689.830078125,137.41000366210938,407.4511618868994,141.26398946372595,18699.7109375,23131400,18133500,227834900,7246610000
2024-11-20,137.60000610351562,409.798583984375,145.83216857910156,18966.140625,140.77000427246094,411.57394553855335,147.5015047606034,18974.91015625,135.47999572753906,404.9558378403451,142.67341754276418,18724.390625,138.9600067138672,411.1596854793811,147.3515703217148,18971.310546875,28843100,19191700,309871700,7121670000
2024-11-21,137.49000549316406,408.0295715332031,146.6118621826172,18972.419921875,140.27999877929688,414.85856338751086,152.8293979645091,19110.890625,134.92999267578125,405.47983232208855,140.64422730754492,18714.060546875,138.8699951171875,414.5818472703372,149.290807835149,19072.779296875,29311400,20780200,400946600,7492540000
2024-11-22,138.35000610351562,412.1111145019531,141.89373779296875,19003.650390625,139.1300048828125,412.5064188915794,147.1016796207282,19025.76953125,137.0399932861328,406.2407523286384,141.0440838257902,18899.48046875,137.35000610351562,406.5471154925831,145.8721561256333,18966.3203125,21784700,24814600,236406200,6575820000
2024-11-25,141.1300048828125,413.88018798828125,135.96609497070312,19054.83984375,142.35000610351562,416.1433187151558,141.99370385870768,19208.6796875,139.0500030517578,409.9863774439722,135.766177287977,18969.349609375,140.49000549316406,413.474991137145,141.933730079164,19140.58984375,30923100,27691100,344941900,7932980000
2024-11-26,137.72000122070312,422.9723205566406,136.86572265625,19174.30078125,142.8000030517578,424.0100286609721,139.2447840977321,19184.400390625,136.6199951171875,413.93949178519347,135.61621816013385,19100.73046875,142.5500030517578,414.67080652096905,137.64541224160723,19109.080078125,32092400,23458900,190287700,6411770000
2024-11-27,136.24000549316406,418.03094482421875,135.2863311767578,19060.48046875,137.94000244140625,422.22125646736464,137.1655905980091,19133.109375,132.9600067138672,417.07231569319254,131.74774157257602,18937.19921875,137.1999969482422,420.12608556589345,134.95646019838466,19132.990234375,30175300,18332400,226370900,5619090000
2024-11-29,137.17999267578125,418.49542236328125,138.19520568847656,19218.169921875,138.58999633789062,419.8987878079345,139.29477581313424,19245.490234375,135.77999877929688,412.90177557031507,135.99608069190262,19066.51953125,136.24000549316406,415.16493646523105,136.7257870913165,19087.470703125,16085700,16271900,141863200,4042550000
2024-12-02,142.05999755859375,425.9272766113281,138.57504272460938,19403.94921875,142.82000732421875,427.92358362660957,140.39431322408433,19436.919921875,137.8000030517578,416.37063273208213,137.76536630294407,19255.4296875,137.9199981689453,416.62759418862754,138.77496038075373,19255.4296875,33102400,20207200,171682800,6370530000
2024-12-03,141.97999572753906,426.1446838378906,140.20440673828125,19480.91015625,143.4499969482422,427.3997836787713,140.48429454860658,19486.150390625,141.0800018310547,422.72522667678595,137.8953246767264,19340.41015625,142.5800018310547,424.80061260374794,138.2051993772479,19364.33984375,22665300,18302000,164414000,6005160000
2024-12-04,143.99000549316406,432.291748046875,145.08245849609375,19735.119140625,144.1199951171875,434.5153692878957,145.73219470186731,19741.759765625,141.17999267578125,427.5578970490266,140.23437518220274,19575.400390625,142.9600067138672,427.95320145991604,141.94370396224937,19587.48046875,25942700,26009400,231224300,7870030000
2024-12-05,141.36000061035156,437.4308166503906,145.0124969482422,19700.259765625,143.9499969482422,439.4469085884485,146.49200804389403,19790.029296875,140.3800048828125,431.0564531129943,143.9028598130552,19688.58984375,143.67999267578125,432.7859365018672,145.06248362625453,19756.400390625,29576900,21697800,172621200,7229510000
2024-12-06,138.58999633789062,438.36968994140625,142.3933563232422,19859.76953125,142.7899932861328,440.87002757046025,145.65228325014007,19863.150390625,137.39999389648438,436.5907746503493,141.26372149336697,19734.419921875,141.47999572753906,437.1145598403157,144.5526526293818,19743.9609375,33576800,18821000,188505600,6787610000
2024-12-09,130.8699951171875,440.7909240722656,138.7645263671875,19736.689453125,135.77000427246094,443.0738395996816,139.90415231737651,19872.7890625,130.0,435.33565050126293,137.08508402113657,19698.05078125,135.7100067138672,437.41103647885797,138.92447761551347,19824.08984375,57055600,19144400,189308600,7884620000
2024-12-10,127.73999786376953,438.1324462890625,135.0257568359375,19687.240234375,131.55999755859375,444.34871163189086,141.77354545828368,19887.080078125,127.06999969482422,436.42274787532307,133.74616214517607,19641.33984375,131.55999755859375,439.1800467406791,138.96445323342698,19796.390625,38907200,18469500,210020900,6843850000
2024-12-11,130.14999389648438,443.72613525390625,139.2643585205078,20034.890625,131.2100067138672,445.07020661100427,140.12407738797447,20055.9296875,126.22000122070312,438.8440482605507,135.16571086465208,19830.640625,128.52000427246094,438.8440482605507,137.31500040642362,19832.9609375,45588100,19200200,184905200,6639720000
2024-12-12,130.60000610351562,444.2893981933594,137.29501342773438,19902.83984375,132.32000732421875,450.81202644259827,138.39465924672223,20018.240234375,129.07000732421875,443.8446618873549,135.75552453494274,19897.380859375,130.0,443.8446618873549,137.03510407678786,19947.33984375,34267100,20834800,159211400,7047550000
2024-12-13,126.91000366210938,442.0262451171875,134.20602416992188,19926.720703125,131.3000030517578,446.13747735633456,139.55427778956917,20061.650390625,124.7699966430664,440.3560560775405,132.4965775973186,19817.470703125,131.3000030517578,443.1825414368637,138.89449032268433,19995.1796875,67544700,20177800,231514900,6028250000
2024-12-16,126.69000244140625,446.295654296875,131.9567413330078,20173.890625,127.76000213623047,446.87873364714176,134.3559487102744,20204.580078125,123.12000274658203,440.0596337652838,130.3772572956884,19988.119140625,126.01000213623047,442.02629379074256,134.13601958774962,20016.119140625,42090300,23598800,237951100,8855040000
2024-12-17,125.0199966430664,449.1319580078125,130.3472900390625,20109.060546875,127.08000183105469,449.95224407864544,131.54689392732612,20148.830078125,123.1500015258789,444.2993034538041,126.81844751374322,20004.73046875,124.44999694824219,445.72242348242105,129.04771280436398,20095.619140625,43314900,22733500,259410300,9534350000
2024-12-18,121.41000366210938,432.2621154785156,128.86778259277344,19392.689453125,127.75,447.34318887069384,136.6552244722092,20179.76953125,120.43000030517578,431.89642797238076,128.23798405143236,19336.58984375,125.43000030517578,446.0287948744165,133.8161583001621,20114.98046875,49724400,24444500,277444500,9996120000
2024-12-19,118.87999725341797,431.9063415527344,130.63717651367188,19372.76953125,123.37999725341797,437.98423408144293,133.98608501684748,19623.01953125,118.44999694824219,431.2046739034814,129.50755712091288,19357.759765625,122.16000366210938,436.4425256398133,131.7168244915274,19565.66015625,46160700,22963700,209719200,8029590000
2024-12-20,119.20999908447266,431.4814147949219,134.65586853027344,19572.599609375,121.86000061035156,438.53769150433186,135.2356803497186,19758.609375,117.9000015258789,423.60485191230276,128.1779956829599,19168.380859375,118.0,428.0323101896431,129.76747112979962,19190.0390625,53591200,64263700,306528600,10962450000
2024-12-23,124.5999984741211,430.1471862792969,139.62423706054688,19764.880859375,126.33999633789062,432.51904296318025,139.7441928628519,19772.099609375,120.47000122070312,427.7555447705133,135.07572475974197,19504.6796875,120.70999908447266,431.61970806424813,136.23534836132282,19641.05078125,47777900,19152500,176053500,6820720000
2024-12-24,126.29000091552734,434.1793518066406,140.174072265625,20031.130859375,127.51000213623047,434.44620567192754,141.85351466107915,20031.130859375,124.66000366210938,429.0996280307953,138.60457919611483,19813.759765625,127.51000213623047,429.55422661934296,139.9541431061549,19818.48046875,24829600,7164500,105157000,4739190000
2024-12-26,125.05999755859375,432.9736328125,139.8841552734375,20020.359375,127.30000305175781,435.7704710980457,140.8038673288582,20070.080078125,125.05000305175781,431.51100346947777,137.68487898660138,19888.109375,125.5199966430664,433.9322618472237,139.65423488647767,19979.25,24998200,8194200,116205600,6467910000
2024-12-27,125.19000244140625,425.4825439453125,136.96511840820312,19722.029296875,126.18000030517578,430.117561657289,138.97446981750295,19904.76953125,122.26000213623047,421.351556737901,134.66588395063462,19553.400390625,124.37000274658203,429.5048352492743,138.50462254046806,19896.76953125,32924000,18117700,170582600,7765120000
2024-12-30,122.44000244140625,419.849365234375,137.4449462890625,19486.7890625,124.0999984741211,422.5374777077036,140.22403398735426,19622.9296875,122.3499984741211,416.9537232035626,133.97608228188028,19342.509765625,123.55999755859375,421.0649558192297,134.78581438230358,19460.41015625,30501600,13158700,167734700,8384090000
2024-12-31,120.79000091552734,416.5583801269531,134.2460174560547,19310.7890625,123.55000305175781,421.727075036825,138.02479365615312,19563.720703125,120.13999938964844,415.72823181420273,133.7861766339878,19283.41015625,123.0999984741211,421.1044562623139,137.98479821279548,19551.359375,30203400,13246500,155659200,8873030000
2025-01-02,120.62999725341797,413.6726379394531,138.2646942138672,19280.7890625,123.13999938964844,421.0748471756245,138.8345148325783,19517.869140625,119.44000244140625,409.98638702094667,134.58590691715995,19117.58984375,122.29000091552734,420.54116958363784,135.95545329338754,19403.900390625,34256200,16896500,198247200,8737550000
2025-01-03,125.37000274658203,418.3867492675781,144.4226837158203,19621.6796875,125.55999755859375,419.05876986765884,144.85253555834646,19638.66015625,121.41999816894531,414.62141923267626,139.68423069189672,19379.5703125,121.6500015258789,416.1433429164244,139.96413776465596,19395.509765625,36785300,16662900,229322500,8214050000
2025-01-06,129.5500030517578,422.833984375,149.38104248046875,19864.98046875,130.72999572753906,429.2281326887413,152.11015917129038,20007.94921875,127.36000061035156,420.491774572373,147.77158452702758,19785.0,129.07000732421875,422.9822197752049,148.5413213081193,19851.990234375,48020200,20573600,265377400,9586840000
2025-01-07,127.33000183105469,417.418212890625,140.09408569335938,19489.6796875,131.7100067138672,425.6011386030249,153.07983530547875,19940.2109375,126.8499984741211,415.8666120215368,139.9641234037018,19421.01953125,130.50999450683594,423.9704889084133,152.97986196669754,19938.080078125,39220400,18139100,351782200,13371130000
2025-01-08,121.83999633789062,419.58251953125,140.06410217285156,19478.880859375,125.30000305175781,421.9642686702226,143.90284057175748,19544.509765625,120.12000274658203,416.5979364179098,137.51493447299714,19308.5390625,124.51000213623047,418.4954097350683,142.5332942493383,19469.369140625,46723100,15054600,227349900,8851720000
2025-01-10,116.04000091552734,414.03826904296875,135.86549377441406,19161.630859375,118.70999908447266,419.7307186624862,139.87417502688794,19315.109375,114.44999694824219,410.1543211903234,134.17604480086774,19018.75,118.18000030517578,419.65166984768115,137.40498271998055,19312.259765625,59415600,20201100,207602500,8608880000
2025-01-13,117.31999969482422,412.2989196777344,133.18637084960938,19088.099609375,117.4800033569336,413.5935589908242,133.44629547754278,19099.970703125,114.41000366210938,407.456372689251,129.46758770744978,18831.91015625,115.27999877929688,410.3717691669062,129.94744151880715,18903.66015625,39128900,17604800,204808900,7830760000
2025-01-14,116.08999633789062,410.7967529296875,131.71682739257812,19044.390625,118.66000366210938,414.8190138642203,136.33532416409136,19273.140625,114.5,405.90477401390683,130.00739616366573,18926.599609375,118.0,412.9116481684101,136.00543044799826,19207.75,37005300,16935900,195590500,7168110000
2025-01-15,119.95999908447266,421.31201171875,136.1953887939453,19511.23046875,120.41999816894531,423.13043625280113,136.4053114797544,19548.900390625,117.45999908447266,413.3662628653434,131.24699764678536,19299.3203125,117.55000305175781,414.2161960548363,133.60622538989423,19350.310546875,38185800,19637800,185217300,7260250000
2025-01-16,118.44000244140625,419.6022644042969,133.52626037597656,19338.2890625,121.08999633789062,424.45470380326,138.70455649670012,19579.849609375,118.25,419.4145196873236,133.44628474718112,19335.6796875,120.23999786376953,423.67398737859014,138.59459191383036,19573.869140625,29414100,15300000,209235600,7085990000
2025-01-17,121.45999908447266,424.0001525878906,137.66490173339844,19630.19921875,122.73999786376953,429.386270141353,138.45463626831489,19709.640625,120.55000305175781,423.1502495011057,135.41563868932835,19543.3203125,120.77999877929688,429.00082793237107,136.6452315490251,19655.55078125,35765900,26197500,201188800,7996360000
2025-01-21,122.27999877929688,423.476318359375,140.78387451171875,19756.779296875,123.75,425.8481750206776,141.78354697270905,19789.630859375,121.12000274658203,420.61032363697626,137.0450940162502,19551.169921875,122.38999938964844,425.1563998310193,139.1144233323199,19734.390625,31578800,26085700,197749000,8015780000
2025-01-22,123.75,440.9688720703125,147.0218505859375,20009.33984375,125.6500015258789,442.02630472978717,147.7416007949869,20068.51953125,121.91000366210938,430.88844231911156,143.62295473278476,19903.05078125,123.08000183105469,432.4301508467356,144.61263605764083,19903.05078125,35023800,27803800,237651400,7219060000
2025-01-23,123.04000091552734,441.4728698730469,147.17178344726562,20053.6796875,123.70999908447266,441.5124093673138,147.18177468068177,20053.6796875,120.62999725341797,436.32395911733414,143.67292977388993,19892.55078125,121.43000030517578,436.81809723637986,145.0024960002277,19906.990234375,24921100,18389300,155915500,6837700000
2025-01-24,122.83999633789062,438.8539123535156,142.57327270507812,19954.30078125,125.25,441.4135440071518,148.92119854206575,20118.609375,122.2300033569336,436.225094129831,141.83352489203162,19897.130859375,124.55000305175781,439.94102216929423,148.32138900097752,20087.109375,31570300,15549500,234657600,7708150000
2025-01-27,115.01000213623047,429.46527099609375,118.38121032714844,19341.830078125,118.08000183105469,430.0977821935737,128.3579371600633,19514.349609375,112.80000305175781,418.53493945291683,116.66177248371496,19204.94921875,117.80000305175781,419.0389699284215,124.75912547322825,19234.0390625,61067900,35647800,818830900,8870200000
2025-01-28,114.16999816894531,441.95709228515625,128.94775390625,19733.58984375,116.1500015258789,443.1232508667098,128.95774513931468,19759.4296875,112.94999694824219,426.32255685114393,116.21192149182427,19294.619140625,115.18000030517578,429.5048071593075,121.77009783396647,19418.220703125,40554800,23491700,579666400,7121740000
2025-01-29,117.3499984741211,437.1441955566406,123.65947723388672,19632.3203125,118.5199966430664,441.6408703345489,126.8484347440811,19699.8203125,114.95999908447266,435.23682974085557,120.01067894543576,19479.509765625,115.7699966430664,441.4530954449331,126.45856310434583,19695.6796875,40199100,23581400,467120600,6497710000
2025-01-30,118.86000061035156,410.1247253417969,124.60917663574219,19681.75,120.44000244140625,417.90245411076046,124.9590604797062,19785.7890625,117.08999633789062,408.3161931892364,118.06131881584726,19483.830078125,118.52999877929688,413.86040812362955,123.05968123503551,19697.529296875,29788400,54586300,392925500,6679500000
2025-01-31,115.94999694824219,410.19390869140625,120.03067016601562,19627.439453125,119.56999969482422,415.7579084081136,127.80812056780856,19969.169921875,115.33000183105469,410.0456732964256,119.15096116009843,19575.2109375,119.13999938964844,414.06796458574274,123.73945402173636,19832.330078125,40463400,34161900,388161100,7947370000
2025-02-03,114.2699966430664,406.10247802734375,116.62179565429688,19391.9609375,115.16000366210938,410.5398286087579,118.53116613291392,19502.130859375,112.9800033569336,403.8689641166184,112.9729895620065,19141.150390625,113.87999725341797,406.77449861931177,114.71241754878405,19215.380859375,34586100,25679100,371235700,8272460000
2025-02-04,119.5,407.5354309082031,118.61113739013672,19654.01953125,119.8499984741211,409.0672770356713,121.16029755445565,19666.439453125,114.79000091552734,404.9362598096777,116.66177154188583,19408.1796875,115.44999694824219,407.8516865143663,116.92168851369838,19422.169921875,69412100,20532100,256550000,6477050000
2025-02-05,112.01000213623047,408.4446716308594,124.78911590576172,19692.330078125,112.08999633789062,408.97831905399164,124.95905839472358,19696.939453125,106.5,405.5885389886856,120.72044926950534,19498.900390625,107.61000061035156,407.515689607161,121.72012173666313,19533.05078125,110385200,16316700,262230800,6712220000
2025-02-06,110.16000366210938,410.9450378417969,128.63784790039062,19791.990234375,112.55999755859375,413.2971401442444,128.72783001681898,19793.359375,109.0199966430664,409.14636782700785,125.16899078801299,19654.109375,110.93000030517578,409.14636782700785,127.37826606210074,19725.830078125,50426600,16309800,251483600,6642100000
2025-02-07,107.55999755859375,404.9461364746094,129.79747009277344,19523.400390625,109.91999816894531,413.74178783038474,130.32729528258605,19862.5390625,106.79000091552734,403.3154869234488,124.95905898960582,19489.359375,109.12999725341797,411.5972455590395,129.17767804139822,19774.869140625,46082500,22886800,228186300,7748940000
2025-02-10,110.4800033569336,407.38720703125,133.52626037597656,19714.26953125,111.4000015258789,410.5892121947109,134.955784699492,19772.0390625,108.1500015258789,406.10246006462063,129.91744211571256,19650.7890625,108.44000244140625,408.85972888435845,130.04738916543755,19668.1796875,34905400,20817900,216989100,9535440000
2025-02-11,111.0999984741211,406.6163635253906,132.75650024414062,19643.859375,113.06999969482422,407.65404147500567,134.43594258561095,19731.9296875,108.94000244140625,404.50143797348676,130.9770845592916,19579.76953125,108.9800033569336,404.83747842325164,132.53657109173992,19602.109375,35033800,18140600,178902400,9269380000
2025-02-12,111.72000122070312,404.2444763183594,131.09706115722656,19649.94921875,111.83999633789062,405.93442005448907,132.19670709360815,19682.509765625,109.05999755859375,399.6292135248499,129.03773808890557,19415.48046875,109.5199966430664,402.435914112503,129.97743275203294,19436.509765625,25319700,19121700,160278600,7946550000
2025-02-13,111.80999755859375,405.72686767578125,135.24566650390625,19945.640625,114.5999984741211,406.18146622486773,136.455276767875,19952.169921875,110.4000015258789,401.59585076694265,131.12702127315083,19675.869140625,112.0,402.22836193070845,131.51689288233604,19696.919921875,40911800,23891700,197430000,8414510000
2025-02-14,113.0999984741211,403.6416320800781,138.8045196533203,20026.76953125,114.62999725341797,404.1160155029715,139.20438251414282,20045.759765625,111.69999694824219,401.1215398904841,135.45561099221797,19932.150390625,112.6500015258789,403.0091510093491,136.43528567888637,19956.8203125,32477200,22758500,195479600,7995720000
2025-02-18,114.27999877929688,404.8374328613281,139.35433959960938,20041.259765625,115.55000305175781,405.78616946504144,143.3930250185803,20110.119140625,113.44999694824219,401.7342314553049,137.8848198127303,19909.740234375,114.05000305175781,403.2166455935164,141.22373753647113,20090.55078125,31720300,21423100,219176600,8683170000
2025-02-19,114.69000244140625,409.90728759765625,139.18438720703125,20056.25,116.11000061035156,410.61884763156144,141.3136943495984,20099.390625,113.13999938964844,402.8707662400353,137.17505112782226,19928.890625,114.25,403.09808061190597,139.46429426521587,19994.5,28807700,24114200,167536000,8171530000
2025-02-20,114.16999816894531,412.0759582519531,140.06410217285156,19962.359375,116.55000305175781,415.2249706128277,140.61392504988532,20041.150390625,113.11000061035156,408.520936591177,136.74518244514988,19795.01953125,115.01000213623047,411.24414537664296,139.98412654948388,20029.189453125,27219600,23508700,143903600,7329270000
2025-02-21,110.83999633789062,404.2331237792969,134.38595581054688,19524.009765625,115.76000213623047,413.97725680128366,141.41366694156105,20016.66015625,110.43000030517578,403.91626425407014,133.98609294492073,19510.91015625,114.8499984741211,413.27418223243296,139.99411868487,20006.689453125,41353700,27524800,228217600,8461020000
2025-02-24,108.11000061035156,400.06414794921875,130.23733520507812,19286.9296875,111.5999984741211,405.38182745676596,138.544611438826,19644.23046875,107.9800033569336,395.429748735741,130.03740375103862,19275.4609375,111.48999786376953,404.5302202614153,136.51527743543022,19590.849609375,29072200,26443700,251381100,7414760000
2025-02-25,103.95999908447266,394.0235595703125,126.5885238647461,19026.390625,108.63999938964844,398.00441513588805,130.1573543264651,19256.349609375,103.62000274658203,392.8352683816966,124.39924631174091,18871.51953125,107.88999938964844,397.1923965138258,129.93742515974864,19242.609375,39169200,29387400,271428700,7991440000
2025-02-26,104.73999786376953,395.83575439453125,131.23699951171875,19075.259765625,105.80000305175781,399.66804717869115,133.68619399137987,19286.01953125,103.98999786376953,390.40913086553707,128.44792005609298,18966.4609375,104.94999694824219,394.13250979931917,129.9474287481865,19109.3203125,29178200,19619000,322553800,7034450000
2025-02-27,99.51000213623047,388.70587158203125,120.11064910888672,18544.419921875,105.76000213623047,401.78716793671936,134.96577503505506,19242.689453125,99.5,388.3493932994261,119.97069557287365,18535.220703125,105.08000183105469,397.3607146060961,134.9557838016939,19212.359375,47263700,21127400,443175800,7700290000
2025-02-28,99.86000061035156,393.1224365234375,124.87907409667969,18847.279296875,101.80000305175781,393.7562160246685,125.04901657384264,18861.330078125,98.69000244140625,382.8039671137811,116.3618686236696,18372.990234375,99.55999755859375,388.83463352266693,117.98133302681437,18477.169921875,45194600,32845700,389091100,8247520000
2025-03-03,98.2300033569336,384.70526123046875,114.02263641357422,18350.189453125,102.33999633789062,394.93464171120144,123.65947815441595,18992.30078125,97.08999633789062,382.39797374435835,112.2432206852501,18216.630859375,101.5199966430664,394.93464171120144,123.46954557652553,18923.359375,38958000,23007700,411381400,8170140000
2025-03-04,100.75,384.8240661621094,115.9520034790039,18285.16015625,103.18000030517578,388.755390806373,119.27091565466138,18589.490234375,95.88999938964844,377.2882188683939,110.07393231302608,17956.599609375,96.0,379.66483152587324,110.61375634258967,18176.4296875,54156900,29342900,398163300,8469180000
2025-03-05,101.66999816894531,397.1131591796875,117.2615737915039,18552.73046875,101.83999633789062,397.7568509049982,118.24124845757764,18604.470703125,98.87000274658203,385.02212029604283,114.47248692259635,18144.73046875,100.36000061035156,385.54695570418704,117.54148083895355,18312.970703125,27855500,23433100,284337900,7048430000
2025-03-06,98.8499984741211,393.0234069824219,110.53378295898438,18069.259765625,101.08000183105469,398.2321421191711,115.31221606989396,18439.240234375,98.2699966430664,388.8544001591339,110.18389912538346,17980.390625,99.05000305175781,390.43881857931865,113.49281250827367,18204.529296875,28985000,23304600,321181900,7686200000
2025-03-07,100.30999755859375,389.478271484375,112.65309143066406,18196.220703125,100.6500015258789,390.9537458547577,113.44283358559466,18243.580078125,96.38999938964844,381.7839796807534,107.52476685365718,17768.58984375,98.87999725341797,388.497925986767,111.21356065439609,18029.849609375,33254400,22034100,341755500,8135420000
2025-03-10,96.62999725341797,376.4563903808594,106.94496154785156,17468.3203125,101.29000091552734,382.6355890788174,111.81336147496829,17868.080078125,95.83000183105469,373.5450301742595,105.42545516002185,17291.8203125,98.56999969482422,382.08104715568106,109.86400325750407,17840.3203125,38733200,32840100,366487400,8636040000
2025-03-11,96.76000213623047,376.74359130859375,108.72437286376953,17436.099609375,98.16000366210938,382.23950999896846,112.20322856084239,17687.400390625,94.7300033569336,373.2380702422645,104.73567447790636,17238.240234375,96.79000091552734,375.30770541349494,106.95494843650206,17443.08984375,34078300,30380200,354865700,9177320000
2025-03-12,100.79000091552734,379.5361022949219,115.71273040771484,17648.44921875,101.72000122070312,381.46711712441265,116.73249437499013,17800.099609375,98.16999816894531,375.25821149680263,112.85340359157789,17436.26953125,99.05000305175781,379.2192427611773,114.09311694895557,17711.41015625,34241300,24253600,323857500,7746430000
2025-03-13,98.11000061035156,375.0799560546875,115.55277252197266,17303.009765625,100.06999969482422,381.5661631231906,117.73225924433854,17621.91015625,97.2699966430664,373.7728386562969,113.76319330991835,17239.439453125,99.72000122070312,379.4272025345451,117.0024278677365,17598.560546875,28575200,20473000,299033100,7147050000
2025-03-14,100.97000122070312,384.7745361328125,121.6413345336914,17754.08984375,101.22000122070312,386.42827981726157,121.85128414551467,17773.48046875,99.58000183105469,375.8127158813028,118.12216714928688,17491.080078125,99.63999938964844,376.08007458561946,118.5820578648422,17523.30078125,24715300,19952800,277593500,7093850000
2025-03-17,104.58999633789062,384.9132080078125,119.50183868408203,17808.66015625,106.1500015258789,388.88412112316473,122.86104771124882,17925.939453125,102.5999984741211,381.813696346666,118.00219206936818,17645.869140625,102.5999984741211,382.9326924641042,122.711081524258,17722.5390625,43689500,22474300,255501500,6306340000
2025-03-18,103.51000213623047,379.7836608886719,115.40280151367188,17504.119140625,104.55000305175781,383.59615946585757,118.99195194008684,17682.919921875,102.97000122070312,377.38725393405446,114.51301183473794,17431.669921875,103.8499984741211,383.29909421372145,117.97219563901088,17662.5703125,27152800,19486900,299686900,6450530000
2025-03-19,106.2300033569336,384.0417785644531,117.49230194091797,17750.7890625,107.9000015258789,385.8836435250732,120.42161176372424,17917.5390625,101.95999908447266,380.2589866011294,115.65273921562084,17533.939453125,104.41999816894531,381.7740797920575,117.24236085578977,17590.119140625,32287500,19185500,273426200,6302310000
2025-03-20,107.13999938964844,383.0713195800781,118.50206756591797,17691.630859375,108.26000213623047,387.97310772514027,120.17167220516042,17903.19921875,105.12000274658203,379.5460042678497,116.44255543913019,17576.8203125,105.12000274658203,381.98202996781214,116.52253841801043,17586.060546875,26871800,18470500,248829700,6098330000
2025-03-21,106.44000244140625,387.4482727050781,117.6722640991211,17784.05078125,107.25,387.92357710345186,117.9621966837067,17798.060546875,104.33000183105469,379.07067004050685,115.39280254041711,17474.810546875,105.33000183105469,379.4865916093534,116.91244866461768,17519.83984375,30767900,39675900,266498500,8837930000
2025-03-24,113.8499984741211,389.2505187988281,121.38140106201172,18188.58984375,114.8499984741211,391.54792412450786,122.19120779583362,18210.05078125,109.4000015258789,386.012386704804,119.31188140429414,18030.6796875,109.7300033569336,391.54792412450786,119.8517551027078,18046.189453125,53342000,21004500,228452500,6787790000
2025-03-25,114.80999755859375,391.31024169921875,120.66156768798828,18271.859375,114.94999694824219,392.49853282327706,121.26142480153007,18281.130859375,112.70999908447266,388.8148031404558,118.89198043130345,18170.419921875,113.2699966430664,390.082331804945,120.5216012824151,18207.970703125,29077500,15775000,167447200,6475790000
2025-03-26,110.19000244140625,386.17083740234375,113.73320007324219,17899.01953125,115.9000015258789,391.45881045430576,118.81199741904777,18236.55078125,108.68000030517578,384.7844825194778,112.68344440410922,17837.259765625,114.11000061035156,391.15183295239507,118.70203035263671,18217.330078125,39824000,16108400,293463300,9091510000
2025-03-27,106.6500015258789,386.7748718261719,111.40375518798828,17804.029296875,107.62000274658203,388.41870337339975,114.42304053099558,17988.01953125,105.55000305175781,383.62585932715103,110.6339399022949,17743.80078125,106.11000061035156,386.3292739557081,111.32377219977147,17811.240234375,32773700,13766800,236902100,8002470000
2025-03-28,103.22000122070312,375.1096496582031,109.6441650390625,17322.990234375,106.51000213623047,385.339029849346,112.84341584506377,17763.279296875,102.4800033569336,373.2578723723651,109.04430789656145,17283.060546875,105.52999877929688,384.2992410074857,111.46373602695421,17722.08984375,31069100,21632000,229872500,7015410000
2025-03-31,102.73999786376953,371.7328796386719,108.35446166992188,17299.2890625,102.81999969482422,373.3965054432232,110.9338556226425,17334.98046875,98.80000305175781,363.6622546184452,103.6255803841977,16854.369140625,100.23999786376953,368.91063894364476,105.10522740758995,17045.439453125,30865300,35184700,299212700,8122180000
2025-04-01,102.77999877929688,378.4666442871094,110.12405395507812,17449.890625,102.83000183105469,379.12021808448793,110.17403760023085,17506.58984375,100.93000030517578,369.59394254927554,106.4449205320371,17149.359375,102.16000366210938,371.0000917512926,108.49443304563391,17221.55078125,23523200,19689500,222614000,7756540000
2025-04-02,102.95999908447266,378.4171142578125,110.39398193359375,17601.05078125,104.19000244140625,381.32844426453147,111.95361956622256,17716.51953125,100.76000213623047,372.95087209109226,106.76483994973236,17181.26953125,101.5199966430664,374.2877261088344,107.26472214391917,17207.009765625,20794000,16092600,220601200,9126630000
2025-04-03,93.80000305175781,369.4750671386719,101.7760238647461,16550.609375,99.44999694824219,373.80251903809335,105.60511590388697,16889.33984375,93.63999938964844,365.7517184220645,101.57606639857329,16533.0390625,97.79000091552734,371.13872318254886,103.48562015563714,16790.529296875,50472500,30198000,338769400,9461330000
2025-04-04,85.76000213623047,356.3343505859375,94.28778076171875,15587.7900390625,91.08000183105469,370.94065262193254,100.10640942744341,16128.16015625,83.66999816894531,355.97787229621173,92.08830207120735,15575.6796875,90.0999984741211,360.5825648601157,98.88670323249266,16045.599609375,65847000,49209900,532273800,11038180000
2025-04-07,83.63999938964844,354.3736267089844,97.61698913574219,15603.259765625,89.0,367.3856281525139,101.72602116602216,16292.2802734375,77.75,341.43098078163547,86.59958951154498,14784.0302734375,80.68000030517578,347.4616469003483,87.43938789235719,14978.0302734375,70515400,50425000,611041300,12483580000
2025-04-08,78.20999908447266,351.1058044433594,96.27731323242188,15267.91015625,88.93000030517578,370.00982228854286,105.82505852328022,16316.509765625,76.4800033569336,346.8377957272636,94.43774279946976,15053.3896484375,86.1500015258789,364.6723484414274,103.78553826456235,16181.0400390625,69910200,35868900,476243400,10496650000
2025-04-09,96.83999633789062,386.68572998046875,114.30306243896484,17124.970703125,97.91000366210938,389.39905670107095,115.07287764897656,17202.939453125,78.87000274658203,349.66000929830324,97.5070179445592,15270.2802734375,79.22000122070312,350.0957251156184,98.86669810018236,15295.4404296875,97827400,50199700,612918300,13479740000
2025-04-10,88.69999694824219,377.63482666015625,107.5446548461914,16387.310546875,92.94999694824219,380.15997201946135,110.83388059600858,16712.369140625,85.05999755859375,364.21681503291546,99.12664053501021,15894.26953125,91.0,378.3379012524662,109.34423379452805,16635.44921875,65210600,38024400,437812400,11861670000
2025-04-11,93.4000015258789,384.6656494140625,110.90386199951172,16724.4609375,94.76000213623047,386.25003769690613,111.52371865557488,16753.41015625,90.5,375.1987873888056,107.45467796999777,16228.0400390625,90.51000213623047,376.93173851590154,108.47443427245335,16358.5302734375,57892600,23839200,313417300,9444890000
2025-04-14,94.5,384.0318603515625,110.68391418457031,16831.48046875,97.37000274658203,390.8052198187617,114.2630725146749,17136.560546875,93.44999694824219,380.46692636349223,109.04430120283689,16661.259765625,97.11000061035156,389.38915847164185,114.08311462021162,17120.439453125,36003000,19251200,264705000,9667260000
2025-04-15,95.29000091552734,381.9721374511719,112.1735610961914,16823.169921875,96.8499984741211,388.07212889209285,113.5932323217664,16979.9609375,94.62000274658203,380.41742551182244,110.47396469045397,16753.220703125,94.66000366210938,384.7250528209778,110.94385517244878,16842.390625,28116500,17199900,228966900,7483050000
2025-04-16,88.29000091552734,367.98968505859375,104.46538543701172,16307.16015625,90.47000122070312,377.892263018399,106.76484672728219,16600.369140625,85.30000305175781,364.4148689208335,100.4263361362673,16066.4599609375,87.61000061035156,376.9614484928254,104.52537649088836,16499.689453125,62109000,21967800,397016900,7909190000
2025-04-17,87.5,364.19696044921875,101.46607971191406,16286.4501953125,89.02999877929688,370.673253997748,104.44538077133734,16408.509765625,86.5199966430664,363.3156468476557,100.02642426353728,16181.169921875,88.83999633789062,370.1087998795162,104.4253812132841,16399.970703125,34801400,21120200,292517500,7046290000
2025-04-21,85.55999755859375,355.6213684082031,96.88717651367188,15870.900390625,86.13999938964844,360.9291658129438,99.41657935183265,16066.7900390625,83.75,352.20499720618693,95.01761424618036,15685.330078125,86.0199966430664,359.2853342749941,98.74673137333838,16052.759765625,33855400,20807300,288501100,6678730000
2025-04-22,86.26000213623047,363.2463684082031,98.86669921875,16300.419921875,87.16999816894531,364.18709517298703,99.78648062043173,16410.560546875,85.16999816894531,356.3541524572501,97.2570779520085,16038.73046875,86.12000274658203,359.83987920585236,98.75672452641882,16079.9404296875,35236700,19485000,241004800,6981900000
2025-04-23,90.38999938964844,370.7426452636719,102.68580627441406,16708.05078125,93.73999786376953,376.6841922722663,104.77531795205407,17029.859375,90.12000274658203,369.38596664501534,101.99596635952085,16642.66015625,91.87999725341797,372.396358924379,104.49537749742674,16880.2890625,41102600,20545500,247526000,8564870000
2025-04-24,94.47000122070312,383.52679443359375,106.40492248535156,17166.0390625,94.75,384.6656149627633,106.51489717654988,17174.349609375,90.37000274658203,371.53478821384334,103.08570507328525,16744.970703125,91.58999633789062,372.0398293104223,103.45562063709751,16754.759765625,33681900,22232300,220815000,7607400000
2025-04-25,96.6500015258789,388.03253173828125,110.98385620117188,17382.939453125,97.0999984741211,388.33950924401097,111.8936379045766,17404.490234375,92.8499984741211,380.8531625631297,105.70510100806126,17110.720703125,93.27999877929688,383.2297752805051,106.82483233532861,17182.109375,28575300,18973200,251064700,7412930000
2025-04-28,96.38999938964844,387.3492126464844,108.70439147949219,17366.130859375,97.48999786376953,388.9138065441973,110.34400455936343,17467.349609375,94.2699966430664,382.87325863987553,105.9950231207954,17128.7109375,95.58000183105469,388.1414067328739,109.66416443154382,17390.9296875,30456700,16579400,207708500,10313290000
2025-04-29,96.05999755859375,390.201171875,108.99430847167969,17461.3203125,97.18000030517578,391.2508426713115,110.1740307356611,17500.419921875,95.33000183105469,386.5768248872523,107.41468656100368,17256.19921875,95.76000213623047,387.48784509297593,107.64462809509338,17270.759765625,20700600,14974000,170444300,13001930000
2025-04-30,97.3499984741211,391.4092712402344,108.89433288574219,17446.33984375,97.55000305175781,392.79562598704683,108.89433288574219,17483.8203125,91.87000274658203,380.69467558939255,104.05547701680861,16959.529296875,92.80999755859375,386.49757125114587,104.44538450923935,17099.98046875,29730700,36461100,235044600,8595330000
2025-05-01,96.6500015258789,421.25567626953125,111.58370208740234,17710.740234375,100.0999984741211,432.7327609318022,114.91291927434723,17922.830078125,96.44999694824219,420.7605473528486,111.27377757314032,17688.109375,99.2699966430664,426.91004003637113,113.05335693358144,17793.140625,29591500,58938100,236121500,8409690000
2025-05-02,98.80000305175781,431.0393981933594,114.47303009033203,17977.73046875,99.87999725341797,435.1588741169636,115.37281962529518,18048.830078125,98.30000305175781,425.80092616148227,113.34329900218786,17812.0390625,98.4000015258789,427.533877248033,114.15310576985596,17868.759765625,29957900,30757400,190194800,8180190000
2025-05-05,100.58999633789062,431.9207458496094,113.79318237304688,17844.240234375,102.05000305175781,435.2182909345157,114.64298057759626,17965.640625,98.76000213623047,427.9002714913439,112.63345964895049,17792.080078125,99.0,428.652877068793,112.88340074602954,17817.009765625,41268900,20136100,133163200,7075320000
2025-05-06,98.62000274658203,429.0885925292969,113.51325988769531,17689.66015625,100.06999969482422,433.46554517602334,114.7129742117387,17830.349609375,97.44000244140625,426.9694566129341,110.7938992837595,17592.880859375,98.41000366210938,427.9894209087166,111.4537475013017,17623.2109375,54264300,15104200,158525600,6958220000
2025-05-07,100.36000061035156,429.12823486328125,117.03242492675781,17738.16015625,103.41999816894531,433.8517538131467,117.65228163619798,17820.2890625,96.87999725341797,426.9100367836598,112.25355204144066,17503.009765625,100.75,429.6134515274466,113.02337494499027,17706.830078125,86474400,23295300,206758800,7977870000
2025-05-08,101.69999694824219,433.9012145996094,117.34236145019531,17928.140625,105.44000244140625,439.3476317599919,118.65205049698933,18096.0,101.55999755859375,431.4156581886589,115.82271514729747,17776.0,101.91999816894531,433.6635322101029,118.22215145930612,17920.150390625,54231400,23491300,198428100,8500390000
2025-05-09,102.83999633789062,434.455810546875,116.62252044677734,17928.919921875,103.54000091552734,436.4462081525218,118.20215005190205,18068.900390625,101.5999984741211,431.63356980482325,115.18285724943865,17853.83984375,102.58999633789062,435.7134270593174,117.32235248570746,18022.55078125,31704300,15324200,132972200,8835140000
2025-05-12,108.12000274658203,444.88323974609375,122.97102355957031,18708.33984375,110.66999816894531,444.99215360101994,122.97102355957031,18710.220703125,106.9800033569336,435.495584693897,120.25166311897564,18472.7109375,110.41999816894531,441.59557651706575,121.94126742822685,18674.560546875,50543400,22821900,225023300,10717670000
2025-05-13,112.45999908447266,444.764404296875,129.89938354492188,19010.08984375,113.12999725341797,446.2794975271711,131.18908818741485,19065.9609375,109.0,441.021200788799,124.44067836400953,18745.5,109.5999984741211,443.41763796979524,124.95056035306071,18761.23046875,55659500,23618800,330430100,9242230000
2025-05-14,117.72000122070312,448.52734375,135.30810546875,19146.810546875,122.5199966430664,449.4779827199474,135.40808800730593,19174.55078125,116.58999633789062,443.7741186799948,131.6489642323906,19023.609375,119.83000183105469,443.7741186799948,133.16861033831793,19074.720703125,86743700,19902800,281180800,11744820000
2025-05-15,114.98999786376953,449.5392761230469,134.79823303222656,19112.3203125,117.5,452.57502540604634,136.2678878895653,19207.220703125,114.01000213623047,446.860659567107,132.6287461607251,18967.779296875,117.0199966430664,447.1979616790238,134.258351724734,19031.240234375,43843200,21992300,226632600,10546350000
2025-05-16,117.16999816894531,450.67022705078125,135.36810302734375,19211.099609375,118.23999786376953,450.7595102326154,136.31789147723805,19213.419921875,116.01000213623047,445.17414935289,133.42857277146337,19038.48046875,118.06999969482422,448.4678177382938,136.18791721457987,19151.5390625,43419700,23849800,226542500,10509820000
2025-05-19,114.73999786376953,455.2337646484375,135.53805541992188,19215.4609375,115.52999877929688,455.9480603525366,135.83797251007488,19227.220703125,114.05999755859375,447.2277066057748,132.35879696756518,18937.419921875,115.0199966430664,447.3070896149787,132.35879696756518,18937.419921875,37737400,21336500,193154600,13080030000
2025-05-20,113.51000213623047,454.53936767578125,134.3483428955078,19142.7109375,114.51000213623047,454.7080036018212,134.54829272140586,19186.689453125,112.08000183105469,450.719869916101,132.58874781513978,19015.630859375,114.3499984741211,451.9797952414424,134.2583525069389,19132.060546875,29030800,15441800,161514200,9047100000
2025-05-21,112.05999755859375,448.9837341308594,131.76895141601562,18872.640625,116.0999984741211,454.1524403651085,137.36762292180558,19241.41015625,111.08999633789062,448.22974686474834,130.55922977564506,18799.19921875,113.8499984741211,450.967885651573,133.02864907239967,19002.939453125,43594600,19216900,270608700,11112460000
2025-05-22,110.70999908447266,451.25555419921875,132.7987060546875,18925.740234375,112.63999938964844,456.6028569421555,134.21836966107523,19061.109375,110.61000061035156,450.30316997101943,131.51900885300861,18840.33984375,111.9000015258789,451.3448676580097,132.19884131725317,18888.05078125,29252000,18025600,187344000,8289710000
2025-05-23,110.30999755859375,446.6126403808594,131.25906372070312,18737.2109375,111.0199966430664,450.0948358464348,132.64873565144939,18841.51953125,107.66999816894531,445.3527151156796,129.12957588399638,18599.689453125,108.08999633789062,446.4142434023006,129.96937433382988,18622.380859375,30867300,16883500,198821300,8730370000
2025-05-27,114.55999755859375,457.03936767578125,135.4680633544922,19199.16015625,115.4000015258789,457.29731705224054,135.6280293045703,19210.94921875,112.2699966430664,452.5055743512772,133.27857708527512,18961.689453125,113.18000030517578,452.86273735527834,134.1183754403962,19014.439453125,37885000,20974300,192953600,93974540000
2025-05-28,112.86000061035156,453.7357482910156,134.7782440185547,19100.939453125,114.94999694824219,458.8548627693229,137.2176717346689,19276.830078125,112.66000366210938,453.3091629867606,134.75824445795843,19084.380859375,114.91999816894531,457.56517641086623,135.9979578766118,19232.619140625,27483700,17086300,304021100,8087530000
2025-05-29,113.02999877929688,455.0453186035156,139.15721130371094,19175.869140625,115.54000091552734,458.0612374989779,143.45620133736625,19389.390625,112.12999725341797,451.702028016876,137.87751407348716,19091.5390625,115.48999786376953,457.89257129241645,142.21648797143945,19389.390625,30501400,13974800,369241900,11016850000
2025-05-30,110.7300033569336,456.71197509765625,135.09817504882812,19113.76953125,112.11000061035156,458.0215223462663,139.58710766728817,19157.779296875,108.62000274658203,451.9301930198663,132.88868890141003,18847.740234375,111.58000183105469,456.07706236471586,138.6873257641086,19131.220703125,36088500,34770500,333170900,9042260000
2025-06-02,114.62999725341797,458.3092346191406,137.34764099121094,19242.609375,114.86000061035156,458.44810948050275,138.08745689917103,19252.7109375,111.01000213623047,453.2695031394806,135.36809645457458,18985.30078125,111.05999755859375,453.51752207653715,135.45808684638126,19063.060546875,34078400,16626500,197663100,7779940000
2025-06-03,117.30999755859375,459.3013000488281,141.1867218017578,19398.9609375,117.68000030517578,460.4620419695056,141.9665367692297,19459.279296875,113.27999877929688,457.20800452370844,137.91748812723765,19224.69921875,114.5,457.8131864599202,138.74729436292043,19288.66015625,37161500,15743800,225578800,7990230000
2025-06-04,118.58000183105469,460.19415283203125,141.88656616210938,19460.490234375,119.30000305175781,461.9997378828715,142.3564566649135,19493.44921875,115.7300033569336,459.35088242690273,139.5071219355859,19359.08984375,117.41000366210938,460.3231275179124,142.15650682982962,19434.939453125,31025000,14162700,167120800,7695660000
2025-06-05,115.69000244140625,463.9739685058594,139.95703125,19298.44921875,119.23999786376953,465.92835889810493,143.96608121416313,19610.509765625,114.70999908447266,460.35289815926444,138.79730082341692,19226.220703125,118.94999694824219,461.2755213187348,142.13651043477643,19518.19921875,34091000,20131700,231397900,8782360000
2025-06-06,116.19000244140625,466.652587890625,141.6865997314453,19529.94921875,118.37999725341797,469.58912358157227,143.23623746842864,19593.1796875,115.87999725341797,465.0652606634985,141.47664251332282,19464.83984375,117.69000244140625,466.3648774509946,142.47640682683559,19526.990234375,27042100,15285600,153986200,7291590000
2025-06-09,121.7300033569336,469.0038146972656,142.59640502929688,19591.240234375,122.37000274658203,469.67841894667356,144.96584183837217,19637.560546875,119.04000091552734,464.90653697170796,141.9065651342004,19531.099609375,119.18000030517578,465.9779957450024,143.15627066728982,19573.140625,55437700,16469900,185114500,9538700000
2025-06-10,123.23999786376953,467.1883239746094,143.92608642578125,19714.990234375,124.08999633789062,469.0534009468453,144.25599524562207,19730.380859375,120.80000305175781,463.25968221899245,141.4966510569608,19539.08984375,121.11000061035156,467.45617352695865,142.65638139553192,19620.109375,41691900,15375900,155881900,11221560000
2025-06-11,121.13999938964844,468.87481689453125,142.80625915527344,19615.880859375,124.47000122070312,471.7022387212418,144.96590375929992,19800.4609375,119.87999725341797,465.93828127215454,141.84641202362192,19551.349609375,124.44000244140625,466.29541399515057,144.5859620448177,19779.359375,32261900,16399200,167694000,10214190000
2025-06-12,118.5,475.0752868652344,144.9759063720703,19662.490234375,122.25,476.6130223697302,144.9759063720703,19690.609375,118.02999877929688,469.7676758011157,141.82643588786814,19553.560546875,120.62000274658203,471.2557893550323,141.94641106631286,19578.869140625,44718400,18950600,162365000,16308730000
2025-06-13,116.16000366210938,471.1962585449219,141.9464111328125,19406.830078125,117.87999725341797,475.38281914376,143.55614422146527,19591.869140625,115.05999755859375,469.0137102048777,140.82660211679442,19367.419921875,116.05000305175781,472.63478039747713,142.45632089769495,19450.9296875,39702700,16814500,180820600,9001850000
2025-06-16,126.38999938964844,475.34320068359375,144.66595458984375,19701.2109375,128.13999938964844,476.88090602233666,146.1556971839991,19733.310546875,117.77999877929688,471.2359924486289,143.1761967394354,19550.75,118.63999938964844,471.44431988386987,143.32618096280035,19550.75,100968500,15626100,183133700,9619130000
2025-06-17,127.0999984741211,474.2519226074219,144.09603881835938,19521.08984375,130.6999969482422,474.94635750006523,145.1958620737219,19666.560546875,126.58000183105469,470.3232806516652,143.75609899624828,19485.439453125,127.93000030517578,471.63282797025073,144.46598768948277,19627.080078125,86623900,15414100,139108000,8519930000
2025-06-18,126.79000091552734,476.4344482421875,145.455810546875,19546.26953125,129.2100067138672,477.1884355000323,145.62578045463974,19660.76953125,125.7699966430664,470.70025162122124,143.0962022725339,19489.560546875,128.00999450683594,474.21220825159133,143.9860537050978,19526.919921875,49627100,17526500,161494100,7818790000
2025-06-20,128.24000549316406,473.616943359375,143.8260955810547,19447.41015625,132.80999755859375,479.62891980922967,146.17569581398777,19696.109375,127.55000305175781,473.09114443804276,142.6262828381709,19380.580078125,129.0,478.4086860483398,145.42582047781178,19639.41015625,79931000,37576200,242956200,9969140000
2025-06-23,129.5800018310547,482.1488037109375,144.1460418701172,19630.970703125,133.25,483.884936234588,144.7559411184857,19643.69921875,126.81999969482422,468.76571183115124,142.00639807778802,19334.98046875,130.47000122070312,474.42052531416374,142.47632119978937,19427.009765625,65152900,24864000,154308900,9088000000
2025-06-24,138.42999267578125,486.2262268066406,147.87539672851562,19912.529296875,138.7899932861328,487.952459183197,147.93539956519925,19946.720703125,132.92999267578125,482.9424585265478,145.47580197371775,19795.2890625,133.42999267578125,485.075445589935,145.53578955415,19809.619140625,78572000,22305600,187566100,8330090000
2025-06-25,143.39999389648438,488.369140625,154.28436279296875,19973.55078125,144.17999267578125,490.64100267238626,154.4243389252029,20052.779296875,139.4600067138672,485.5119877675007,149.23519867353343,19918.080078125,140.94000244140625,488.14098256866794,149.24520677628502,20013.94921875,74607200,17495100,269146500,8256120000
2025-06-26,143.67999267578125,493.5080871582031,154.99423217773438,20167.91015625,146.0,494.09340820956044,156.69394650127538,20187.150390625,141.91000366210938,488.9048412091741,153.97439748110884,19982.48046875,145.97000122070312,489.0735074056833,155.95406403411533,20062.189453125,58180100,21578900,198145700,8383380000
2025-06-27,143.80999755859375,492.0100402832031,157.72378540039062,20273.4609375,147.75,495.3434002058453,158.68363258213975,20311.509765625,141.6300048828125,489.12309627390664,155.23419369167684,20095.05078125,144.17999267578125,493.60726767719865,156.01406285223712,20217.259765625,61937900,34539200,263234500,10951070000
2025-06-30,141.89999389648438,493.4683837890625,157.96376037597656,20369.73046875,146.0,496.79184348109624,158.6336472456001,20418.310546875,141.00999450683594,491.404849352638,155.93409881773164,20266.359375,144.0,493.1013206195562,158.37368067249696,20360.150390625,42972500,28369000,194580300,8220420000
2025-07-01,136.11000061035156,488.15081787109375,153.2745361328125,20202.890625,140.22999572753906,494.1032718491211,157.17388214393176,20339.05078125,135.1199951171875,487.0893199212463,151.46483925954294,20105.41015625,138.77000427246094,492.5358056229024,156.26402965591922,20290.609375,55257200,19945400,213143600,8631710000
2025-07-02,138.52000427246094,487.198486328125,157.22386169433594,20393.130859375,139.77999877929688,489.5893925672679,157.57380961936815,20397.220703125,135.22000122070312,484.82744098086494,152.94457434216997,20181.740234375,135.52999877929688,486.107196925814,152.9545671877056,20184.369140625,39228000,16319600,171224100,8378750000
2025-07-03,137.91000366210938,494.8870849609375,159.3135223388672,20601.099609375,139.5,496.16687121115365,160.95324924613055,20624.509765625,137.32000732421875,489.52988173373706,157.74379112425564,20480.220703125,139.11000061035156,489.89694493303733,158.34368228178877,20497.66015625,28646000,13984800,143716100,6177910000
2025-07-07,134.8000030517578,493.77593994140625,158.21371459960938,20412.51953125,137.44000244140625,494.7977767455099,159.28352889047815,20511.8203125,133.5,491.3056810299541,157.31385497697042,20323.01953125,136.55999755859375,493.4386378219278,158.17371270193448,20490.55078125,37395000,13981600,140139000,8345710000
2025-07-08,137.82000732421875,492.68463134765625,159.97341918945312,20418.4609375,139.14999389648438,494.25212791462184,160.19338386133896,20480.890625,135.91000366210938,490.1945116420166,158.36368604860908,20377.359375,137.32000732421875,493.2997134401056,159.3035323273478,20466.9296875,36124600,11846600,138133000,8437480000
2025-07-09,138.41000366210938,499.52008056640625,162.85293579101562,20611.33984375,140.64999389648438,502.76415743455226,164.39267314506114,20645.41015625,137.58999633789062,495.77993553758444,161.13322041798892,20486.380859375,138.69000244140625,496.33549554664154,161.1932080055649,20522.08984375,37013100,18659500,183656400,9978310000
2025-07-10,144.16000366210938,497.5061340332031,164.07273864746094,20630.66015625,145.82000732421875,500.4426696344743,164.4726660794993,20655.390625,141.85000610351562,493.8056807647675,161.5831469026993,20495.140625,143.0,499.06366987607214,164.29270331195812,20636.48046875,61101500,16492100,167704100,9781380000
2025-07-11,146.4199981689453,499.3315734863281,164.89259338378906,20585.529296875,147.39999389648438,501.0280145407016,167.862101078866,20647.970703125,141.60000610351562,493.85529597280816,163.44283738179527,20509.75,142.60000610351562,494.5200000462786,163.6927958392512,20562.880859375,50049200,16459500,193633300,8135800000
2025-07-14,146.24000549316406,499.033935546875,164.04273986816406,20640.330078125,147.5800018310547,499.9764196247383,165.4625020418882,20672.33984375,141.89999389648438,497.0597144820079,161.99307751467913,20492.630859375,145.08999633789062,497.5458219138798,165.3425116109199,20592.560546875,44718600,12058800,136975800,8010060000
2025-07-15,155.61000061035156,501.811767578125,170.671630859375,20677.80078125,158.67999267578125,504.2720960834484,172.37134531045626,20836.0390625,153.55999755859375,498.80577924001653,169.17188012202328,20670.580078125,153.75,499.03393728805895,171.1615549258278,20822.759765625,93370100,14927200,230627400,8399060000
2025-07-16,160.0800018310547,501.6133728027344,171.34152221679688,20730.490234375,160.36000061035156,502.7046622632316,171.72146396229547,20751.05078125,152.85000610351562,497.91294935926595,168.87193138356372,20507.060546875,155.30999755859375,501.17685701853543,171.03157616389174,20717.810546875,59492800,15154400,158831500,9056640000
2025-07-17,160.41000366210938,507.6451721191406,172.97125244140625,20885.650390625,161.9600067138672,509.3019216630888,174.13106334471073,20911.830078125,158.67999267578125,501.61333461976557,170.80161486292053,20735.55078125,161.80999755859375,501.67285674255714,171.99141956059896,20760.3203125,50605100,17503100,160841100,9994550000
2025-07-18,156.99000549316406,506.0082092285156,172.38136291503906,20895.650390625,160.8300018310547,510.5618634291492,174.22105359276725,20980.560546875,155.80999755859375,503.40897568442307,171.23154479926822,20846.119140625,159.58999633789062,510.4030974050004,173.61115431570738,20959.5703125,48859800,21209700,146456400,9354580000
2025-07-21,157.0,506.0181579589844,171.35153198242188,20974.1796875,160.33999633789062,508.03210080948105,173.35119970444802,21077.369140625,156.9199981689453,501.54388660874696,170.97159023323564,20957.439453125,157.6199951171875,502.69469811942383,172.72129949000853,20960.330078125,39021100,14066800,123126100,12046970000
2025-07-22,154.72000122070312,501.2660827636719,167.00225830078125,20892.689453125,156.22999572753906,507.1491147296819,171.36153479867312,20985.33984375,149.33999633789062,501.2660827636719,164.55266825003173,20750.900390625,156.1999969482422,506.92092641726225,171.31154005146294,20982.2109375,49028000,13868600,193114300,10583710000
2025-07-23,158.64999389648438,501.861328125,170.75161743164062,21020.01953125,159.4499969482422,502.77405108780124,171.23153339032083,21023.849609375,156.0,496.7323137246232,167.94208685699226,20870.669921875,156.32000732421875,502.7343595827018,169.5018251648929,20966.470703125,41510900,16396600,154082200,10972770000
2025-07-24,162.1199951171875,506.8316650390625,173.7111358642578,21057.9609375,163.92999267578125,509.59953458867506,173.80111724784433,21113.099609375,158.36000061035156,503.28001689239056,171.27153886755505,21001.6796875,159.1199951171875,504.73836945889843,172.41134882841166,21083.8203125,48440100,16107000,128984600,12741070000
2025-07-25,166.47000122070312,509.6392517089844,173.47117614746094,21108.3203125,167.17999267578125,514.1829150146133,174.69097468726906,21159.80078125,162.36000061035156,506.3157616392057,172.9312725713388,21036.849609375,163.50999450683594,508.409026924469,173.58115848322245,21059.939453125,53432300,19125700,122316800,11028310000
2025-07-28,173.66000366210938,508.43878173828125,176.7206268310547,21178.580078125,174.6999969482422,510.91897091749235,176.97058528484683,21202.1796875,168.6699981689453,506.07763679555273,173.94109004538618,21122.119140625,169.0800018310547,510.0062782539609,173.99108478739527,21176.400390625,68267800,14308000,140023500,10612580000
2025-07-29,177.44000244140625,508.50823974609375,175.4808349609375,21098.2890625,182.30999755859375,513.5182098314434,179.35020236643535,21303.9609375,174.67999267578125,507.50623361872493,174.99092613442062,21081.689453125,175.2100067138672,511.4448055642593,177.93044011853775,21286.720703125,108154800,16469200,154077500,10040610000
2025-07-30,179.50999450683594,509.1729431152344,179.24021911621094,21129.669921875,180.3699951171875,511.86149016920456,179.86011122312902,21230.880859375,173.8000030517578,505.4030674134904,176.01074478620916,21016.919921875,175.61000061035156,511.08764202727673,176.48066791766442,21140.400390625,64820300,26380400,174312200,9311770000
2025-07-31,176.30999755859375,529.2723999023438,177.84043884277344,21122.44921875,182.5,551.0484742016899,183.26954448460754,21457.48046875,173.0,527.6851029610986,175.9007587673991,21078.669921875,182.02000427246094,550.8301860551579,182.86960179799485,21457.48046875,71765300,51617300,221685400,9917220000
2025-08-01,171.6999969482422,519.956787109375,173.69113159179688,20650.130859375,174.39999389648438,531.5541546097426,176.51065501732398,20865.630859375,166.82000732421875,516.7325410439772,170.86160006411595,20560.169921875,170.16000366210938,530.7605061500977,174.06106522140865,20830.640625,75396100,28977600,204529000,9667420000
2025-08-04,176.77999877929688,531.3953857421875,179.9700927734375,21053.580078125,177.86000061035156,533.9846885103634,180.17005649193501,21055.240234375,173.55999755859375,523.944888342453,174.49100755408614,20833.859375,174.61000061035156,524.0837934579807,175.1309006070304,20853.91015625,52951000,25349000,148174600,7355970000
2025-08-05,174.30999755859375,523.5679931640625,178.23037719726562,20916.55078125,177.99000549316406,533.0423047576313,180.23004490386853,21138.720703125,171.8000030517578,523.0620248277625,175.87076869322405,20893.2890625,177.57000732421875,532.9232605080902,179.59015184800575,21092.099609375,88808500,19171600,156407600,7982940000
2025-08-06,163.1199951171875,520.7802734375,179.3901824951172,21169.419921875,166.17999267578125,527.486715540996,179.87009845787975,21183.880859375,157.8000030517578,519.8775111011839,176.22071111043454,20937.490234375,165.0500030517578,526.6930670104376,176.30069964693718,20955.220703125,133641800,21355700,137192300,8580020000
2025-08-07,172.39999389648438,516.7127075195312,180.73995971679688,21242.69921875,175.75,523.9052559727172,183.84944343505214,21408.150390625,166.6999969482422,513.4487398823029,178.77028591662776,21090.05078125,166.83999633789062,522.6254396329194,181.53982980547644,21325.009765625,95448300,16079100,151878400,8979190000
2025-08-08,172.75999450683594,517.9032592773438,182.6696319580078,21450.01953125,176.47999572753906,520.5024931820143,183.26953833968557,21464.529296875,170.52000427246094,515.2940949258492,180.3700111699138,21284.970703125,174.0399932861328,518.4588193359411,181.51982919208731,21316.369140625,68866700,15531000,123396700,8669200000
2025-08-11,172.27999877929688,517.6353759765625,182.0297393798828,21385.400390625,178.82000732421875,523.4092640243366,183.80944232526838,21549.73046875,169.3800048828125,515.6015722772428,180.2200426409657,21346.619140625,170.0399932861328,518.1611446296885,182.01974653412333,21459.650390625,70651000,20194400,138323200,9099730000
2025-08-12,174.9499969482422,525.046142578125,183.1295623779297,21681.900390625,175.16000366210938,526.7723446368122,184.44933506001817,21689.6796875,168.5,518.5579891899393,179.4301803710301,21386.25,173.32000732421875,519.5996565820958,182.9295986692803,21507.439453125,52243500,18667000,145485700,8382820000
2025-08-13,184.4199981689453,516.4547729492188,181.559814453125,21713.140625,186.64999389648438,528.478725311786,183.93942375779682,21803.75,179.3800048828125,515.2543395813665,179.3201965252013,21645.140625,179.91000366210938,527.8933740196283,182.5896420373941,21764.55078125,108305100,19619200,179871700,8763080000
2025-08-14,180.9499969482422,518.3396606445312,181.98974609375,21710.669921875,185.44000244140625,521.7821945996749,182.98957985829236,21766.2890625,179.55999755859375,516.0182375574066,179.43017409752198,21627.130859375,179.8300018310547,518.4190436500928,179.72011917648817,21649.2109375,66308800,20269100,129554000,9110860000
2025-08-15,177.50999450683594,516.0480346679688,180.42001342773438,21622.98046875,180.13999938964844,521.9310366989816,181.86976944489334,21716.1796875,176.25,514.9667059909838,178.01041021115256,21567.4609375,180.05999755859375,518.6274679925785,181.84978375259033,21709.33984375,51543100,25213300,156602200,8158830000
2025-08-18,176.13999938964844,513.0023803710938,181.97975158691406,21629.76953125,178.8000030517578,518.6770855269226,182.90960499065454,21651.5,174.36000061035156,509.94683045407294,180.5599893659508,21559.330078125,176.75999450683594,517.4568516493948,180.56999746834546,21616.8203125,35937500,23760600,132008000,8260970000
2025-08-19,166.5500030517578,505.73040771484375,175.61080932617188,21314.94921875,173.1699981689453,511.0776798784135,182.46966985536903,21610.240234375,166.10000610351562,504.5200741760794,175.46084035755914,21277.7109375,173.10000610351562,510.9189744125155,182.39967416584764,21607.44921875,64455000,21481000,185229200,8461660000
2025-08-20,165.1999969482422,501.7125244140625,175.370849609375,21172.859375,166.64999389648438,506.9506829011106,175.9707560164781,21269.669921875,158.25,500.44266872858867,168.77195541250927,20905.990234375,164.10000610351562,505.8296325155463,175.1408920976954,21269.669921875,60233200,27723000,215142700,7810310000
2025-08-21,163.7100067138672,501.06658935546875,174.95091247558594,21100.310546875,165.8800048828125,504.435269171935,176.87059152353538,21198.759765625,162.25999450683594,499.5561662916726,173.78110877087863,21013.529296875,165.86000061035156,500.5200628741361,174.8209444570093,21112.51953125,37880500,18443300,140040900,6530580000
2025-08-22,167.75999450683594,504.037841796875,177.96043395996094,21496.5390625,168.52999877929688,507.5158151187978,178.56032512128596,21545.4296875,161.8000030517578,499.2481684011306,171.17155351749952,21092.359375,162.1699981689453,501.0765850227361,172.58132291943235,21139.830078125,43998600,24324200,172789400,9401300000
2025-08-25,163.36000061035156,501.0865173339844,179.78012084960938,21449.2890625,165.58999633789062,504.9917771303553,181.87977802218637,21572.1796875,161.72000122070312,500.9473838488724,176.54066896263805,21400.08984375,165.5500030517578,503.44159720621536,178.3203719824875,21466.470703125,36134700,21638600,163012800,8443200000
2025-08-26,166.6199951171875,498.8804931640625,181.7397918701172,21544.26953125,169.77000427246094,501.801993130018,182.35968393651802,21550.9296875,164.91000366210938,495.3727099158942,178.7802771456414,21389.099609375,168.64999389648438,501.1858695359189,180.03006938032237,21443.630859375,52138600,30835700,168688200,9087930000
2025-08-27,167.1300048828125,503.5508728027344,181.56982421875,21590.140625,167.67999267578125,504.09742962807053,182.45967569067753,21616.169921875,164.64999389648438,496.7539232974875,179.07023971825097,21476.30078125,166.0399932861328,498.8407132226862,181.94975068857377,21526.330078125,37031000,17277900,235518900,8040510000
2025-08-28,168.5800018310547,506.4326477050781,180.1400604248047,21705.16015625,170.99000549316406,507.87350408410515,184.43934897141472,21742.4609375,166.64999389648438,502.3186878124423,176.3806906932069,21534.939453125,168.5,503.89867767213724,180.7899615720414,21619.26953125,36285200,18015600,281787800,7807080000
2025-08-29,162.6300048828125,503.501220703125,174.1510467529297,21455.55078125,168.57000732421875,506.39291066950057,178.12038822306508,21631.150390625,161.89999389648438,501.3150539612025,173.12121914292007,21397.98046875,166.80999755859375,505.4588240002719,178.08040158317536,21630.330078125,37516800,20961600,243257900,7715430000
2025-09-02,162.32000732421875,501.9410705566406,170.75161743164062,21279.630859375,162.38999938964844,502.81553721257154,172.351357635579,21293.689453125,156.6199951171875,493.68337117589067,167.19221149694363,21033.05078125,158.4199981689453,497.32034095368414,169.9717482776903,21086.5703125,38656100,18128000,231164900,8183410000
2025-09-03,162.1300048828125,502.1696472167969,170.59165954589844,21497.73046875,164.75,504.5942937991858,172.38137081666613,21553.98046875,160.5800018310547,499.1587173668126,168.851958278929,21370.98046875,161.80999755859375,500.6194673133705,171.03158891427162,21461.630859375,30752800,16345100,164424900,7488290000
2025-09-04,161.7899932861328,504.7731628417969,171.63148498535156,21707.689453125,162.0500030517578,504.95202275876863,171.83144870716828,21711.9609375,157.7899932861328,499.983489561643,169.381858788342,21469.400390625,159.94000244140625,501.1262461318779,170.54166973363456,21539.91015625,32103500,15509500,141670100,7282150000
2025-09-05,151.13999938964844,491.8847961425781,166.9922637939453,21700.390625,157.13999938964844,508.7479993566889,169.0019244592772,21878.810546875,150.17999267578125,489.27134277765646,164.04275681292185,21534.720703125,157.1199951171875,505.86625611105876,168.00209055003162,21860.439453125,78256000,31994800,224441400,8413730000
2025-09-08,151.41000366210938,495.06463623046875,168.2820281982422,21798.69921875,152.63999938964844,498.04575600626316,170.93159698121408,21885.619140625,149.22000122070312,491.91457299081776,167.32219627229085,21776.240234375,151.8000030517578,494.97517595073856,167.5221599855096,21806.220703125,41849000,16771000,163769100,8435850000
2025-09-09,155.82000732421875,495.2733459472656,170.7316131591797,21879.490234375,156.66000366210938,499.08917592804124,170.95157781434446,21891.419921875,151.92999267578125,494.5678227014102,166.71229229208453,21731.48046875,151.99000549316406,498.27432917901325,169.0618925540675,21858.169921875,42802500,14410500,157548400,7877410000
2025-09-10,159.5399932861328,497.2209777832031,177.300537109375,21886.060546875,164.52999877929688,500.06299449245154,179.26020289704138,22000.970703125,158.0,493.5939546766565,175.44084555219968,21810.83984375,163.5399932861328,499.81456783685906,176.61064931709572,21980.599609375,52465300,21611800,226852000,9090550000
2025-09-11,155.6699981689453,497.8569641113281,177.1505584716797,22043.0703125,160.2100067138672,500.00337405269875,180.26021784214308,22059.7109375,154.99000549316406,494.7466575341409,176.4606317396978,21908.810546875,158.6199951171875,499.08915061774627,179.66027757334626,21977.51953125,48817700,18881600,151159300,10025020000
2025-09-12,158.57000732421875,506.6910095214844,177.80047607421875,22141.099609375,160.41000366210938,509.32432605160386,178.5803891806412,22182.33984375,154.9199981689453,500.67909648146514,176.43061617633268,22031.619140625,157.0,503.4614629424367,177.75047851465564,22078.630859375,42232800,23624900,124911000,9023140000
2025-09-15,161.16000366210938,512.1166381835938,177.73048400878906,22348.75,162.3000030517578,512.2259313574772,178.830369337568,22352.25,157.60000610351562,503.80926524972944,174.49083425075145,22233.0,160.00999450683594,505.58800862213144,175.65071055071581,22243.19921875,36808700,17143800,147061600,8904030000
2025-09-16,160.4600067138672,505.83642578125,174.86080932617188,22333.9609375,161.9499969482422,513.9748550906477,177.4805168617991,22397.5,159.22000122070312,505.3991924428879,174.36086420825131,22308.779296875,161.3699951171875,513.6270820344445,176.98057174387853,22397.5,27946500,19711900,140737800,8592240000
2025-09-17,159.16000366210938,506.81024169921875,170.27130126953125,22261.330078125,161.6300048828125,508.07226852063866,173.18098551277336,22339.5390625,155.75999450683594,502.74598524416496,168.39151800406466,22058.919921875,159.27999877929688,507.4064717390096,172.62104942275718,22333.01953125,41823800,15816600,211843800,9325980000
2025-09-18,157.9199981689453,505.2501525878906,176.2206573486328,22470.720703125,158.77000427246094,509.84107240669834,177.08056354559588,22540.9296875,149.85000610351562,504.4651158521554,172.94101865721873,22358.48046875,150.9600067138672,508.270998935228,173.96089569350613,22439.109375,84549500,18913700,191763300,10478450000
2025-09-19,157.38999938964844,514.67041015625,176.6505889892578,22631.48046875,159.83999633789062,516.0317832353262,178.06043774665943,22645.109375,155.89999389648438,507.09837133283605,175.16074718989944,22497.7109375,157.3800048828125,507.34679796260957,175.7506939671915,22554.310546875,55448100,52474100,237182100,14632360000
2025-09-22,159.7899932861328,511.21234130859375,183.58984375,22788.98046875,162.67999267578125,514.4816139887456,184.52974299714734,22801.900390625,157.4199981689453,509.31432785382,174.69082690233378,22590.859375,157.4199981689453,512.3451813197225,175.28075846993005,22606.58984375,46505500,20009300,269637000,9736270000
2025-09-23,160.89999389648438,506.0252685546875,178.410400390625,22573.470703125,163.38999938964844,511.35155218118825,182.3999677661597,22785.130859375,159.2100067138672,504.1173383670773,176.19065819152993,22539.0390625,160.52000427246094,510.5664850795932,181.95002022927713,22782.720703125,39448300,19799600,192559600,9822620000
2025-09-24,160.8800048828125,506.9394226074219,176.9505615234375,22497.859375,165.10000610351562,509.2547456727144,179.76025041106172,22657.44921875,158.42999267578125,503.72976965544393,175.38072666046574,22397.0,162.97999572753906,507.16798604562155,179.75025700209653,22656.01953125,38464100,13533700,143564100,9184030000
2025-09-25,161.27000427246094,503.8390808105469,177.67050170898438,22384.69921875,161.6300048828125,506.8003375404676,180.2402117285651,22456.779296875,154.77999877929688,501.8616142840625,173.11100459099512,22185.869140625,157.13999938964844,505.10107733704126,174.4608472798892,22318.76953125,36809900,15786500,191586700,9960330000
2025-09-26,159.4600067138672,508.2411804199219,178.17044067382812,22484.0703125,162.11000061035156,510.70558375978015,179.750269051669,22488.1796875,157.0500030517578,503.4316440082871,174.91078879333958,22285.439453125,160.52000427246094,506.849997214163,178.15043859744398,22403.26953125,30316900,16213100,148573700,8488400000
2025-09-29,161.36000061035156,511.36138916015625,181.83004760742188,22591.150390625,164.3000030517578,513.5972289973041,183.97980553666213,22704.900390625,159.89999389648438,505.67741655332713,180.30021674934378,22536.05078125,160.1199951171875,508.28092297827857,180.41019002973698,22605.30078125,39828800,17617800,193063500,9046720000
2025-09-30,161.7899932861328,514.6903686523438,186.55950927734375,22660.009765625,162.27999877929688,514.8990082310244,187.32942897828707,22671.390625,159.3300018310547,506.45253207823936,181.4600633204032,22493.9609375,160.7899932861328,510.0099885223437,182.06000352373024,22580.359375,29669300,19728200,236981000,8928070000
2025-10-01,164.00999450683594,516.4393310546875,187.21945190429688,22755.16015625,164.17999267578125,517.2342842847302,188.11934700723293,22782.580078125,160.49000549316406,508.4697839098333,183.87980694521147,22516.740234375,160.92999267578125,511.5601971915601,185.21967144700423,22530.94921875,39895200,22632300,173844900,10043980000
2025-10-02,169.72999572753906,512.4942626953125,188.8692626953125,22844.05078125,171.05999755859375,518.3173691617891,191.0290292282152,22900.599609375,166.1199951171875,507.4661094259624,188.03935198339767,22729.75,168.67999267578125,514.3823296081488,189.57919146332628,22885.900390625,55475200,21222900,136805800,9633200000
2025-10-03,164.6699981689453,514.0940551757812,187.59939575195312,22780.509765625,170.67999267578125,517.2143082734997,190.33910041164867,22925.4296875,163.13999938964844,511.75886906280147,185.35965145286306,22695.8203125,170.67999267578125,513.8456285403139,189.1692307003317,22886.16015625,42699100,15112300,137596900,10515730000
2025-10-06,203.7100067138672,525.2435302734375,185.51962280273438,22941.669921875,226.7100067138672,527.6880704621805,187.20943969833962,22991.720703125,203.00999450683594,514.9387971845453,183.3098739831843,22827.560546875,226.4499969482422,515.3461902238155,185.4796339074747,22894.349609375,248859600,21388600,157678100,10468830000
2025-10-07,211.50999450683594,520.682373046875,185.01968383789062,22788.359375,218.89999389648438,526.4657528279373,189.03924688644503,23006.0703125,209.27999877929688,518.1583800775612,183.97980469837793,22718.759765625,214.85000610351562,524.9652461341774,186.20955566811082,22972.369140625,115748100,14615200,140088000,10375920000
2025-10-08,235.55999755859375,521.546875,189.0892333984375,23043.380859375,235.8699951171875,523.6336952116123,189.57918508139647,23045.140625,210.6999969482422,519.7980023635643,186.51950830089396,22845.419921875,212.9499969482422,519.9868090400763,186.5495190429729,22852.3203125,159983500,13363400,130168900,10925520000
2025-10-09,232.88999938964844,519.1123657226562,192.54885864257812,23024.630859375,240.10000610351562,521.0302122328587,195.27855455286462,23062.619140625,229.52999877929688,514.1438325922749,191.039014711271,22899.16015625,236.3000030517578,519.0527457511332,192.20888438710807,23045.330078125,94290700,18343600,182997200,10713200000
2025-10-10,214.89999389648438,507.74432373046875,183.139892578125,22204.4296875,234.22000122070312,520.2849266906686,195.59851591827854,23119.91015625,213.1999969482422,506.42270727517143,182.03001384654092,22193.0703125,232.77000427246094,516.3697201998212,193.4887469873255,23043.51953125,118656600,24133800,268774400,11635030000
2025-10-13,216.4199981689453,510.81488037109375,188.29933166503906,22694.609375,224.19000244140625,513.1600134586593,190.08912842775598,22718.75,214.89999389648438,508.45980051307464,185.93959015922437,22499.490234375,220.1999969482422,513.1600134586593,187.9493639887039,22578.669921875,63104000,14284200,153482800,9018770000
2025-10-14,218.08999633789062,510.337890625,180.01022338867188,22521.69921875,224.97999572753906,512.0371506947121,184.77970370013514,22691.0703125,215.89999389648438,502.815524609146,179.6802578066599,22213.73046875,219.1999969482422,507.0189143190136,184.74970821605342,22388.0390625,71216300,14684300,205641400,9776720000
2025-10-15,238.60000610351562,510.1987609863281,179.8102569580078,22670.080078125,239.24000549316406,513.935107423202,184.84969686580231,22841.689453125,220.75999450683594,506.7903547024341,177.2705272995106,22427.7890625,222.7100067138672,511.71916116293283,184.77971248532194,22738.5,108481000,14694700,214450500,11374850000
2025-10-16,234.55999755859375,508.3902282714844,181.7900390625,22562.5390625,241.1999969482422,513.597241245564,183.2598789113643,22886.869140625,232.24000549316406,504.93214864922606,179.75026972003684,22404.689453125,236.2899932861328,509.3541552294708,182.20999112544493,22764.400390625,69726400,15559600,179723300,11343620000
2025-10-17,233.0800018310547,510.347900390625,183.19989013671875,22679.970703125,235.3800048828125,512.2359067167633,184.07979842608083,22736.009765625,227.91000366210938,504.1173400169688,179.7302697995737,22396.650390625,233.25999450683594,505.8364635131052,180.1602152773484,22489.810546875,55804200,19867800,173135200,9552150000
2025-10-20,240.55999755859375,513.53759765625,182.6199493408203,22990.5390625,242.8800048828125,515.4356111738924,185.1796658652692,23031.869140625,234.39999389648438,510.19875812962454,181.7100455780644,22841.0,236.47000122070312,511.37132460679527,183.10990104163824,22844.8203125,56741700,14665600,128544700,9440620000
2025-10-21,238.02999877929688,514.4021606445312,181.14010620117188,22953.669921875,242.25999450683594,515.4257076122852,182.76991679751694,23010.349609375,234.02000427246094,509.81124074780416,179.7802549646251,22894.419921875,239.38999938964844,514.2431942660954,182.76991679751694,22984.55078125,47122400,15586200,124240200,10845130000
2025-10-22,230.22999572753906,517.2640380859375,180.2602081298828,22740.400390625,240.1300048828125,521.9245247034462,183.4198648953589,22978.400390625,224.8800048828125,514.4518919333965,176.74059027394597,22514.080078125,236.85000610351562,517.8702452376143,181.12011433169937,22940.7890625,59668800,18962700,162249600,14361150000
2025-10-23,234.99000549316406,517.283935546875,182.13999938964844,22941.80078125,235.89999389648438,520.6526156742948,183.0098989665471,22983.4609375,228.5399932861328,515.3461954332505,179.7702492811968,22732.1796875,230.16000366210938,519.1720024577996,180.4001849787377,22751.330078125,39024400,14023500,111363700,10363600000
2025-10-24,252.9199981689453,520.314697265625,186.23953247070312,23204.869140625,253.38999938964844,522.0437370421222,187.44940625639555,23261.259765625,241.9499969482422,517.4329845218087,183.47984116964938,23127.9609375,243.36000061035156,519.499850577073,183.81980015643103,23143.23046875,71221100,15532400,131296700,10308620000
2025-10-27,259.6700134277344,528.1749877929688,191.46897888183594,23637.4609375,260.4200134277344,531.2157277722118,191.97891738858848,23658.66015625,249.8000030517578,525.6807743511338,188.4093020699799,23493.9609375,257.8800048828125,528.4333612309177,189.9691435897376,23537.3203125,65613100,18734700,153452700,10757830000
2025-10-28,258.010009765625,538.6585693359375,201.0079345703125,23827.490234375,264.5799865722656,550.2352153811122,203.12769700573313,23901.359375,257.0,537.366762825241,191.8889404255143,23675.189453125,259.1400146484375,546.5386557673307,193.0288146936141,23766.4609375,47448700,29986700,297986200,10640830000
2025-10-29,264.3299865722656,538.141845703125,207.01727294921875,23958.470703125,267.0799865722656,542.8321728172806,212.1667169482571,24019.990234375,257.3999938964844,533.3521721804118,204.7575264516481,23763.990234375,264.19000244140625,541.510525937623,207.95717223581016,23987.2890625,49335600,36023000,308829600,10089540000
2025-10-30,254.83999633789062,522.451171875,202.8677215576172,23581.140625,263.8800048828125,531.6031704966998,206.13736677538768,23846.130859375,252.30999755859375,518.8340654321457,201.38788833732997,23578.470703125,259.9200134277344,527.1414377363435,205.12746791137428,23793.080078125,45162500,41023100,178864400,10564160000
2025-10-31,256.1199951171875,514.5512084960938,202.4677734375,23724.9609375,262.1300048828125,525.9887810857076,207.94716749796044,23946.23046875,253.41000366210938,511.85824179468614,202.04782138155986,23628.8203125,259.6000061035156,525.5515477587454,206.42733011185774,23941.779296875,34449200,34006400,179802200,10909250000
2025-11-03,259.6499938964844,513.776123046875,206.85728454589844,23834.720703125,260.9100036621094,521.6562086548496,211.31678618801203,23976.83984375,253.88999938964844,511.3514766558802,205.53742218982754,23764.869140625,259.3299865722656,516.5385956979154,208.05714970598171,23951.91015625,36351400,22374700,180267300,10360170000
2025-11-04,250.0500030517578,511.0931701660156,198.66818237304688,23348.640625,257.3800048828125,512.3054631947169,203.9476013046771,23644.150390625,247.38999938964844,504.64399323613884,197.90825607143535,23333.3203125,250.35000610351562,508.53933673798264,202.9777066091775,23458.2109375,56491800,20958700,188919300,10227700000
2025-11-05,256.3299865722656,503.9682312011719,195.18858337402344,23499.80078125,259.6499938964844,511.58997398954807,202.89772869539195,23636.529296875,242.80999755859375,503.39186440425516,194.6286320152979,23286.869140625,243.24000549316406,510.0695738143288,198.7481902403631,23358.0703125,67366600,23024300,171350300,10026890000
2025-11-06,237.6999969482422,493.9715576171875,188.05935668945312,23053.990234375,253.50999450683594,502.51744045426454,197.59830279082226,23469.55078125,235.74000549316406,492.6896676102462,186.35954634625867,23011.060546875,253.47000122070312,502.47768369906356,196.39843756369172,23461.2890625,66049700,27406500,223029800,11085130000
2025-11-07,233.5399932861328,493.6933288574219,188.1293487548828,23004.5390625,235.8699951171875,496.2372153715257,188.29934352754728,23009.91015625,224.63999938964844,490.1457889557352,178.8903723972709,22563.419921875,230.94000244140625,493.8225155697467,184.87970536775757,22892.919921875,52162600,24019800,264942300,10141910000
2025-11-10,243.97999572753906,502.8155212402344,199.0281524658203,23527.169921875,248.89999389648438,503.6601778844964,199.91805415635875,23569.619140625,240.5,495.66082185127294,193.76872011438098,23290.05078125,242.13999938964844,496.8930386116327,195.08858253564551,23354.849609375,43361600,26101500,198897100,9297320000
2025-11-11,237.52000427246094,505.4786682128906,193.1387939453125,23468.30078125,248.4600067138672,506.39289163210333,195.3985402959953,23508.439453125,234.63999938964844,499.18851875070465,191.2789975702345,23315.279296875,241.66000366210938,501.6230817360039,195.13857433756354,23407.720703125,61336800,17980000,176483300,7756810000
2025-11-12,258.8900146484375,507.9232177734375,193.7787322998047,23406.4609375,263.510009765625,508.4498810705414,195.86849924763862,23564.08984375,250.0,495.9788447581273,191.1090271797132,23278.30078125,253.1300048828125,506.1543908722183,195.69851973704638,23563.83984375,108942000,26574900,154935300,8449920000
2025-11-13,247.9600067138672,500.1225891113281,186.8394775390625,22870.359375,259.6300048828125,510.26832472026865,191.4189763426968,23264.26953125,246.05999755859375,498.1351759673349,183.82981362374773,22796.0703125,251.89999389648438,507.098398329558,191.02901978717685,23262.640625,63178600,25273100,207423100,11351410000
2025-11-14,246.80999755859375,506.96923828125,190.1491241455078,22900.58984375,253.44000244140625,508.38031503091224,190.98902828114038,23073.1796875,235.0800018310547,494.30942559248354,180.56018045425046,22436.7890625,240.11000061035156,495.0944623167857,182.8399289693184,22544.720703125,47655600,28505700,186591900,10841540000
2025-11-17,240.52000427246094,504.296142578125,186.5795135498047,22708.0703125,248.77000427246094,508.8970088955905,188.9792438771453,23044.55078125,237.14999389648438,501.7323929449627,184.29976516169708,22559.509765625,242.75,505.2501227292945,185.9495778546046,22788.3203125,37942200,19092800,173628900,9744800000
2025-11-18,230.2899932861328,490.6824035644531,181.340087890625,22432.849609375,238.0,499.8145698875434,184.7797126313021,22643.009765625,224.7100067138672,483.71651040889276,179.6302689297591,22231.150390625,236.77999877929688,492.2524466910109,183.3598703733926,22565.900390625,45619900,33815100,213598900,8606260000
2025-11-19,223.5500030517578,484.0543518066406,186.49951171875,22564.23046875,235.27999877929688,492.0735713081103,187.8393608341106,22821.240234375,219.7100067138672,479.79134202204426,182.80991469001526,22385.220703125,230.25999450683594,487.0156083775533,184.76969080502667,22459.26953125,52093400,23245300,247246400,8434200000
2025-11-20,206.02000427246094,476.3088684082031,180.6201629638672,22078.05078125,234.25,491.3817596467919,195.97847686300787,23147.330078125,204.52999877929688,473.39186588492817,179.83025642841662,22043.19921875,232.6999969482422,490.5255566668064,195.92847930218133,23057.0,66342900,26802500,343504800,10548620000
2025-11-21,203.77999877929688,470.0268249511719,178.86036682128906,22273.080078125,208.8300018310547,476.796695003642,184.5397359279593,22531.83984375,195.0,466.19388806310616,172.91100782704066,21898.2890625,208.80999755859375,476.3785437287191,181.22010834266524,22162.830078125,67421100,31769200,346926200,9931240000
2025-11-24,215.0500030517578,471.8985290527344,182.52996826171875,22872.009765625,217.1300048828125,474.7856658755464,183.4798609481747,22916.400390625,205.85000610351562,465.9450303435204,176.4606271183833,22478.26953125,207.16000366210938,472.8940955697233,179.47030653663683,22482.16015625,46749600,34421000,256618300,9232160000
2025-11-25,206.1300048828125,474.8752136230469,177.80047607421875,23025.58984375,206.5800018310547,477.0256407210385,178.14043506786686,23070.08984375,194.27999877929688,462.82888433135173,169.53138015579162,22587.109375,201.47999572753906,471.9681767111092,174.89079203873564,22802.849609375,69773500,28019800,320600300,8498500000
2025-11-26,214.24000549316406,483.3475036621094,180.24020385742188,23214.689453125,215.58999633789062,486.14504291080743,182.8899220695924,23280.580078125,207.0,479.06658014921754,178.22043661727494,23074.390625,210.0500030517578,484.1539100429923,181.6100638206842,23163.189453125,43270200,25709100,183852000,7291400000
2025-11-28,217.52999877929688,489.82867431640625,176.98056030273438,23365.689453125,218.3000030517578,490.44592067381114,179.2703020816569,23365.7890625,214.02000427246094,484.49242217644115,176.48061521713345,23250.509765625,216.13999938964844,485.4382224868377,178.99033405428943,23291.58984375,18658000,14386700,121332800,4541070000
2025-12-01,219.75999450683594,484.5820007324219,179.90025329589844,23275.919921875,220.97999572753906,487.68816317334665,180.2802164760195,23363.849609375,213.5,482.5012705124726,173.66093259662904,23110.2109375,213.8800048828125,486.27447583839387,174.7408159055669,23172.33984375,30768700,23964000,188131000,7859560000
2025-12-02,215.24000549316406,487.82757568359375,181.44007873535156,23413.669921875,225.97999572753906,491.312058367048,185.63961443898967,23526.23046875,214.38999938964844,484.16389832530854,179.98023235974816,23286.4609375,221.7899932861328,484.56211884124775,181.7400335835938,23379.75,42002500,19562700,182632200,7588580000
2025-12-03,217.60000610351562,475.6119689941406,179.57028198242188,23454.08984375,218.1999969482422,482.09308589504883,182.4299686383783,23499.9296875,211.77000427246094,473.0931871020635,179.09033894604931,23271.830078125,216.25999450683594,474.2082166599713,181.06012391136443,23315.580078125,28545200,34615100,165138000,7962730000
2025-12-04,215.97999572753906,478.7081604003906,183.37008666992188,23505.140625,219.1199951171875,479.186043226252,184.51002440204854,23528.529296875,214.13999938964844,474.3774403367437,179.95027347354184,23372.330078125,216.8800048828125,477.6329620200481,181.61017209543593,23527.30078125,24478200,22318200,167364900,7456860000
2025-12-05,217.97000122070312,481.01788330078125,182.40013122558594,23578.130859375,223.63999938964844,481.2568095233099,184.6500094505641,23680.029296875,216.24000549316406,476.7568601661199,180.9002124089338,23506.0,217.1699981689453,480.3807061976695,183.88004685245298,23567.76953125,33292400,22608700,143971100,8248280000
2025-12-08,221.11000061035156,488.8430480957031,185.5399627685547,23545.900390625,223.7100067138672,490.11737199051475,187.98982714518382,23698.9296875,218.36000061035156,482.2325023858298,182.39012406320575,23455.05078125,219.08999633789062,482.74025101921535,182.6301165694494,23638.220703125,30943200,21965900,204378100,8533670000
2025-12-09,221.6199951171875,489.8385925292969,184.95999145507812,23576.490234375,224.83999633789062,489.93815525049575,185.70995086836587,23616.4609375,217.91000366210938,486.33420957194573,183.31008684903045,23449.73046875,221.0399932861328,486.93155551686203,185.54995586495326,23504.609375,25166100,14696100,144719700,7192600000
2025-12-10,221.4199981689453,476.4382629394531,183.77005004882812,23654.150390625,222.61000061035156,482.10303829287767,185.46995496958337,23704.080078125,218.6699981689453,472.973680864489,182.03013874897007,23435.169921875,222.0,481.88401246545567,184.9599880707457,23536.0,23279400,35756200,162785400,7987900000
2025-12-11,221.42999267578125,481.3265075683594,180.92019653320312,23593.859375,221.5,483.8751552220924,181.31019006496976,23606.69921875,210.19000244140625,473.750231167373,176.61043233199788,23308.94921875,217.80999755859375,474.51683677020293,180.27023782951787,23509.220703125,30694600,24669200,182136600,8337770000
2025-12-12,210.77999877929688,476.4084167480469,175.01052856445312,23195.169921875,222.49000549316406,480.31105063829824,182.81010931847595,23554.890625,209.05999755859375,474.22812377070755,174.61054106596097,23094.509765625,218.3699951171875,477.69270598810584,181.10019518559332,23488.869140625,37073900,21248100,204274900,8724070000
2025-12-15,207.5800018310547,472.7148742675781,176.28045654296875,23057.41015625,215.36000061035156,478.588710310573,178.4103461991077,23345.560546875,206.5800018310547,470.42505317808707,175.02053019793698,23012.0,212.27999877929688,477.97146396596463,177.93037643785232,23330.0390625,27222200,23727700,164775600,8649240000
2025-12-16,209.1699981689453,474.2779235839844,177.71038818359375,23111.4609375,210.22000122070312,475.7712732838117,178.48035080582065,23162.599609375,205.11000061035156,468.79234263095657,174.8905333961456,22920.66015625,206.9199981689453,469.8177748762136,176.25046044282257,22981.8203125,23467600,20705600,148588100,7759960000
2025-12-17,198.11000061035156,474.00909423828125,170.93075561523438,22693.3203125,211.5,477.8718969329872,176.12047730871902,23159.19921875,197.52999877929688,472.8940646732686,170.30078481189744,22692.0,210.0399932861328,474.79560024235434,176.0904801521757,23135.609375,31595400,24527200,222775500,8616140000
2025-12-18,201.05999755859375,481.8342590332031,174.1305694580078,23006.359375,206.36000061035156,487.4293375934554,176.14045512074784,23149.609375,200.5,475.7712630284666,171.8107030234881,22906.23046875,203.82000732421875,476.06992080908344,174.52054772862792,23012.060546875,29720100,28573500,176096000,7977920000
2025-12-19,213.42999267578125,483.7656555175781,180.98020935058594,23307.619140625,215.17999267578125,485.68709144559693,181.4401759084778,23307.91015625,204.1999969482422,480.35083955461556,176.3304518785618,23106.189453125,204.60000610351562,485.1992432324443,176.6604358481607,23121.900390625,58445500,70836100,324925900,12874560000
2025-12-22,214.9499969482422,482.7701110839844,183.6800537109375,23428.830078125,220.1699981689453,486.5632169440421,184.15002947616998,23476.5,213.30999755859375,480.5499868948874,182.34012994783166,23362.9296875,220.0,483.9647726311972,183.91003698180788,23450.529296875,24950700,16963000,129064400,7244910000
2025-12-23,214.89999389648438,484.6915588378906,189.19976806640625,23561.83984375,217.02999877929688,485.66719456773416,189.31975669034466,23563.4609375,212.27999877929688,482.5908977144131,182.89009670029142,23377.490234375,212.86000061035156,482.829854335465,182.96010023623109,23407.69921875,20272300,14683600,174873600,7518190000
2025-12-24,215.0399932861328,485.8563232421875,188.59979248046875,23613.310546875,216.5399932861328,486.99128356758627,188.899779295176,23621.720703125,213.97000122070312,482.680463867149,186.57989753660073,23527.970703125,214.97999572753906,483.5267014178325,187.92983057380172,23555.94921875,7956800,5855900,65528500,3885190000
2025-12-26,214.99000549316406,485.5477294921875,190.51968383789062,23593.099609375,216.8300018310547,485.95591540329985,192.67957056140054,23665.150390625,213.02999877929688,483.8054881161676,187.98982202804387,23567.859375,215.42999267578125,484.5521629916047,189.9097162518428,23645.91015625,15792600,8842200,139740300,5170300000
2025-12-29,215.61000061035156,484.9404296875,188.20980834960938,23474.349609375,216.0500030517578,486.1848877649252,188.749772392931,23531.01953125,209.24000549316406,482.0333622504328,185.8999358866866,23397.51953125,211.5800018310547,482.71034015280554,187.6998414610299,23414.6796875,20326900,10893400,120006100,6527530000
2025-12-30,215.33999633789062,485.3187561035156,187.52984619140625,23419.080078125,216.82000732421875,487.5089841188462,188.9797799436452,23521.05078125,214.3300018310547,483.3475235456682,186.91987858592935,23414.830078125,215.8699951171875,483.77560983811236,188.22982052336855,23465.669921875,16409600,13944500,97687300,6769300000
2025-12-31,214.16000366210938,481.4758605957031,186.4899139404297,23241.990234375,217.63999938964844,485.97584057107747,190.54969193131708,23445.259765625,213.8000030517578,481.15727202744546,186.47991997410415,23237.779296875,215.82000732421875,485.6771523949816,189.55975523635485,23420.849609375,17591600,15601600,120100500,5895130000
2026-01-02,223.47000122070312,470.84320068359375,188.83978271484375,23235.630859375,227.14999389648438,482.5112407273309,192.91954841717475,23585.9609375,218.89999389648438,468.07552715971417,188.24980305842183,23119.490234375,218.89999389648438,482.24244872265706,189.82971935613102,23481.490234375,36446200,25571600,148240500,7331460000
2026-01-05,221.0800018310547,470.75360107421875,188.1098175048828,23395.8203125,234.02000427246094,473.95932625248497,193.61952916959007,23476.509765625,220.47999572753906,467.41844739653146,186.13992286460274,23332.23046875,230.25,471.95822796941724,191.74961996436147,23449.669921875,31941100,25250300,183529700,8737320000
2026-01-06,214.35000610351562,476.3885192871094,187.22987365722656,23547.169921875,222.9199981689453,476.617480129593,192.15959956375178,23559.150390625,211.25,467.6673473241013,186.80989821500853,23389.5703125,222.7100067138672,471.69937935780575,190.50969495089785,23446.9609375,40033200,23037700,176862600,9012640000
2026-01-07,210.02000427246094,481.3265075683594,189.09976196289062,23584.279296875,212.1300048828125,487.5288974221053,191.35963411085106,23723.369140625,207.1699981689453,475.83099176167434,186.54989697142676,23504.2109375,212.1300048828125,477.63296458601815,188.55979791265688,23544.890625,29715500,25564200,153543200,8396920000
2026-01-08,204.67999267578125,475.9902648925781,185.0299835205078,23480.01953125,210.94000244140625,480.5201105081445,189.53974931649188,23558.169921875,203.3300018310547,473.7502403609407,183.70006889406122,23353.4609375,210.89999389648438,479.10639276886474,189.09977067708235,23548.880859375,27505000,18162600,172457000,7723140000
2026-01-09,203.1699981689453,477.15509033203125,184.84999084472656,23671.349609375,207.3000030517578,477.6927047258898,186.32990643372668,23721.150390625,203.07000732421875,470.106493184136,183.66005283935564,23426.48046875,205.72000122070312,471.9582322108041,185.06998015284367,23496.2109375,24217300,18491000,131327500,8124420000
2026-01-12,207.69000244140625,475.06439208984375,184.92999267578125,23733.900390625,209.8800048828125,478.85749783991434,187.10986736077922,23804.0390625,199.8000030517578,473.57104241242143,183.010098425574,23562.970703125,201.17999267578125,474.5566738594685,183.2100845491025,23576.880859375,27287300,23519900,137968500,8707170000
2026-01-13,220.97000122070312,468.5832824707031,185.79994201660156,23709.869140625,223.11000061035156,473.6706125344443,188.0998205983224,23813.30078125,214.97999572753906,463.88420753037366,183.3900687774691,23607.58984375,215.10000610351562,472.57548334410274,184.9899882929175,23735.119140625,56894900,28545800,160128900,9416400000
2026-01-14,223.60000610351562,457.3433532714844,183.1300811767578,23471.75,224.08999633789062,466.12425727832346,184.45001701406107,23590.19921875,215.11000061035156,455.14315976714454,180.79021156477043,23306.66015625,217.5399932861328,464.3919508718589,184.3100252062831,23563.919921875,40466500,28184300,159586100,12165220000
2026-01-15,227.9199981689453,454.6354064941406,187.03988647460938,23530.01953125,238.35000610351562,462.191752665677,189.6897370464893,23721.109375,227.22000122070312,453.8787662235596,186.31992419508657,23502.1796875,227.89999389648438,462.06232415810086,186.48991316970114,23693.970703125,55270200,23225800,206188600,9740630000
2026-01-16,231.8300018310547,457.8211975097656,186.21990966796875,23515.390625,234.49000549316406,461.13645097900303,190.4296883714215,23664.259765625,228.86000061035156,454.4562082505655,186.06992389502736,23446.810546875,234.3000030517578,455.8001987238622,189.06976141755646,23639.689453125,42545600,34246700,187967200,9514500000
2026-01-20,231.9199981689453,452.5048522949219,178.06036376953125,22954.3203125,239.5,454.77474258752966,182.37012791600927,23236.05078125,225.41000366210938,447.28809381488645,177.60038196777572,22916.830078125,226.0800018310547,449.2194951600843,181.89014292514364,23142.689453125,44327700,26130000,223345300,9469480000
2026-01-21,249.8000030517578,442.1409912109375,183.31008911132812,23224.8203125,252.89999389648438,450.6829681667298,185.3699752173061,23383.240234375,235.77999877929688,436.73507280530305,178.3903418724365,22927.880859375,235.99000549316406,450.5933708341933,179.04031586008543,23017.6796875,62385600,37980500,200381000,9162740000
2026-01-22,253.72999572753906,449.1398620605469,184.82998657226562,23436.01953125,256.0799865722656,450.8323067932568,186.15991637882954,23503.16015625,246.6300048828125,442.7284117030413,183.92003219020145,23335.150390625,251.75,445.6354487179439,184.7399951080077,23440.7109375,37945000,25349400,139636600,9034850000
2026-01-23,259.67999267578125,463.8841857910156,187.6598358154297,23501.240234375,266.9599914550781,469.01134678020316,189.58973923983262,23610.740234375,256.25,448.5325382185013,186.80989099781206,23374.259765625,261.17999267578125,449.8665935761158,187.48984685190618,23440.919921875,47525900,38000200,142748100,8228760000
2026-01-26,251.30999755859375,468.1949768066406,186.4599151611328,23601.359375,258.2900085449219,472.14737672642065,189.1097657209082,23688.939453125,250.3000030517578,459.9516880286902,185.97994539629804,23486.080078125,256.75,463.2470104625561,187.1498802806874,23529.279296875,30672500,29291200,124799600,7505250000
2026-01-27,252.02999877929688,478.4493408203125,188.50979614257812,23817.099609375,255.5500030517578,480.72919663912324,189.9897117301412,23865.259765625,247.9600067138672,471.06225431764057,185.6899415183402,23694.380859375,252.16000366210938,471.59986874099184,187.22986667366473,23734.75,25691600,29213900,143711600,8026050000
2026-01-28,252.74000549316406,479.4946594238281,191.5096435546875,23857.44921875,257.3999938964844,481.59528998521284,192.33960048487265,23988.26953125,250.2100067138672,475.8807484603396,189.82972650403363,23775.490234375,254.1300048828125,481.0676409982362,191.25965707901594,23965.109375,27061200,36875400,148552700,8151580000
2026-01-29,252.17999267578125,431.57806396484375,192.49957275390625,23685.119140625,260.5299987792969,440.5381621786467,193.46952146246272,23840.55078125,240.91000366210938,419.1533835040837,186.04992498376654,23232.779296875,254.66000366210938,438.0392806211351,191.32963792417547,23830.919921875,31685200,128855300,171764400,8782210000
2026-01-30,236.72999572753906,428.3822937011719,191.11965942382812,23461.8203125,245.24000549316406,437.65101486434605,194.47947816452233,23662.25,234.5500030517578,424.55932220203715,189.45974561417185,23351.55078125,236.92999267578125,437.2229285851671,191.19965692455457,23578.9609375,40035700,58566800,179489500,9255930000
2026-02-02,246.27000427246094,421.49298095703125,185.59996032714844,23592.109375,249.97000122070312,428.8303011436502,190.2897090701948,23686.830078125,235.0,420.37795134689077,184.87000408758857,23356.400390625,235.77000427246094,428.33251789753194,187.1898706566695,23370.5390625,36308100,42219900,165794100,8882530000
2026-02-03,242.11000061035156,409.3868713378906,180.33023071289062,23255.189453125,252.64999389648438,420.178808008447,186.25991753048794,23691.599609375,237.0399932861328,406.7486263222299,176.22045266395375,23027.2109375,251.5500030517578,420.1390072256922,186.22992037566058,23667.439453125,53097100,61424100,204019600,10306320000
2026-02-04,200.19000244140625,412.35369873046875,174.18057250976562,22904.580078125,218.5800018310547,417.93881231579195,179.57028010697434,23270.0703125,199.14999389648438,407.4256323109538,171.90069716024271,22684.509765625,215.0,409.17783910585314,179.45029148582987,23217.01953125,107173300,45012400,207014100,10862000000
2026-02-05,192.5,391.9246520996094,171.87069702148438,22540.58984375,204.0399932861328,406.4897635323938,176.81043194569037,22841.279296875,190.72000122070312,390.5806313349955,171.020736948564,22461.140625,201.86000061035156,405.6335909812077,174.92051964769362,22604.01953125,62196400,66289200,206312900,10109230000
2026-02-06,208.44000244140625,399.3615417480469,185.39996337890625,23031.2109375,209.27000427246094,400.0086538663787,186.98987361565233,23088.4609375,196.42999267578125,391.17798428483076,174.59055120100808,22586.400390625,197.1300048828125,397.4002746193236,176.6804343618602,22625.30078125,54504500,53515300,231346200,9054400000
2026-02-09,216.0,411.76629638671875,190.0297088623047,23238.669921875,217.60000610351562,413.05058563481117,193.64952333361757,23314.669921875,204.14999389648438,399.0927243377603,183.9400420976916,22878.369140625,206.89999389648438,403.0550898097971,184.25002288009932,22952.240234375,38810800,45480500,196387400,8174050000
2026-02-10,213.57000732421875,411.437744140625,188.52978515625,23102.470703125,219.38999938964844,421.80159473973595,192.46957427391544,23310.73046875,213.1300048828125,410.8702943432265,188.10980972728564,23089.099609375,215.13999938964844,417.75959730190846,191.36964298604585,23271.220703125,25326700,44857900,136764800,8513440000
2026-02-11,213.5800018310547,402.5771789550781,190.0397186279297,23066.470703125,219.64999389648438,414.61357304478975,193.24953637655122,23320.619140625,209.2100067138672,399.2320904458023,188.75978911487715,22902.009765625,217.8800048828125,414.33481566901673,192.43958265041238,23278.2890625,33384700,42491000,144192700,9927010000
2026-02-12,205.94000244140625,400.05841064453125,186.9298858642578,22597.150390625,218.4600067138672,404.3990960787573,193.5995230748733,23161.599609375,205.13999938964844,396.24540458526855,186.49990120030046,22548.01953125,215.8300018310547,403.20440420967,193.01955263160718,23142.869140625,32181000,40802400,189932500,8855290000
2026-02-13,207.32000732421875,399.5407409667969,182.80010986328125,22546.669921875,210.0500030517578,403.7420326637702,187.4898586352177,22742.060546875,203.8800048828125,396.2852191820681,181.58017462912434,22402.380859375,204.02000427246094,402.65686886295305,187.4698554447334,22561.4609375,26123900,34091600,161888000,7964830000
2026-02-17,203.0800018310547,395.1004943847656,184.95999145507812,22578.380859375,205.3000030517578,398.7442713079252,187.13986615921206,22690.830078125,194.8300018310547,392.78083787972264,179.17029624003743,22256.759765625,202.14999389648438,397.45004705087115,181.74016448672575,22394.759765625,33712100,32078800,162276900,7654300000
2026-02-18,200.1199951171875,397.8283386230469,187.96981811523438,22753.630859375,203.1999969482422,400.77520665339193,190.3596881055438,22895.9609375,195.0,394.56288205367116,186.7498829478333,22597.76953125,198.41000366210938,396.3648548030424,188.73978069812654,22629.849609375,35664100,23223400,164749100,7705590000
2026-02-19,203.3699951171875,397.5988464355469,187.88983154296875,22682.73046875,204.10000610351562,403.55594539020564,188.41980165789556,22768.830078125,198.2899932861328,395.8127368785549,185.64996245587088,22583.609375,200.11000061035156,399.82403795970674,187.04988063530703,22639.880859375,25842300,28234000,126554500,6984780000
2026-02-20,200.14999389648438,396.37152099609375,189.8097381591797,22886.0703125,204.8699951171875,399.2552593187824,190.31970507557438,22948.869140625,198.55999755859375,394.3059873534157,185.92994318264132,22539.05078125,200.1199951171875,395.2539159508346,186.5599139825128,22542.279296875,36317300,34015200,178422300,8063070000
2026-02-23,196.60000610351562,383.6390686035156,191.53964233398438,22627.26953125,199.3800048828125,394.50551684604494,193.93950641757905,22893.220703125,194.14999389648438,382.27203437696886,189.56974766836524,22547.119140625,198.08999633789062,394.14630950985264,191.3896412925324,22840.970703125,28187900,43238300,171584800,8263920000
2026-02-24,213.83999633789062,388.1593017578125,192.83956909179688,22863.6796875,216.7100067138672,388.5185091169527,193.75951747058733,22895.48046875,206.5,380.88504821898124,187.38985183856119,22528.259765625,211.6300048828125,383.30981969967445,191.47964208446245,22641.599609375,81367000,33884700,175123600,7932270000
2026-02-25,210.86000061035156,399.7342224121094,195.54940795898438,23152.080078125,216.6999969482422,400.60233728073825,197.61930319203404,23169.6796875,210.3300018310547,389.31678308531696,193.77949953248776,23004.689453125,214.82000732421875,389.68597856263057,194.43946745531196,23005.009765625,44588100,43625500,250637100,8427450000
2026-02-26,203.67999267578125,400.851806640625,184.87998962402344,22878.380859375,209.7899932861328,406.6093255926281,194.27947461393586,23109.4609375,201.4600067138672,397.8782360341113,184.31002841741252,22670.80078125,208.8000030517578,403.8353349281015,194.25948668244985,23100.580078125,35020500,34405900,360807900,9033470000
2026-02-27,200.2100067138672,391.8912048339844,177.180419921875,22668.2109375,201.88999938964844,395.9624042352165,182.5801217841234,22735.779296875,197.74000549316406,389.0374004516944,176.3704661683341,22538.30078125,200.11000061035156,390.03523926255787,181.2401979138715,22615.4296875,31312400,51367200,311636500,9552610000
2026-03-02,198.6199951171875,397.6886291503906,182.47012329101562,22748.859375,198.74000549316406,400.32293811697235,183.45008125730604,22802.80078125,190.0,389.78576315389057,174.63055110847353,22306.080078125,193.85000610351562,392.01092411942045,175.00052620838028,22322.119140625,34120200,35474900,209095300,8303030000
2026-03-03,190.9499969482422,403.0570068359375,180.04025268554688,22516.689453125,193.63999938964844,405.82103971635513,180.8901975001603,22601.58984375,188.22000122070312,391.82136299902305,176.91041730394699,22124.779296875,191.4600067138672,392.2903484387299,178.4803396065267,22292.369140625,37785700,38199200,178099400,9705500000
2026-03-04,202.07000732421875,404.32427978515625,183.03009033203125,22807.48046875,202.44000244140625,410.14166638677375,184.69000418349444,22891.880859375,189.86000061035156,399.44483360720756,180.0502558302461,22570.669921875,192.1199951171875,400.4027502952161,180.4302401537762,22620.890625,40912600,35808000,177731200,10918410000
2026-03-05,199.4499969482422,409.79241943359375,183.330078125,22748.990234375,203.7899932861328,410.72040218284053,184.05004039552568,22877.01953125,194.8800048828125,403.525993165685,177.87038204113773,22500.2890625,197.77000427246094,403.54596943015656,181.1601973472636,22707.470703125,36000700,39001300,198779700,10994660000
2026-03-06,192.42999267578125,408.0761413574219,177.8103790283203,22387.6796875,200.24000549316406,412.1572983375802,182.7500987288974,22614.41015625,191.25,407.6271321747383,176.81043317462274,22328.130859375,195.27000427246094,408.31564337314285,179.83025866705609,22421.169921875,33913800,31123900,189021900,9300220000
2026-03-09,202.67999267578125,408.5251770019531,182.64010620117188,22695.94921875,202.97000122070312,409.3234358422322,182.90010189125664,22741.029296875,189.02000427246094,402.62794618065146,175.55049367782217,22061.970703125,189.36000061035156,404.044890641513,176.82042919903367,22184.05078125,38877200,30131900,177213600,9797740000
2026-03-10,203.22999572753906,404.8830871582031,184.760009765625,22697.099609375,206.58999633789062,409.31349393117443,186.42991760168223,22906.720703125,202.1999969482422,402.05918625996463,182.00014929336922,22608.23046875,202.50999450683594,409.1438479339772,182.39012758732315,22722.939453125,29139200,31706400,179118500,8800580000
2026-03-11,204.8300018310547,404.0049743652344,186.02999877929688,22716.130859375,209.2100067138672,408.1260534422115,187.6199951171875,22877.7109375,203.6300048828125,400.7220762180728,184.4499969482422,22602.330078125,205.11000061035156,404.6934855668013,185.91000366210938,22771.26953125,23076400,25512100,145280400,8348570000
2026-03-12,197.74000549316406,400.9914855957031,183.13999938964844,22311.98046875,203.6199951171875,405.2422886286942,184.94000244140625,22550.75,196.6699981689453,400.84181586601125,181.75,22290.48046875,202.8300018310547,403.7555185610488,184.0500030517578,22526.58984375,28886900,27263900,155762700,8490850000
2026-03-13,193.38999938964844,394.69512939453125,180.25,22105.359375,199.67999267578125,403.9251383935716,186.08999633789062,22521.380859375,192.27000427246094,393.3979511212616,179.94000244140625,22069.240234375,198.11000061035156,400.13336309353434,184.9199981689453,22425.69921875,27561900,26848000,160988400,8278740000
2026-03-16,196.5800018310547,399.08563232421875,183.22000122070312,22374.1796875,200.1699981689453,399.7641553863696,188.8800048828125,22521.58984375,194.8000030517578,393.9367805641587,181.41000366210938,22316.630859375,194.97999572753906,397.209690545171,182.97000122070312,22340.390625,30285200,27733700,217307400,8208800000
2026-03-17,196.30999755859375,398.5467834472656,181.92999267578125,22479.529296875,199.2100067138672,403.5259891234105,185.39999389648438,22569.640625,195.25999450683594,396.8903674487218,181.67999267578125,22409.0703125,196.67999267578125,399.4049101655112,185.05999755859375,22458.029296875,22779700,26228300,182497800,8505210000
2026-03-18,199.4600067138672,390.9432678222656,180.39999389648438,22152.419921875,202.86000061035156,397.13983817793417,183.3800048828125,22461.759765625,195.75,390.1549666521916,180.3300018310547,22144.759765625,196.0,396.271723303423,182.47999572753906,22421.9609375,28569100,25908500,156683100,9325170000
2026-03-19,205.27000427246094,388.1792297363281,178.55999755859375,22090.689453125,205.8800048828125,391.6417315076428,179.97999572753906,22187.060546875,192.8300018310547,386.2234742615233,175.7899932861328,21851.05078125,195.02999877929688,389.2569126674818,178.00999450683594,21871.0390625,32245300,25138800,170968500,8547870000
2026-03-20,201.3300018310547,381.0447082519531,172.6999969482422,21647.609375,206.3000030517578,386.16362631018524,178.25999450683594,21997.08984375,198.25999450683594,379.29849030352204,171.72000122070312,21522.75,204.88999938964844,385.95408868282834,178.0,21989.330078125,37265100,50853200,241323500,11743490000
2026-03-23,202.67999267578125,382.1722717285156,175.63999938964844,21946.759765625,209.11000061035156,386.3731646745857,178.3699951171875,22189.33984375,201.7100067138672,380.85511716508233,174.75999450683594,21865.80078125,206.39999389648438,383.07032058481127,177.25999450683594,21995.779296875,31857800,29680100,182836300,8895880000
2026-03-24,205.3699951171875,371.9344177246094,175.1999969482422,21761.890625,206.42999267578125,381.6434000325674,176.22000122070312,21916.16015625,200.1300048828125,371.04635704379217,173.97999572753906,21712.0390625,201.38999938964844,381.53362193174286,174.8300018310547,21807.599609375,27258800,42733600,147667800,8488380000
2026-03-25,220.27000427246094,370.2381286621094,178.67999267578125,21929.8203125,221.3300018310547,376.2451074667104,181.22000122070312,22093.1796875,211.50999450683594,368.831172255135,176.85000610351562,21865.4609375,211.50999450683594,376.10542586510894,177.10000610351562,22006.4296875,48518300,31181200,162602100,8056920000
2026-03-26,203.77000427246094,365.1790771484375,171.24000549316406,21408.080078125,221.0,373.9101668945663,176.50999450683594,21823.580078125,203.42999267578125,364.4007640805619,171.13999938964844,21395.76953125,217.97999572753906,370.01860155518807,176.07000732421875,21693.1796875,49213000,36836600,186152200,7726590000
2026-03-27,201.99000549316406,355.9989318847656,167.52000427246094,20948.359375,203.27000427246094,361.6666793192034,170.97000122070312,21293.5,197.69000244140625,355.73951450811694,167.00999450683594,20909.9296875,201.77000427246094,361.11784971721505,170.0,21287.189453125,29206600,37883400,196212700,8713310000
2026-03-30,196.0399932861328,358.1842041015625,165.1699981689453,20794.640625,208.42999267578125,364.5703662773937,169.4499969482422,21139.720703125,192.8699951171875,355.51000344849933,164.27000427246094,20690.25,204.9499969482422,361.1178525849577,168.77999877929688,21096.240234375,41053300,44797000,185627000,9234380000
2026-03-31,203.42999267578125,369.3699951171875,174.39999389648438,21590.630859375,204.0,372.09407550142714,174.6199951171875,21642.619140625,196.41000366210938,362.28533367877645,166.9600067138672,21063.380859375,198.0500030517578,363.7621155862403,166.97000122070312,21064.330078125,42318700,45244400,226181300,10645070000
2026-04-01,210.2100067138672,368.57171630859375,175.75,21840.94921875,213.8300018310547,373.1817267376728,177.3699951171875,21983.0703125,205.83999633789062,367.4042619540212,174.75,21723.720703125,207.58999633789062,372.682807332766,176.0,21742.7890625,40835800,29417200,168132000,8801740000
2026-04-02,217.5,372.6528625488281,177.38999938964844,21879.1796875,217.77999877929688,372.83249667260446,177.49000549316406,21906.48046875,200.6199951171875,363.3629859357669,171.3699951171875,21371.3203125,204.0500030517578,366.41637016886637,172.17999267578125,21472.51953125,38463500,24099100,143143200,8134780000
2026-04-06,220.17999267578125,372.0741271972656,177.63999938964844,21996.33984375,226.30999755859375,372.92229624611906,177.7899932861328,22052.41015625,217.72999572753906,368.70142726638517,175.75999450683594,21864.5,219.27999877929688,372.682794233078,177.16000366210938,21939.80078125,30786400,16146600,107564300,7907270000
2026-04-07,221.52999877929688,371.48541259765625,178.10000610351562,22017.849609375,222.10000610351562,371.64507045865594,178.22999572753906,22024.900390625,215.3800048828125,365.7677853538718,173.66000366210938,21611.0,218.25999450683594,369.5396147715723,175.72999572753906,21927.08984375,26483000,21443300,132534900,10796020000
2026-04-08,231.82000732421875,373.52099609375,182.0800018310547,22634.990234375,234.0,384.167949815935,185.25999450683594,22821.2109375,227.08999633789062,370.6073237610428,180.3000030517578,22501.279296875,232.1199951171875,384.148004001906,184.5,22821.2109375,35496400,33064800,147732700,10411670000
2026-04-09,236.63999938964844,372.26373291015625,183.91000366210938,22822.419921875,237.10000610351562,372.6927962909368,184.0800018310547,22836.75,230.91000366210938,366.2567237727329,180.6199951171875,22529.2109375,233.00999450683594,371.6949574789129,181.83999633789062,22646.349609375,27126200,30435300,116428500,8662470000
2026-04-10,245.0399932861328,370.0684814453125,188.6300048828125,22902.890625,249.5800018310547,374.8281921461914,190.0,23011.76953125,238.9600067138672,369.23030048358606,184.3000030517578,22845.05078125,239.0,372.17393720824543,184.30999755859375,22913.91015625,36477200,28111100,160459500,8700640000
2026-04-13,246.8300018310547,383.539306640625,189.30999755859375,23183.740234375,247.3300018310547,383.70895264062807,189.66000366210938,23187.9609375,242.02999877929688,370.2181521550117,185.74000549316406,22795.8203125,245.02999877929688,372.8025510733858,186.02999877929688,22849.23046875,22781800,35745800,133648200,7925320000
2026-04-14,255.07000732421875,392.2604064941406,196.50999450683594,23639.080078125,255.4600067138672,393.83700889302276,196.50999450683594,23639.080078125,245.6999969482422,385.684652281273,190.77000427246094,23331.5,249.7899932861328,387.0816509997633,190.83999633789062,23331.5,25733200,37504500,161307000,9105660000
2026-04-15,258.1199951171875,410.3312683105469,198.8699951171875,24016.01953125,258.17999267578125,413.47445440771634,200.39999389648438,24026.560546875,251.85000610351562,395.8725939925935,195.74000549316406,23672.259765625,254.9600067138672,397.1398382929036,196.5399932861328,23688.119140625,24695200,45063400,185338400,10206480000
2026-04-16,278.260009765625,419.35174560546875,198.35000610351562,24102.69921875,279.3399963378906,419.9105328997013,199.85000610351562,24156.1796875,261.510009765625,411.2492993874727,195.80999755859375,23894.91015625,264.989990234375,418.95258572248235,197.42999267578125,24062.44921875,64850800,41642400,134012900,9963610000
2026-04-17,278.3900146484375,421.87628173828125,201.67999267578125,24468.48046875,281.04998779296875,430.64726300981,201.6999969482422,24519.509765625,274.1400146484375,419.78081413338697,199.27000427246094,24286.470703125,281.0,423.9018933176335,199.89999389648438,24338.009765625,35519900,48568200,160324400,10159120000
2026-04-20,274.95001220703125,417.1664733886719,202.05999755859375,24404.390625,287.6099853515625,422.4150847565369,202.1699981689453,24435.919921875,272.0,415.40027922801784,197.83999633789062,24221.529296875,280.6000061035156,420.2398034863272,199.97999572753906,24417.529296875,34833900,27582200,119381400,8379940000
2026-04-21,284.489990234375,423.2433166503906,199.8800048828125,24259.9609375,286.20001220703125,426.25677891783357,202.75,24537.580078125,276.6199951171875,416.2983670043314,199.0,24198.990234375,277.3299865722656,419.33177508554746,202.1300048828125,24465.33984375,38950900,32048500,107945300,9309940000
2026-04-22,303.4599914550781,431.984375,202.5,24657.5703125,304.25,432.7626880248645,202.5,24660.109375,286.1400146484375,422.7543663498755,199.0,24421.400390625,291.2200012207031,425.2689090952171,200.99000549316406,24462.310546875,49054200,29378200,107501000,8080930000
2026-04-23,305.3299865722656,414.8514709472656,199.63999938964844,24438.5,310.2200012207031,422.7443793162959,203.8300018310547,24664.869140625,299.760009765625,410.5208543154444,197.22000122070312,24209.740234375,302.010009765625,418.9825380949446,202.4600067138672,24553.75,45619700,38308000,113561800,7956600000
2026-04-24,347.80999755859375,423.7023010253906,208.27000427246094,24836.599609375,352.989990234375,424.0316048781353,210.9499969482422,24854.0390625,334.5400085449219,414.9013556123021,199.80999755859375,24524.369140625,336.760009765625,416.0688403922519,199.9600067138672,24616.560546875,81616700,27457400,214134400,10203070000
2026-04-27,334.6300048828125,423.9018859863281,216.61000061035156,24887.099609375,349.2099914550781,426.1869149113369,216.8300018310547,24899.369140625,328.80999755859375,416.1686352924954,207.3800048828125,24694.8203125,346.32000732421875,421.46715688013995,209.64999389648438,24799.640625,50585300,30867300,187172400,8126500000
2026-04-28,323.2099914550781,428.3222961425781,213.1699981689453,24663.80078125,327.5,428.99086152362304,214.72999572753906,24724.69921875,310.0,420.9881750222059,208.1999969482422,24524.23046875,311.8599853515625,423.6524179624475,209.49000549316406,24609.5703125,43002500,30438100,180275400,7441950000
2026-04-29,337.1099853515625,423.5426330566406,209.25,24673.240234375,340.1700134277344,425.8975483734993,212.72000122070312,24724.109375,318.8599853515625,419.38166246548025,207.5800018310547,24532.69921875,326.5799865722656,423.6623688360089,212.6999969482422,24606.529296875,44704400,38288300,123711800,8147470000
2026-04-30,354.489990234375,406.8987121582031,199.57000732421875,24892.310546875,354.9599914550781,413.5243765293071,210.3000030517578,24935.599609375,332.6000061035156,397.1498378648014,198.6999969482422,24491.830078125,341.3599853515625,409.92216255995794,209.92999267578125,24859.939453125,42115300,70909400,225239200,8139190000
2026-05-01,360.5400085449219,413.5443115234375,198.4499969482422,25114.439453125,362.7900085449219,416.2085240460113,203.0,25223.119140625,349.25,409.5529563541748,197.1199951171875,24967.08984375,351.8699951171875,411.9078412872606,201.27999877929688,24977.7890625,34279200,31372400,128647000,7534290000
2026-05-04,341.5400085449219,412.72607421875,198.47999572753906,25067.80078125,361.8500061035156,419.87060358807366,201.72999572753906,25210.470703125,338.70001220703125,409.91216153093814,194.74000549316406,24913.119140625,360.30999755859375,410.6505829404435,199.5,25112.1796875,42000200,28066500,125368100,7849180000
2026-05-05,355.260009765625,410.4909362792969,196.5,25326.130859375,359.57000732421875,415.8792597859335,200.24000549316406,25361.05078125,344.8800048828125,407.916495085617,196.02999877929688,25217.16015625,351.510009765625,414.42242364358015,199.3000030517578,25258.880859375,64235100,25700900,113406600,8090030000
2026-05-06,421.3900146484375,413.0653381347656,207.8300018310547,25838.939453125,430.6000061035156,417.51572107575487,208.27000427246094,25850.189453125,402.0400085449219,404.23445872829495,198.61000061035156,25464.439453125,409.489990234375,407.11822745622237,199.88999938964844,25495.169921875,87732200,30285900,188362800,8864150000
2026-05-07,408.4599914550781,419.8606262207031,211.5,25806.19921875,421.7099914550781,427.05506598481406,214.1999969482422,26036.380859375,401.0799865722656,417.8549909144547,206.5,25713.650390625,417.07000732421875,419.2020489501835,208.33999633789062,25881.30078125,44885500,34942400,168307900,9118880000
2026-05-08,455.19000244140625,414.22283935546875,215.1999969482422,26247.080078125,456.2900085449219,417.7252633012779,217.8000030517578,26248.619140625,418.2900085449219,413.105264767488,212.88999938964844,25944.779296875,418.5899963378906,416.48795292910256,213.02999877929688,25958.119140625,58134900,33383800,136421400,9577150000
2026-05-11,458.7900085449219,411.7681579589844,219.44000244140625,26274.130859375,469.2200012207031,411.79809190456297,222.3000030517578,26359.310546875,450.8800048828125,404.6236285818644,213.88999938964844,26129.830078125,460.54998779296875,406.9885016374445,214.0399932861328,26135.630859375,46085400,35657900,160685800,11989910000
2026-05-12,448.2900085449219,406.8887023925781,220.77999877929688,26088.19921875,458.79998779296875,414.6020070114768,223.75,26190.48046875,426.1099853515625,405.76117016707224,214.9199981689453,25739.220703125,449.25,413.58422243338293,218.5500030517578,26087.009765625,39140100,38594200,159176600,9631840000
2026-05-13,445.5,404.3342590332031,225.8300018310547,26402.33984375,459.5,405.4318878236479,227.83999633789062,26474.1796875,432.6499938964844,400.1633000811369,221.57000732421875,25990.16015625,457.0400085449219,402.3286237155428,224.92999267578125,26147.650390625,30423400,29667100,150405400,9734720000
2026-05-14,449.70001220703125,408.5451354980469,235.74000549316406,26635.220703125,453.30999755859375,410.94993067744383,236.5399932861328,26707.140625,435.67999267578125,400.013625877668,229.3000030517578,26423.2109375,440.6000061035156,403.6058516736889,229.85000610351562,26425.470703125,26113600,27077500,180782900,9860060000
2026-05-15,424.1000061035156,421.0081481933594,225.32000732421875,26225.140625,439.0,427.24464052002446,231.5,26460.759765625,423.3599853515625,412.01761111071977,224.24000549316406,26097.5390625,433.3399963378906,413.3746572242232,229.75999450683594,26288.919921875,29131600,50771200,180977600,9584430000
2026-05-18,420.989990234375,422.6246643066406,222.32000732421875,26090.73046875,438.79998779296875,424.2012362508279,230.0,26310.83984375,410.7099914550781,414.7117792841577,218.3699951171875,25867.30078125,429.5,415.71960624154525,229.8699951171875,26289.490234375,28432100,32564100,146280900,10327940000
2026-05-19,414.04998779296875,416.51788330078125,220.61000061035156,25870.7109375,428.75,431.7648588737268,224.47999572753906,26050.2890625,393.3599853515625,415.58987007798993,217.91000366210938,25701.439453125,412.6000061035156,428.9708919761278,219.6199951171875,25923.490234375,38756900,33018700,140948200,9895620000
2026-05-20,447.5799865722656,420.1499938964844,223.47000122070312,26270.359375,449.3900146484375,421.18775475321456,226.1300048828125,26273.759765625,426.04998779296875,410.4110776678385,220.5,25928.330078125,428.0400085449219,413.2749005432513,223.17999267578125,25991.509765625,36137500,27864000,184201600,9268370000
2026-05-21,449.5899963378906,419.0899963378906,219.50999450683594,26293.099609375,451.20001220703125,426.3399963378906,227.39999389648438,26403.5703125,431.6000061035156,415.7099914550781,217.92999267578125,26039.369140625,441.989990234375,424.75,222.2899932861328,26143.619140625,27252000,31393500,203381800,8627780000
2026-05-22,467.510009765625,418.57000732421875,215.3300018310547,26343.970703125,481.4100036621094,424.3999938964844,221.00999450683594,26504.55078125,461.7099914550781,416.3299865722656,214.8000030517578,26309.80078125,469.8399963378906,419.5400085449219,220.89999389648438,26381.560546875,34661300,22341900,168346300,9265090000
